-- phpMyAdmin SQL Dump
-- version 3.5.3
-- http://www.phpmyadmin.net
--
-- Client: localhost
-- Généré le: Dim 23 Décembre 2012 à 22:56
-- Version du serveur: 5.1.66-cll
-- Version de PHP: 5.2.17

SET SQL_MODE="NO_AUTO_VALUE_ON_ZERO";
SET time_zone = "+00:00";


/*!40101 SET @OLD_CHARACTER_SET_CLIENT=@@CHARACTER_SET_CLIENT */;
/*!40101 SET @OLD_CHARACTER_SET_RESULTS=@@CHARACTER_SET_RESULTS */;
/*!40101 SET @OLD_COLLATION_CONNECTION=@@COLLATION_CONNECTION */;
/*!40101 SET NAMES utf8 */;

--
-- Base de données: `a23app_pagoda`
--

-- --------------------------------------------------------

--
-- Structure de la table `chuagiacquang_album`
--

CREATE TABLE IF NOT EXISTS `chuagiacquang_album` (
  `id` int(11) NOT NULL AUTO_INCREMENT,
  `name` varchar(125) COLLATE utf8_unicode_ci NOT NULL,
  `time` timestamp NOT NULL DEFAULT CURRENT_TIMESTAMP ON UPDATE CURRENT_TIMESTAMP,
  `url` varchar(256) COLLATE utf8_unicode_ci NOT NULL,
  `note` varchar(125) COLLATE utf8_unicode_ci NOT NULL,
  PRIMARY KEY (`id`)
) ENGINE=InnoDB  DEFAULT CHARSET=utf8 COLLATE=utf8_unicode_ci AUTO_INCREMENT=10 ;

--
-- Contenu de la table `chuagiacquang_album`
--

INSERT INTO `chuagiacquang_album` (`id`, `name`, `time`, `url`, `note`) VALUES
(1, 'Hoạt động 2008', '2012-11-19 13:52:51', 'host=picasaweb.google.com&hl=vi&feat=flashalbum&RGB=0x000000&feed=https%3A%2F%2Fpicasaweb.google.com%2Fdata%2Ffeed%2Fapi%2Fuser%2F118050328896123458061%2Falbumid%2F5813085540918782561%3Falt%3Drss%26kind%3Dphoto%26hl%3Dvi', ''),
(2, 'Hoạt động 2009', '2012-11-19 13:54:34', 'host=picasaweb.google.com&hl=vi&feat=flashalbum&RGB=0x000000&feed=https%3A%2F%2Fpicasaweb.google.com%2Fdata%2Ffeed%2Fapi%2Fuser%2F118050328896123458061%2Falbumid%2F5813086155603442433%3Falt%3Drss%26kind%3Dphoto%26hl%3Dvi', 'Hoạt động 2009'),
(3, 'Hoạt động 2010', '2012-11-19 13:55:59', 'host=picasaweb.google.com&hl=vi&feat=flashalbum&RGB=0x000000&feed=https%3A%2F%2Fpicasaweb.google.com%2Fdata%2Ffeed%2Fapi%2Fuser%2F118050328896123458061%2Falbumid%2F5813086541332461953%3Falt%3Drss%26kind%3Dphoto%26hl%3Dvi', 'Hoạt động 2010'),
(4, 'Hoạt động 2011', '2012-11-19 13:56:51', 'host=picasaweb.google.com&hl=vi&feat=flashalbum&RGB=0x000000&feed=https%3A%2F%2Fpicasaweb.google.com%2Fdata%2Ffeed%2Fapi%2Fuser%2F118050328896123458061%2Falbumid%2F5813086810739025121%3Falt%3Drss%26kind%3Dphoto%26hl%3Dvi', 'Hoạt động 2011'),
(6, 'Huy Chương', '2012-11-19 13:57:59', 'host=picasaweb.google.com&hl=vi&feat=flashalbum&RGB=0x000000&feed=https%3A%2F%2Fpicasaweb.google.com%2Fdata%2Ffeed%2Fapi%2Fuser%2F118050328896123458061%2Falbumid%2F5813087255345160385%3Falt%3Drss%26kind%3Dphoto%26hl%3Dvi', 'Huy Chương'),
(8, 'Khóa học tu hè 2', '2012-11-19 13:59:26', 'host=picasaweb.google.com&hl=vi&feat=flashalbum&RGB=0x000000&feed=https%3A%2F%2Fpicasaweb.google.com%2Fdata%2Ffeed%2Fapi%2Fuser%2F118050328896123458061%2Falbumid%2F5813087506329630545%3Falt%3Drss%26kind%3Dphoto%26hl%3Dvi', 'Khóa học tu hè 2'),
(9, 'Tết Trung Thu 2012', '2012-12-14 19:11:43', 'host=picasaweb.google.com&hl=vi&feat=flashalbum&RGB=0x000000&feed=https%3A%2F%2Fpicasaweb.google.com%2Fdata%2Ffeed%2Fapi%2Fuser%2F118050328896123458061%2Falbumid%2F5820541178777421889%3Falt%3Drss%26kind%3Dphoto%26hl%3Dvi', 'Tết Trung Thu 2012');

-- --------------------------------------------------------

--
-- Structure de la table `chuagiacquang_app`
--

CREATE TABLE IF NOT EXISTS `chuagiacquang_app` (
  `id` int(11) NOT NULL AUTO_INCREMENT,
  `name` varchar(50) CHARACTER SET utf8 COLLATE utf8_unicode_ci NOT NULL,
  `phone` varchar(15) CHARACTER SET utf8 COLLATE utf8_unicode_ci NOT NULL,
  `address` varchar(125) CHARACTER SET utf8 COLLATE utf8_unicode_ci NOT NULL,
  `email` varchar(50) CHARACTER SET utf8 COLLATE utf8_unicode_ci NOT NULL,
  `banner` varchar(125) CHARACTER SET utf8 COLLATE utf8_unicode_ci NOT NULL,
  `prefix` varchar(50) NOT NULL,
  `alias` varchar(256) NOT NULL,
  `date_created` timestamp NOT NULL DEFAULT CURRENT_TIMESTAMP,
  `date_modified` timestamp NOT NULL DEFAULT '0000-00-00 00:00:00',
  `date_activity` timestamp NOT NULL DEFAULT '0000-00-00 00:00:00',
  `type` tinyint(4) NOT NULL,
  `page_view` bigint(20) NOT NULL,
  PRIMARY KEY (`id`)
) ENGINE=InnoDB  DEFAULT CHARSET=utf8 AUTO_INCREMENT=2 ;

--
-- Contenu de la table `chuagiacquang_app`
--

INSERT INTO `chuagiacquang_app` (`id`, `name`, `phone`, `address`, `email`, `banner`, `prefix`, `alias`, `date_created`, `date_modified`, `date_activity`, `type`, `page_view`) VALUES
(1, 'Chùa Giác Quang', '0902 11 33 55', 'Hồng Ngự Đồng Tháp', '', '', 'chuagiacquang_', 'chuagiacquang', '2012-06-28 16:00:00', '0000-00-00 00:00:00', '2012-12-23 10:19:36', 0, 0);

-- --------------------------------------------------------

--
-- Structure de la table `chuagiacquang_ask`
--

CREATE TABLE IF NOT EXISTS `chuagiacquang_ask` (
  `id` int(11) NOT NULL AUTO_INCREMENT,
  `id_category` int(11) NOT NULL,
  `question` mediumtext NOT NULL,
  `author1` varchar(50) NOT NULL,
  `time` timestamp NOT NULL DEFAULT CURRENT_TIMESTAMP,
  `answer` mediumtext NOT NULL,
  `author2` varchar(50) NOT NULL,
  PRIMARY KEY (`id`),
  KEY `foreign_field` (`id_category`)
) ENGINE=InnoDB  DEFAULT CHARSET=utf8 AUTO_INCREMENT=15 ;

--
-- Contenu de la table `chuagiacquang_ask`
--

INSERT INTO `chuagiacquang_ask` (`id`, `id_category`, `question`, `author1`, `time`, `answer`, `author2`) VALUES
(1, 2, 'Những khó khăn bắt đầu ập tới với con từ khi con vừa học xong trung học.', 'Phật tử', '2012-11-21 14:15:23', 'Xin chào người bạn trẻ thân mến!  Cám ơn rất nhiều những chia sẻ từ trái tim của bạn. Tất cả những sự chia sẻ đó cũng đều xuất phát từ sự mong muốn có một hướng đi để có thể sống lành, sống đẹp, sống bình an và hạnh phúc. ', 'Thích Nữ Như Hương'),
(2, 2, 'Sự mong muốn thành công đã mang đến quá nhiều đau khổ và bận rộn. Không điều gì con làm mà cảm thấy đủ cả. Làm thế nào con có thể tạo sự an lạc cho bản thân?', 'Phật tử', '2012-11-21 14:15:35', 'Phẩm chất của hành động của bạn phụ thuộc vào phẩm chất sự có mặt của bạn. Đề nghị bạn hăng hái để hiến tặng hạnh phúc, làm cho người khác hạnh phúc. Đó là việc làm tốt đẹp. Nếu bạn không hạnh phúc, bạn sẽ không thể làm điều đó.', 'Thích Nữ Như Hương'),
(3, 2, 'Bất cứ khi nào tôi làm điều gì, tâm trí tôi cứ hướng về tương lai cho việc suy nghĩ?', 'Phật tử', '2012-11-21 14:16:03', 'Khi bạn nhận cùng lúc nhiều bức thư, bạn phải quyết định xem nên đọc bức nào trước. Tuy bạn muốn đọc hai bức thư cùng một lúc bởi chúng đều quan trọng. ', 'Thích Nữ Như Hương'),
(4, 1, 'Làm thế nào để có sự tự tin nơi chính mình?', 'Phật tử', '2012-11-21 14:16:36', 'Câu trả lời này do Ban biên tập ghi lại tóm tắt lời dạy của Sư Ông.  Khi nhìn sâu vào chính mình ta thấy bản thân mình vốn có sẵn một gia tài rất lớn. ', 'Thích Nữ Như Hương'),
(5, 1, 'Kính thưa quý thầy và quý sư cô! Mỗi khi có tâm hành tiêu cực xuất hiện, con rất muốn chuyển hóa chúng.', 'Phật tử', '2012-11-21 14:16:46', 'Thân chào bạn!  Mỗi khi bạn có những tâm hành tiêu cực xuất hiện, thì việc đầu tiên mà bạn phải nên làm là thực tập hơi thở có chánh niệm, để đưa tâm trở về với thân ngay trong giây phút hiện tại.', 'Thích Nữ Như Hương'),
(6, 1, 'Con là một sinh viên vừa tốt nghiệp đại học. Con phải làm gì bây giờ?', 'Phật tử', '2012-11-21 14:16:57', 'Ban Biên Tập Làng Mai đã nhận được thư bạn và nhiều bức thư khác gởi về với nội dung: muốn tìm một nơi nào mà ở đó mình về lại với chính mình, ở đó mình cảm nhận được cảm giác AN LẠC trong cuộc sống này mà không phải mưu tính cho tương lai mà đâu biết mình đang hiện hữu trong hiện tại.', 'Sư cô Cần Nghiêm & Sư cô Văn Nghiêm chia sẻ cùng b'),
(7, 1, 'Con biết rằng thế giới này có nhiều pháp môn tu và đạo Phật luôn hướng con người đến con đường an lạc.', 'Phật tử', '2012-11-21 14:17:16', 'Bạn Anh Nhi thân mến!   Đọc những dòng tâm sự của bạn, trong tôi có sự cảm thông. Ngày xưa, khi tôi bắt đầu có ước muốn đi xuất gia để tiếp nối con đường rất đẹp, rất sáng của Bụt. ', 'Sư  cô Nội Nghiêm chia sẻ'),
(8, 4, 'Con không biết phải làm gì với cuộc sống của chính mình?', 'Phật tử', '2012-11-21 14:17:31', 'Thỉnh thoảng, chúng ta trồng hoa hồng từ những cành giâm, biết rằng cành đó không có rễ. Chúng ta đặt những cành giâm vào đất ẩm. Nếu chúng ta đặt cành đó với thời gian đủ lâu trong điều kiện đất đủ ẩm và giàu chất dinh dưỡng thì nó sẽ vững chắc và đâm rễ.', 'Thích Nữ Như Hương'),
(9, 2, 'Thử hỏi nè', 'Bùi Thanh Tuấn', '2012-11-29 10:41:42', '<p>\r\n	<strong>Thử nghiệm </strong>trả lời đ&acirc;y b&agrave; kon ơi !</p>\r\n<p>\r\n	<strong>Thử nghiệm </strong>trả lời đ&acirc;y b&agrave; kon ơi !</p>\r\n<p>\r\n	<strong>Thử nghiệm </strong>trả lời đ&acirc;y b&agrave; kon ơi !</p>\r\n<p>\r\n	<strong>Thử nghiệm </strong>trả lời đ&acirc;y b&agrave; kon ơi !</p>\r\n', 'Nguyễn Thanh Phong'),
(13, 5, 'Làm thế nào để sự nghiệp phát triển lâu dài và bền vững ?', 'Bùi Thanh Tuấn', '2012-11-29 10:50:48', '<p>\r\n	Thử l&agrave;m theo lời Phật dạy !</p>\r\n', 'Nguyễn Thanh Phong'),
(14, 2, 'Con muốn hỏi như vầy nè', 'Phật tử 1', '2012-12-07 16:44:03', '', '');

-- --------------------------------------------------------

--
-- Structure de la table `chuagiacquang_category_ask`
--

CREATE TABLE IF NOT EXISTS `chuagiacquang_category_ask` (
  `id` int(11) NOT NULL AUTO_INCREMENT,
  `name` varchar(50) COLLATE utf8_unicode_ci NOT NULL,
  `order` int(11) NOT NULL,
  PRIMARY KEY (`id`)
) ENGINE=InnoDB  DEFAULT CHARSET=utf8 COLLATE=utf8_unicode_ci AUTO_INCREMENT=7 ;

--
-- Contenu de la table `chuagiacquang_category_ask`
--

INSERT INTO `chuagiacquang_category_ask` (`id`, `name`, `order`) VALUES
(1, 'Tu Học', 2),
(2, 'Đời Sống', 2),
(4, 'Thực tập', 0),
(5, 'Sự Nghiệp', 1),
(6, 'Xuất Gia', 3);

-- --------------------------------------------------------

--
-- Structure de la table `chuagiacquang_category_news`
--

CREATE TABLE IF NOT EXISTS `chuagiacquang_category_news` (
  `id` int(11) NOT NULL AUTO_INCREMENT,
  `name` varchar(50) COLLATE utf8_unicode_ci NOT NULL,
  `order` int(11) NOT NULL,
  PRIMARY KEY (`id`)
) ENGINE=InnoDB  DEFAULT CHARSET=utf8 COLLATE=utf8_unicode_ci AUTO_INCREMENT=12 ;

--
-- Contenu de la table `chuagiacquang_category_news`
--

INSERT INTO `chuagiacquang_category_news` (`id`, `name`, `order`) VALUES
(10, 'Tin nội bộ', 2),
(11, 'Từ thiện xã hội', 3);

-- --------------------------------------------------------

--
-- Structure de la table `chuagiacquang_category_video`
--

CREATE TABLE IF NOT EXISTS `chuagiacquang_category_video` (
  `id` int(11) NOT NULL AUTO_INCREMENT,
  `name` varchar(50) COLLATE utf8_unicode_ci NOT NULL,
  `picture` varchar(128) COLLATE utf8_unicode_ci NOT NULL,
  `order` int(11) NOT NULL,
  `type` int(11) NOT NULL DEFAULT '0',
  PRIMARY KEY (`id`)
) ENGINE=InnoDB  DEFAULT CHARSET=utf8 COLLATE=utf8_unicode_ci AUTO_INCREMENT=12 ;

--
-- Contenu de la table `chuagiacquang_category_video`
--

INSERT INTO `chuagiacquang_category_video` (`id`, `name`, `picture`, `order`, `type`) VALUES
(1, 'Nội bộ', '', 4, 0),
(3, 'Pháp Thoại', '', 3, 0),
(9, 'Phật Pháp Nhiệm Mầu', '', 0, 0),
(10, 'Ánh Sáng Phật Pháp', '', 0, 0),
(11, 'KHÓA TU NIỆM PHẬT', 'https://lh3.googleusercontent.com/-PErnEVHQf3o/ULxFa8dD9AI/AAAAAAAABD8/E21Vj5UtRHA/s800/chuagiacquangkhoatuniemphat.jpg', 0, 1);

-- --------------------------------------------------------

--
-- Structure de la table `chuagiacquang_class_lession`
--

CREATE TABLE IF NOT EXISTS `chuagiacquang_class_lession` (
  `id` int(11) NOT NULL AUTO_INCREMENT,
  `id_class` int(11) NOT NULL,
  `id_monk` int(11) NOT NULL,
  `name` varchar(120) NOT NULL,
  `date_start` datetime NOT NULL,
  `date_end` datetime NOT NULL,
  `description` longtext NOT NULL,
  `order` int(11) NOT NULL,
  PRIMARY KEY (`id`)
) ENGINE=InnoDB  DEFAULT CHARSET=utf8 AUTO_INCREMENT=31 ;

--
-- Contenu de la table `chuagiacquang_class_lession`
--

INSERT INTO `chuagiacquang_class_lession` (`id`, `id_class`, `id_monk`, `name`, `date_start`, `date_end`, `description`, `order`) VALUES
(1, 12, 15, 'Buổi 1 - Hạnh phúc của người Phật Tử', '2012-09-26 07:30:00', '2012-09-26 11:00:00', '<p><img alt="" src="https://lh4.googleusercontent.com/--0-70qL4ATw/UM4QpU44DUI/AAAAAAAABds/_yh0Nwe14yc/s800/LopGiaoLyB1.jpg" style="width: 590px; height: 180px;" /></p>\r\n\r\n<p style="font-size: 13px; text-align: center;"><span style="font-size:20px;">CHƯƠNG TR&Igrave;NH Đ&Agrave;O TẠO LỚP GI&Aacute;O L&Yacute; PHẬT TỬ</span></p>\r\n\r\n<p style="font-size: 13px; text-align: center;"><span style="font-size:20px;">Phần I: L&agrave; Một Cư Sĩ Tốt</span></p>\r\n\r\n<p style="font-size: 13px;"><span style="font-size: 13px;"><strong>Thời gian</strong>: 04 th&aacute;ng/08 tiết</span></p>\r\n\r\n<p style="font-size: 13px;"><strong>Gi&aacute;o Thọ</strong>: <em><strong>Thượng tọa Th&iacute;ch Th&ocirc;ng Ấn</strong></em> (ch&ugrave;a Long H&ograve;a, Vĩnh Long)</p>\r\n\r\n<p style="font-size: 13px;"><span style="font-size: 13px;"><strong>Phương ph&aacute;p</strong>: Giảng, ghi ch&eacute;p_ph&aacute;t dĩa_cho c&acirc;u hỏi chuẩn bị, thi.</span></p>\r\n\r\n<p style="font-size: 13px;"><u style="font-size: 13px;"><strong>Địa điểm</strong></u><span style="font-size: 13px;">: Đạo Tr&agrave;ng ch&ugrave;a Gi&aacute;c Quang.</span></p>\r\n\r\n<p style="font-size: 13px;"><u style="font-size: 13.333333969116211px;"><strong>A. D&Agrave;N B&Agrave;I:</strong></u></p>\r\n\r\n<table align="left" border="1" cellpadding="1" cellspacing="1" style="width: 500px;">\r\n	<thead>\r\n		<tr>\r\n			<th scope="col">STT</th>\r\n			<th scope="col">THỜI GIAN</th>\r\n			<th scope="col">CHỦ ĐỀ</th>\r\n		</tr>\r\n	</thead>\r\n	<tbody>\r\n		<tr>\r\n			<td style="text-align: center;">1</td>\r\n			<td>11-8al-Nh&acirc;m Th&igrave;n</td>\r\n			<td>(Giới thiệu) Hạnh ph&uacute;c của người Phật tử_so s&aacute;nh với hạnh ph&uacute;c của người đời</td>\r\n		</tr>\r\n		<tr>\r\n			<td style="text-align: center;">2</td>\r\n			<td>11-9al-Nh&acirc;m Th&igrave;n</td>\r\n			<td>(Chỉ ra) Hạnh ph&uacute;c của người Phật tử_trong đời thường</td>\r\n		</tr>\r\n		<tr>\r\n			<td style="text-align: center;">3</td>\r\n			<td>11-10al-Nh&acirc;m Th&igrave;n</td>\r\n			<td>Phật tử những điều cần tr&aacute;nh</td>\r\n		</tr>\r\n		<tr>\r\n			<td style="text-align: center;">4</td>\r\n			<td>11-11al-Nh&acirc;m Th&igrave;n</td>\r\n			<td>Phật tử những điều cần l&agrave;m</td>\r\n		</tr>\r\n	</tbody>\r\n</table>\r\n\r\n<p>&nbsp;</p>\r\n\r\n<p>&nbsp;</p>\r\n\r\n<p>&nbsp;</p>\r\n\r\n<p>&nbsp;</p>\r\n\r\n<p style="font-size: 13px;">&nbsp;</p>\r\n\r\n<p style="font-size: 13px;">&nbsp;</p>\r\n\r\n<p style="font-size: 13px;">&nbsp;</p>\r\n\r\n<p style="font-size: 13px;">&nbsp;</p>\r\n\r\n<p style="font-size: 13px;"><u style="font-size: 13px;"><strong>B, VIDEO B&Agrave;I GIẢNG:</strong></u></p>\r\n\r\n<p style="font-size: 13px;"><u><strong><iframe frameborder="0" height="320" scrolling="no" src="http://www.youtube.com/embed/1MlhGosY6vQ" width="480"></iframe></strong></u></p>\r\n\r\n<p style="font-size: 13px;"><u><strong>C. C&Acirc;U HỎI &Ocirc;N TẬP</strong></u></p>\r\n\r\n<p style="font-size: 13px;"><strong>Thời gian</strong>:&nbsp;TH&Aacute;NG 01&nbsp;(11-8al-Nh&acirc;m Th&igrave;n)<br />\r\n<strong>Chủ đề</strong>:&nbsp;(Giới thiệu) Hạnh ph&uacute;c của người Phật tử<br />\r\n<strong>Mục đ&iacute;ch</strong>:&nbsp;Chỉ cho người cư sĩ tại gia biết c&aacute;i hạnh ph&uacute;c m&igrave;nh đang c&oacute; trong cuộc sống.</p>\r\n\r\n<ul style="font-size: 13px;">\r\n	<li><strong>C&acirc;u 1</strong>:&nbsp;Suốt buổi học, ắt hẳn qu&yacute; vị đ&atilde; nghe được nhiều c&acirc;u Ph&aacute;p, nhiều &yacute; nghĩa hay, v&agrave; qu&yacute; vị th&iacute;ch, t&acirc;m đắc. H&atilde;y n&oacute;i lại một c&acirc;u, một &yacute; nghĩa n&agrave;o đ&oacute;, v&agrave; giải th&iacute;ch tại sao n&oacute; hay, hoặc l&yacute; do m&igrave;nh t&acirc;m đắc.</li>\r\n	<li><strong>C&acirc;u 2</strong>:&nbsp;Hạnh ph&uacute;c l&agrave; cảm gi&aacute;c sung sướng, h&agrave;i l&ograve;ng, ngọt ng&agrave;o thỏa m&atilde;n, vui vẻ b&igrave;nh an trong l&ograve;ng trong một l&uacute;c n&agrave;o đ&oacute;, ở một nơi n&agrave;o đ&oacute;. H&atilde;y kể về một hạnh ph&uacute;c c&ograve;n in đậm trong l&ograve;ng m&igrave;nh, từ khi m&igrave;nh được l&agrave;m quen với ch&ugrave;a chiền, được tu h&agrave;nh v&agrave; được học hỏi Phật Ph&aacute;p đến nay.</li>\r\n	<li><strong>C&acirc;u 3</strong>:&nbsp;H&atilde;y t&igrave;m trong dĩa giảng một c&acirc;u xứng đ&aacute;ng để t&oacute;m tắt to&agrave;n bộ nội dung b&agrave;i giảng th&aacute;ng 01 (b&aacute;m s&aacute;t chủ đề) m&agrave; ch&iacute;nh Thầy Gi&aacute;o Thọ đ&atilde; n&oacute;i trong b&agrave;i học.</li>\r\n	<li><strong>C&acirc;u 4</strong>:&nbsp;H&atilde;y chọn c&acirc;u đ&uacute;ng nhất về c&aacute;i từ m&agrave; Thầy Gi&aacute;o Thọ d&ugrave;ng để chỉ cho c&aacute;i hạnh ph&uacute;c ch&acirc;n thật trong Phật gi&aacute;o:<br />\r\n	a. Ch&acirc;n hạnh ph&uacute;c &nbsp; &nbsp; &nbsp;b. An vui &nbsp; &nbsp; &nbsp; &nbsp;c. Cả hai đều đ&uacute;ng</li>\r\n	<li><strong>C&acirc;u 5</strong>:&nbsp;H&atilde;y kể c&aacute;i t&ecirc;n 04 chủ đề trong 04 th&aacute;ng học v&agrave; cho biết Ban Tổ chức muốn cung cấp cho qu&yacute; vị c&aacute;i g&igrave; trong kh&oacute;a học n&agrave;y ?</li>\r\n	<li><strong>C&acirc;u 6</strong>:&nbsp;Thầy Gi&aacute;o Thọ đ&atilde; chia trọn b&agrave;i học ra l&agrave;m 08 phần:<br />\r\n	03:00_05:30 &nbsp; &nbsp; &nbsp; &nbsp; &nbsp; 05:30_13:00 &nbsp; &nbsp; &nbsp; &nbsp; 13:00_43:00 &nbsp; &nbsp; &nbsp;43:00_48:15 &nbsp; &nbsp; &nbsp;48:15_54:40 &nbsp; &nbsp; 54:40_1:00:00 &nbsp; &nbsp; &nbsp; &nbsp;1:00:00_1:15:37 &nbsp; &nbsp; &nbsp; &nbsp; &nbsp;1:15:37_hết&nbsp;<br />\r\n	H&atilde;y ghi t&ecirc;n ti&ecirc;u đề của từng phần thời gian ấy.</li>\r\n	<li><strong>C&acirc;u 7</strong>: &nbsp;H&atilde;y giải th&iacute;ch 04 chữ Quy y Tam Bảo.</li>\r\n	<li><strong>C&acirc;u 8</strong>:&nbsp;Trong b&agrave;i học, Thầy Gi&aacute;o Thọ cho ta biết, quy y Tam Bảo cho ta c&aacute;i hạnh ph&uacute;c g&igrave;? Cũng d&ugrave;ng lời của Thầy, h&atilde;y giải th&iacute;ch v&agrave;i n&eacute;t về c&aacute;i hạnh ph&uacute;c ấy.</li>\r\n	<li><strong>C&acirc;u 9</strong>: H&atilde;y kể t&ecirc;n đơn giản về 05 giới.</li>\r\n	<li><strong>C&acirc;u 10</strong>: H&atilde;y giải th&iacute;ch đơn giản về nội dung 05 giới.</li>\r\n	<li><strong>C&acirc;u 11</strong>: Giữ giới s&aacute;t sinh, cho ta hạnh ph&uacute;c g&igrave; ?</li>\r\n	<li><strong>C&acirc;u 12</strong>:&nbsp;Giữ giới trộm cắp, cho ta hạnh ph&uacute;c g&igrave; ?</li>\r\n	<li><strong>C&acirc;u 13</strong>:&nbsp;Giữ giới t&agrave; d&acirc;m, cho ta hạnh ph&uacute;c g&igrave; ?</li>\r\n	<li><strong>C&acirc;u 14</strong>:&nbsp;Giữ giới n&oacute;i dối, cho ta hạnh ph&uacute;c g&igrave; ?</li>\r\n	<li><strong>C&acirc;u 15</strong>:&nbsp;Giữ giới uống rượu, cho ta hạnh ph&uacute;c g&igrave; ?</li>\r\n	<li><strong>C&acirc;u 16</strong>:&nbsp;Muốn giữ được tr&ograve;n vẹn 05 giới, theo b&agrave;i học, ta n&ecirc;n hạ thủ c&ocirc;ng phu v&agrave;o nơi n&agrave;o?</li>\r\n	<li><strong>C&acirc;u 17</strong>:&nbsp;Theo b&agrave;i học, hạnh ph&uacute;c ch&acirc;n thật của đạo Phật c&oacute; phải được nhận thấy duy nhất ở tương lai kh&ocirc;ng? H&atilde;y n&ecirc;u một c&acirc;u n&oacute;i của Thầy Gi&aacute;o Thọ để chứng minh lời đ&aacute;p của m&igrave;nh.</li>\r\n	<li><strong>C&acirc;u 18</strong>:&nbsp;Vọng tưởng l&agrave; g&igrave; ? N&oacute; nguy hại thế n&agrave;o? Trong Đạo Tr&agrave;ng Niệm Phật n&agrave;y, tu phương ph&aacute;p g&igrave; để ta kh&ocirc;ng bị chạy theo vọng tưởng ?<br />\r\n	&nbsp;</li>\r\n</ul>\r\n\r\n<p align="center"><span style="font-size:16px;"><span style="font-family:times new roman,times,serif;"><em><strong>--- Hết th&aacute;ng 01&nbsp;---</strong></em></span></span></p>\r\n', 2),
(2, 12, 15, 'Buổi 2 - Hạnh phúc của người Phật Tử', '2012-10-25 07:30:00', '2012-10-25 11:00:00', '<p><img alt="" src="https://lh6.googleusercontent.com/-EtEQgtHilWk/UM4Qphtx6iI/AAAAAAAABdw/Ry43tgaeUfY/s800/LopGiaoLyB2.jpg" style="width: 590px; height: 180px;" /></p>\r\n\r\n<p style="font-size: 13px; text-align: center;"><span style="font-size: 20px;">CHƯƠNG TR&Igrave;NH Đ&Agrave;O TẠO LỚP GI&Aacute;O L&Yacute; PHẬT TỬ</span></p>\r\n\r\n<p style="font-size: 13px; text-align: center;"><span style="font-size: 20px;">Phần I: L&agrave; Một Cư Sĩ Tốt</span></p>\r\n\r\n<p style="font-size: 13px;"><span style="font-size: 13px;"><strong>Thời gian</strong>: 04 th&aacute;ng/08 tiết</span></p>\r\n\r\n<p style="font-size: 13px;"><strong>Gi&aacute;o Thọ</strong>:&nbsp;<em><strong>Thượng tọa Th&iacute;ch Th&ocirc;ng Ấn</strong></em>&nbsp;(ch&ugrave;a Long H&ograve;a, Vĩnh Long)</p>\r\n\r\n<p style="font-size: 13px;"><span style="font-size: 13px;"><strong>Phương ph&aacute;p</strong>: Giảng, ghi ch&eacute;p_ph&aacute;t dĩa_cho c&acirc;u hỏi chuẩn bị, thi.</span></p>\r\n\r\n<p style="font-size: 13px;"><u style="font-size: 13px;"><strong>Địa điểm</strong></u><span style="font-size: 13px;">: Đạo Tr&agrave;ng ch&ugrave;a Gi&aacute;c Quang.</span></p>\r\n\r\n<p style="font-size: 13px;"><u><strong>A. D&Agrave;N B&Agrave;I:</strong></u></p>\r\n\r\n<table align="left" border="1" cellpadding="1" cellspacing="1" style="font-size: 13.333333969116211px; width: 500px;">\r\n	<thead>\r\n		<tr>\r\n			<th scope="col">STT</th>\r\n			<th scope="col">THỜI GIAN</th>\r\n			<th scope="col">CHỦ ĐỀ</th>\r\n		</tr>\r\n	</thead>\r\n	<tbody>\r\n		<tr>\r\n			<td style="text-align: center;">1</td>\r\n			<td>11-8al-Nh&acirc;m Th&igrave;n</td>\r\n			<td>(Giới thiệu) Hạnh ph&uacute;c của người Phật tử_so s&aacute;nh với hạnh ph&uacute;c của người đời</td>\r\n		</tr>\r\n		<tr>\r\n			<td style="text-align: center;">2</td>\r\n			<td>11-9al-Nh&acirc;m Th&igrave;n</td>\r\n			<td>(Chỉ ra) Hạnh ph&uacute;c của người Phật tử_trong đời thường</td>\r\n		</tr>\r\n		<tr>\r\n			<td style="text-align: center;">3</td>\r\n			<td>11-10al-Nh&acirc;m Th&igrave;n</td>\r\n			<td>Phật tử những điều cần tr&aacute;nh</td>\r\n		</tr>\r\n		<tr>\r\n			<td style="text-align: center;">4</td>\r\n			<td>11-11al-Nh&acirc;m Th&igrave;n</td>\r\n			<td>Phật tử những điều cần l&agrave;m</td>\r\n		</tr>\r\n	</tbody>\r\n</table>\r\n\r\n<p style="font-size: 13.333333969116211px;">&nbsp;</p>\r\n\r\n<p style="font-size: 13.333333969116211px;">&nbsp;</p>\r\n\r\n<p style="font-size: 13.333333969116211px;">&nbsp;</p>\r\n\r\n<p style="font-size: 13.333333969116211px;">&nbsp;</p>\r\n\r\n<p style="font-size: 13px;">&nbsp;</p>\r\n\r\n<p style="font-size: 13px;">&nbsp;</p>\r\n\r\n<p style="font-size: 13px;">&nbsp;</p>\r\n\r\n<p style="font-size: 13px;"><u><strong>B. VIDEO B&Agrave;I GIẢNG:</strong></u></p>\r\n\r\n<p style="font-size: 13px;"><u><strong><iframe frameborder="0" height="320" scrolling="no" src="http://www.youtube.com/embed/WVy3kiMhmRk" width="480"></iframe></strong></u></p>\r\n\r\n<p style="font-size: 13px;"><u><strong>C.&nbsp;C&Acirc;U HỎI &Ocirc;N TẬP</strong></u></p>\r\n\r\n<p style="font-size: 13px;"><strong>Thời gian</strong>:&nbsp;TH&Aacute;NG 02 (11-9al-Nh&acirc;m Th&igrave;n)<br />\r\n<strong>Chủ đề</strong>: (Chỉ ra) Hạnh ph&uacute;c của người Phật tử<br />\r\n<strong>Mục đ&iacute;ch</strong>: Chỉ cho người cư sĩ tại gia thấy c&aacute;i hạnh ph&uacute;c m&igrave;nh đang c&oacute; trong cuộc sống.</p>\r\n\r\n<ul style="font-size: 13px;">\r\n	<li><strong>C&acirc;u 1</strong>:&nbsp;Suốt buổi học, ắt hẳn qu&yacute; vị đ&atilde; nghe được nhiều c&acirc;u Ph&aacute;p, nhiều &yacute; nghĩa hay, v&agrave; qu&yacute; vị th&iacute;ch, t&acirc;m đắc. H&atilde;y n&oacute;i lại một c&acirc;u, một &yacute; nghĩa n&agrave;o đ&oacute;, v&agrave; giải th&iacute;ch tại sao n&oacute; hay, hoặc l&yacute; do m&igrave;nh t&acirc;m đắc.</li>\r\n	<li><strong>C&acirc;u 2</strong>: Hạnh ph&uacute;c trong đời thường của Phật tử tại gia, được thầy Gi&aacute;o Thọ chỉ ra trong suốt b&agrave;i giảng, gồm 02 phần. Đ&oacute; l&agrave; 02 phần n&agrave;o ?</li>\r\n	<li><strong>C&acirc;u 3</strong>: Hạnh ph&uacute;c trong đời thường của người Phật tử tại gia, phần 01 được thầy Gi&aacute;o Thọ đọc ra trong 03 b&agrave;i kệ, mỗi b&agrave;i kệ c&oacute; 04 c&acirc;u. H&atilde;y đọc thuộc l&ograve;ng ra 03 b&agrave;i kệ đ&oacute;.</li>\r\n	<li><strong>C&acirc;u 4</strong>: Hạnh ph&uacute;c trong đời thường của người Phật tử tại gia, phần 02 được thầy Gi&aacute;o Thọ đọc ra trong 06 b&agrave;i kệ, mỗi b&agrave;i kệ c&oacute; 04 c&acirc;u. H&atilde;y đọc thuộc l&ograve;ng ra 06 b&agrave;i kệ đ&oacute;.</li>\r\n	<li><strong>C&acirc;u 5</strong>: Trong b&agrave;i giảng, phần 02, v&igrave; l&yacute; do thiếu thời gian, thầy Gi&aacute;o Thọ đ&atilde; chỉ ph&acirc;n t&iacute;ch giải th&iacute;ch c&oacute; 03 b&agrave;i kệ. H&atilde;y đọc ra 03 b&agrave;i kệ m&agrave; thầy chưa ph&acirc;n t&iacute;ch.</li>\r\n	<li><strong>C&acirc;u 6</strong>: Trong 03 b&agrave;i kệ m&agrave; thầy Gi&aacute;o Thọ chưa ph&acirc;n t&iacute;ch, c&oacute; 02 b&agrave;i kệ m&agrave; kh&ocirc;ng cần giảng qu&yacute; Phật tử cũng tự hiểu, c&oacute; 01 b&agrave;i kệ m&agrave; phải giảng qu&yacute; Phật tử mới hiểu. H&atilde;y đọc thuộc l&ograve;ng l&ecirc;n 01 c&aacute;i b&agrave;i kệ m&agrave; bản th&acirc;n qu&yacute; vị cho l&agrave; cả lớp sẽ kh&oacute; hiểu đ&oacute;.</li>\r\n	<li><strong>C&acirc;u 7</strong>: Y&ecirc;u l&agrave; mức độ cao của th&iacute;ch, mừng l&agrave; biểu hiện mạnh của vui; y&ecirc;u mừng tức l&agrave; th&iacute;ch vui, m&agrave; ở cấp độ cao hơn. Tham dục nghĩa l&agrave; tham lam mong muốn. Đ&atilde; y&ecirc;u th&iacute;ch th&igrave; tham lam mong muốn, nếu tham lam mong muốn m&agrave; đạt được th&igrave; c&oacute; mừng vui. Ấy vậy, dẫu đ&atilde; y&ecirc;u th&iacute;ch ban đầu, dẫu đ&atilde; tham lam mong muốn l&uacute;c giữa, dẫu đ&atilde; mừng vui l&uacute;c sau; m&agrave; ban đầu, l&uacute;c giữa hay l&uacute;c sau g&igrave;, vẫn kh&ocirc;ng khiến ta tr&aacute;nh được lo v&agrave; sợ! Thầy Gi&aacute;o Thọ đ&atilde; giải th&iacute;ch 03 b&agrave;i kệ 04 c&acirc;u (y&ecirc;u mừng, th&iacute;ch vui v&agrave; tham dục) n&agrave;y một c&aacute;ch tương đối kỹ.&nbsp;<br />\r\n	H&atilde;y theo nội dung giải th&iacute;ch của Thầy, n&ecirc;u t&ecirc;n 02 nh&oacute;m đối tượng ch&iacute;nh của y&ecirc;u mừng, th&iacute;ch vui v&agrave; tham dục, m&agrave; ch&iacute;nh v&igrave; 02 nh&oacute;m đối tượng đ&oacute;, khiến ta lo v&agrave; sợ.</li>\r\n	<li><strong>C&acirc;u 8</strong>: Trong phần 01 (khoảng 30 ph&uacute;t đầu ti&ecirc;n của buổi giảng), để đạt được c&aacute;i hạnh ph&uacute;c Kh&ocirc;ng Lo Kh&ocirc;ng Sợ, an nhi&ecirc;n tự tại trong đời sống, qu&yacute; Phật tử đ&atilde; được học 03 b&agrave;i kệ 04 c&acirc;u, khuy&ecirc;n rằng n&ecirc;n kh&ocirc;ng Y&ecirc;u thương n&oacute;, kh&ocirc;ng Th&iacute;ch th&uacute; n&oacute;, kh&ocirc;ng Ham hố Mong cầu n&oacute;, thậm ch&iacute; c&ograve;n n&ecirc;n kh&ocirc;ng Mừng rỡ, kh&ocirc;ng Vui vẻ phấn khởi khi c&oacute; n&oacute; trong tay.<br />\r\n	Vậy th&igrave;, c&aacute;i th&aacute;i độ sống giữa đời đ&oacute;, l&agrave; th&aacute;i độ n&agrave;o? Qu&yacute; vị h&atilde;y chọn ra c&aacute;i th&aacute;i độ đ&uacute;ng nhất trong c&aacute;c th&aacute;i độ sau:<br />\r\n	a/ Bất cần đời. &nbsp; &nbsp; b/ Ch&aacute;n đời. &nbsp; &nbsp; &nbsp; c/ T&ugrave;y duy&ecirc;n v&agrave; an tịnh.</li>\r\n	<li><strong>C&acirc;u 9</strong>: H&atilde;y kể t&ecirc;n 05 thứ m&agrave; b&agrave;i kệ thứ 03 trong phần 01 dạy ch&uacute;ng ta kh&ocirc;ng n&ecirc;n ham hố mong cầu. (m&aacute;ch nhỏ: 05 thứ n&agrave;y bao gồm hết 02 nh&oacute;m đối tượng, m&agrave; 02 b&agrave;i kệ kia bảo ta n&ecirc;n kh&ocirc;ng y&ecirc;u th&iacute;ch, kh&ocirc;ng mừng vui).</li>\r\n	<li><strong>C&acirc;u 10</strong>: H&atilde;y kể ra v&agrave; giải th&iacute;ch đơn giản về c&aacute;c nghiệp &aacute;c của th&acirc;n, trong b&agrave;i kệ 01 của phần 02.</li>\r\n	<li><strong>C&acirc;u 11</strong>: H&atilde;y kể ra v&agrave; giải th&iacute;ch đơn giản về 04 lỗi của miệng, trong b&agrave;i kệ 01 của phần 02.</li>\r\n	<li><strong>C&acirc;u 12</strong>: T&acirc;m nghi ngờ tức l&agrave; t&acirc;m kh&ocirc;ng tin tưởng, t&acirc;m ngờ vực. Trong buổi giảng, Thầy Gi&aacute;o Thọ đ&atilde; n&oacute;i tới sự nghi ngờ về đạo đức của bậc tu h&agrave;nh, nghi ngờ về sự thủy chung của vợ chồng; sự nghi ngờ l&agrave;m cho mọi người ch&aacute;n ngấy nhau v&agrave; xa l&aacute;nh nhau. H&atilde;y kể ra 01 kinh nghiệm nghi ngờ của bản th&acirc;n qu&yacute; vị, m&agrave; đ&atilde; l&agrave;m cho ch&iacute;nh bản th&acirc;n qu&yacute; vị &ldquo;mất ăn mất ngủ&rdquo; (tức l&agrave; đau khổ).</li>\r\n	<li><strong>C&acirc;u 13</strong>: H&atilde;y chọn 01 c&acirc;u đ&uacute;ng nhất để t&oacute;m kết to&agrave;n bộ b&agrave;i giảng:<br />\r\n	a/ Để c&oacute; hạnh ph&uacute;c trong đời thường, người Phật tử cần Kh&ocirc;ng Lo Kh&ocirc;ng Sợ bất kỳ c&aacute;i g&igrave;, v&agrave; Lo Sao Cho C&oacute; Giấc Ngủ An Ổn.<br />\r\n	b/ Hạnh ph&uacute;c trong đời thường của người Phật tử, l&agrave; Kh&ocirc;ng Lo Kh&ocirc;ng Sợ bất kỳ c&aacute;i g&igrave;, v&agrave; Tới Giờ Ngủ Th&igrave; Bỏ Qua Mọi Thứ Cho Ngủ Được Ngon.<br />\r\n	c/ Hạnh ph&uacute;c trong đời thường của người Phật tử, l&agrave; T&acirc;m An Nhi&ecirc;n Kh&ocirc;ng Lo Kh&ocirc;ng Sợ, v&agrave; Giấc Ngủ Ngon.<br />\r\n	d/ Để c&oacute; hạnh ph&uacute;c trong đời thường, người Phật tử cần Sống T&ugrave;y Duy&ecirc;n Bu&ocirc;ng Xả, Kh&ocirc;ng Tham Luyến Mọi Thứ Tr&ecirc;n Đời v&agrave; Dấn Th&acirc;n V&agrave;o Bước Đường Tu Tập C&aacute;c Ph&aacute;p Phật.</li>\r\n</ul>\r\n\r\n<p align="center" style="font-size: 13.333333969116211px;"><span style="font-size: 16px;"><span style="font-family: ''times new roman'', times, serif;"><em><strong>--- Hết th&aacute;ng 02 ---</strong></em></span></span></p>\r\n', 21),
(3, 12, 15, 'Buổi 3 - Những điều Phật Tử cần tránh', '2012-11-24 07:30:00', '2012-11-24 11:00:00', '<p><img alt="" src="https://lh4.googleusercontent.com/-0P-elhdi6Xc/UM4Qp8rO_AI/AAAAAAAABd0/dKfN6FkisMA/s800/LopGiaoLyB3.jpg" style="width: 590px; height: 180px;" /></p>\r\n\r\n<p style="font-size: 13px; text-align: center;"><span style="font-size: 20px;">CHƯƠNG TR&Igrave;NH Đ&Agrave;O TẠO LỚP GI&Aacute;O L&Yacute; PHẬT TỬ</span></p>\r\n\r\n<p style="font-size: 13px; text-align: center;"><span style="font-size: 20px;">Phần I: L&agrave; Một Cư Sĩ Tốt</span></p>\r\n\r\n<p style="font-size: 13px;"><span style="font-size: 13px;"><strong>Thời gian</strong>: 04 th&aacute;ng/08 tiết</span></p>\r\n\r\n<p style="font-size: 13px;"><strong>Gi&aacute;o Thọ</strong>:&nbsp;<em><strong>Thượng tọa Th&iacute;ch Th&ocirc;ng Ấn</strong></em>&nbsp;(ch&ugrave;a Long H&ograve;a, Vĩnh Long)</p>\r\n\r\n<p style="font-size: 13px;"><span style="font-size: 13px;"><strong>Phương ph&aacute;p</strong>: Giảng, ghi ch&eacute;p_ph&aacute;t dĩa_cho c&acirc;u hỏi chuẩn bị, thi.</span></p>\r\n\r\n<p style="font-size: 13px;"><u style="font-size: 13px;"><strong>Địa điểm</strong></u><span style="font-size: 13px;">: Đạo Tr&agrave;ng ch&ugrave;a Gi&aacute;c Quang.</span></p>\r\n\r\n<p style="font-size: 13px;"><u><strong>A. D&Agrave;N B&Agrave;I:</strong></u></p>\r\n\r\n<table align="left" border="1" cellpadding="1" cellspacing="1" style="font-size: 13.333333969116211px; width: 500px;">\r\n	<thead>\r\n		<tr>\r\n			<th scope="col">STT</th>\r\n			<th scope="col">THỜI GIAN</th>\r\n			<th scope="col">CHỦ ĐỀ</th>\r\n		</tr>\r\n	</thead>\r\n	<tbody>\r\n		<tr>\r\n			<td style="text-align: center;">1</td>\r\n			<td>11-8al-Nh&acirc;m Th&igrave;n</td>\r\n			<td>(Giới thiệu) Hạnh ph&uacute;c của người Phật tử_so s&aacute;nh với hạnh ph&uacute;c của người đời</td>\r\n		</tr>\r\n		<tr>\r\n			<td style="text-align: center;">2</td>\r\n			<td>11-9al-Nh&acirc;m Th&igrave;n</td>\r\n			<td>(Chỉ ra) Hạnh ph&uacute;c của người Phật tử_trong đời thường</td>\r\n		</tr>\r\n		<tr>\r\n			<td style="text-align: center;">3</td>\r\n			<td>11-10al-Nh&acirc;m Th&igrave;n</td>\r\n			<td>Phật tử những điều cần tr&aacute;nh</td>\r\n		</tr>\r\n		<tr>\r\n			<td style="text-align: center;">4</td>\r\n			<td>11-11al-Nh&acirc;m Th&igrave;n</td>\r\n			<td>Phật tử những điều cần l&agrave;m</td>\r\n		</tr>\r\n	</tbody>\r\n</table>\r\n\r\n<p style="font-size: 13.333333969116211px;">&nbsp;</p>\r\n\r\n<p style="font-size: 13.333333969116211px;">&nbsp;</p>\r\n\r\n<p style="font-size: 13.333333969116211px;">&nbsp;</p>\r\n\r\n<p style="font-size: 13.333333969116211px;">&nbsp;</p>\r\n\r\n<p style="font-size: 13px;">&nbsp;</p>\r\n\r\n<p style="font-size: 13px;">&nbsp;</p>\r\n\r\n<p>&nbsp;</p>\r\n\r\n<p><u><strong>B. VIDEO B&Agrave;I GIẢNG:</strong></u></p>\r\n\r\n<p><u><strong><iframe frameborder="0" height="320" scrolling="no" src="http://www.youtube.com/embed/739rJP7nxMg" width="480"></iframe></strong></u></p>\r\n\r\n<p><u><strong>C. C&Acirc;U HỎI &Ocirc;N TẬP:</strong></u></p>\r\n\r\n<p><strong>Thời gian:</strong>&nbsp;TH&Aacute;NG 03 (11-10al-Nh&acirc;m Th&igrave;n)<br />\r\n<strong>Chủ đề</strong>: Phật tử những điều cần tr&aacute;nh<br />\r\n<strong>Mục đ&iacute;ch</strong>: Chỉ cho người cư sĩ tại gia thấy m&igrave;nh cần tr&aacute;nh l&agrave;m những g&igrave;.</p>\r\n\r\n<ul>\r\n	<li><strong>C&acirc;u 1</strong>: Suốt buổi học, ắt hẳn qu&yacute; vị đ&atilde; nghe được nhiều c&acirc;u Ph&aacute;p, nhiều &yacute; nghĩa hay, v&agrave; qu&yacute; vị th&iacute;ch, t&acirc;m đắc. H&atilde;y n&oacute;i lại một c&acirc;u, một &yacute; nghĩa n&agrave;o đ&oacute;, v&agrave; giải th&iacute;ch tại sao n&oacute; hay, hoặc l&yacute; do m&igrave;nh t&acirc;m đắc.</li>\r\n	<li><strong>C&acirc;u 2</strong><span style="font-size: 13px;">: </span>H&atilde;y n&oacute;i 01 c&acirc;u, t&oacute;m kết to&agrave;n bộ nội dung b&agrave;i giảng h&ocirc;m nay.</li>\r\n	<li><strong>C&acirc;u 3</strong><span style="font-size: 13px;">: </span>Tai hại của giận hờn v&agrave; trả giận hờn (gia đ&igrave;nh kh&ocirc;ng hạnh ph&uacute;c).</li>\r\n	<li><strong>C&acirc;u 4</strong><span style="font-size: 13px;">: </span>L&agrave;m sao để tr&aacute;nh được giận hờn.</li>\r\n	<li><strong><span style="font-size: 13px;">C&acirc;u 5</span></strong><span style="font-size: 13px;">: </span>Nguy&ecirc;n nh&acirc;n n&agrave;o m&igrave;nh bị người kh&aacute;c l&agrave;m cho n&oacute;ng giận ?</li>\r\n	<li><strong><span style="font-size: 13px;">C&acirc;u 6</span></strong><span style="font-size: 13px;">: </span>Nguy&ecirc;n nh&acirc;n n&agrave;o m&igrave;nh hay chọc giận người kh&aacute;c ?</li>\r\n	<li><strong><span style="font-size: 13px;">C&acirc;u 7</span></strong><span style="font-size: 13px;">: </span>H&atilde;y kể lại 02 c&acirc;u chuyện về s&acirc;n giận trong b&agrave;i giảng. V&agrave; n&ecirc;u l&ecirc;n c&aacute;i &yacute; nghĩa ch&iacute;nh m&agrave; mỗi c&acirc;u chuyện muốn n&oacute;i với m&igrave;nh.</li>\r\n	<li><strong><span style="font-size: 13px;">C&acirc;u 8</span></strong><span style="font-size: 13px;">: </span>Giận hờn v&agrave; tội &aacute;c hay đi liền nhau. H&atilde;y kể lại một kinh nghiệm bản th&acirc;n về điều đ&oacute;, m&agrave; tới giờ m&igrave;nh vẫn c&ograve;n ấn tượng nhất.</li>\r\n</ul>\r\n\r\n<p style="text-align: center;"><em><strong><span style="font-size:18px;"><span style="font-family:times new roman,times,serif;">Hết th&aacute;ng 03</span></span></strong></em></p>\r\n', 0),
(26, 12, 15, 'Buổi 4 - Những điều Phật Tử nên làm', '2012-12-23 07:30:00', '2012-12-23 11:00:00', '<p><img alt="" src="https://lh3.googleusercontent.com/-mf80wiAG3hY/UM4QrShT-4I/AAAAAAAABd4/4rr6_R1xJwU/s800/LopGiaoLyB4.jpg" style="width: 590px; height: 180px;" /></p>\r\n\r\n<p style="text-align: center;"><span style="color:#F0F8FF;"><span style="font-size:18px;"><span style="background-color:#FF0000;">Sắp xảy ra chưa c&oacute; b&agrave;i viết xin vui l&ograve;ng quay lại sau.</span></span></span></p>\r\n', 0),
(27, 25, 17, 'Buổi 1', '2013-03-22 07:30:00', '2013-03-22 11:00:00', '<p><img alt="" src="https://lh5.googleusercontent.com/-pzainZrTigM/UM4QsFEKYbI/AAAAAAAABd8/g5iWhJxqqP8/s800/LopGiaoLyNangCaoB1.jpg" style="width: 590px; height: 180px;" /></p>\r\n\r\n<p>Kh&oacute;a học sắp xảy ra chưa c&oacute; b&agrave;i viết xin vui l&ograve;ng quay lại sau</p>\r\n', 0),
(28, 25, 17, 'Buổi 2', '2013-04-22 07:30:00', '2013-04-22 11:00:00', '<p><img alt="" src="https://lh3.googleusercontent.com/-WIwuHXcG1i8/UM4QshcePzI/AAAAAAAABeA/Q4tzKELYqc8/s800/LopGiaoLyNangCaoB2.jpg" style="width: 590px; height: 180px;" /></p>\r\n\r\n<p>Kh&oacute;a học chưa xảy ra chưa c&oacute; b&agrave;i viết vui l&ograve;ng quay lại sau.</p>\r\n', 0),
(29, 25, 17, 'Buổi 3', '2013-05-20 07:30:00', '2013-05-20 11:00:00', '<p><img alt="" src="https://lh5.googleusercontent.com/-TT8l22wLSFY/UM4QtTA1j8I/AAAAAAAABeE/mMP4G60dIOI/s800/LopGiaoLyNangCaoB3.jpg" style="width: 590px; height: 180px;" /></p>\r\n\r\n<p>Kh&oacute;a học chưa xảy ra vui l&ograve;ng quay lại sau</p>\r\n', 0),
(30, 25, 17, 'Buổi 4', '2013-06-18 07:30:00', '2013-06-18 11:00:00', '<p><img alt="" src="https://lh3.googleusercontent.com/-AL5Y6s9gpqY/UM4Qtg3qwDI/AAAAAAAABeI/BVoMnB2FFWE/s800/LopGiaoLyNangCaoB4.jpg" style="width: 590px; height: 180px;" /></p>\r\n\r\n<p>Kh&oacute;a học sắp xảy ra vui l&ograve;ng quay lại sau.</p>\r\n', 0);

-- --------------------------------------------------------

--
-- Structure de la table `chuagiacquang_config`
--

CREATE TABLE IF NOT EXISTS `chuagiacquang_config` (
  `id` int(11) NOT NULL AUTO_INCREMENT,
  `param` varchar(125) COLLATE utf8_unicode_ci NOT NULL,
  `value` varchar(256) COLLATE utf8_unicode_ci NOT NULL,
  PRIMARY KEY (`id`)
) ENGINE=InnoDB  DEFAULT CHARSET=utf8 COLLATE=utf8_unicode_ci AUTO_INCREMENT=3 ;

--
-- Contenu de la table `chuagiacquang_config`
--

INSERT INTO `chuagiacquang_config` (`id`, `param`, `value`) VALUES
(1, 'BOX1', '26'),
(2, 'BOX2', '37');

-- --------------------------------------------------------

--
-- Structure de la table `chuagiacquang_course`
--

CREATE TABLE IF NOT EXISTS `chuagiacquang_course` (
  `id` int(11) NOT NULL AUTO_INCREMENT,
  `name` varchar(120) NOT NULL,
  `date_start` datetime NOT NULL,
  `date_end` datetime NOT NULL,
  `description` longtext NOT NULL,
  `order` int(11) NOT NULL,
  PRIMARY KEY (`id`)
) ENGINE=InnoDB  DEFAULT CHARSET=utf8 AUTO_INCREMENT=5 ;

--
-- Contenu de la table `chuagiacquang_course`
--

INSERT INTO `chuagiacquang_course` (`id`, `name`, `date_start`, `date_end`, `description`, `order`) VALUES
(4, 'KHÓA TU NIỆM PHẬT', '2012-09-26 07:00:00', '2012-12-23 12:00:00', '<p><img alt="" src="https://lh3.googleusercontent.com/-PErnEVHQf3o/ULxFa8dD9AI/AAAAAAAABD8/E21Vj5UtRHA/s800/chuagiacquangkhoatuniemphat.jpg" style="width: 590px; height: 180px;" /></p>\r\n\r\n<p>Cung cấp kiến thức nền tảng về PHẬT HỌC cho PHẬT TỬ. C&aacute;c kh&oacute;a học được tổ chức v&agrave; tiến h&agrave;nh học v&agrave;o c&aacute;c ng&agrave;y 11 &acirc;l h&agrave;ng th&aacute;ng.</p>\r\n\r\n<p>C&aacute;c b&agrave;i học sẽ được dựng th&agrave;nh phim, c&aacute;c c&acirc;u hỏi &ocirc;n tập ở mỗi cuối b&agrave;i học sẽ được đăng tải tr&ecirc;n Website để c&aacute;c qu&iacute; Phật Tử c&oacute; dịp tham khảo lại c&aacute;c b&agrave;i học trước đ&oacute;.</p>\r\n', 1);

-- --------------------------------------------------------

--
-- Structure de la table `chuagiacquang_course_class`
--

CREATE TABLE IF NOT EXISTS `chuagiacquang_course_class` (
  `id` int(11) NOT NULL AUTO_INCREMENT,
  `id_course` int(11) NOT NULL,
  `name` varchar(120) NOT NULL,
  `date_start` datetime NOT NULL,
  `date_end` datetime NOT NULL,
  `description` longtext NOT NULL,
  `order` int(11) NOT NULL,
  PRIMARY KEY (`id`)
) ENGINE=InnoDB  DEFAULT CHARSET=utf8 AUTO_INCREMENT=26 ;

--
-- Contenu de la table `chuagiacquang_course_class`
--

INSERT INTO `chuagiacquang_course_class` (`id`, `id_course`, `name`, `date_start`, `date_end`, `description`, `order`) VALUES
(12, 4, 'LỚP GIÁO LÝ ĐÀO TẠO PHẬT TỬ', '2012-09-26 07:00:00', '2012-12-23 11:00:00', '<p><img alt="" src="https://lh5.googleusercontent.com/-WpSQ9sv8YSM/UMrFFDr2Q1I/AAAAAAAABUY/WVYOkjJNIwM/s800/Lop%2520Giao%2520Ly.jpg" style="width: 590px; height: 180px;" /></p>\r\n\r\n<p><span style="font-size:18px;"><u><strong>TH&Ocirc;NG B&Aacute;O LỚP GI&Aacute;O L&Yacute; Đ&Agrave;O TẠO PHẬT TỬ</strong></u></span></p>\r\n\r\n<p><u><strong>Giảng sư:</strong></u>&nbsp; TT. Th&iacute;ch Th&ocirc;ng Ấn</p>\r\n\r\n<p>&nbsp;</p>\r\n', 0),
(25, 4, 'LỚP GIÁO LÝ ĐÀO TẠO PHẬT TỬ NÂNG CAO', '2013-03-22 00:00:00', '2013-06-18 00:00:00', '<p><img alt="" src="https://lh3.googleusercontent.com/-POzZBes6oiQ/UM85uVSGA9I/AAAAAAAABfQ/y93aNCoP-7I/s800/LopGiaoLyNangCao.jpg" style="width: 590px; height: 180px;" /></p>\r\n\r\n<p>Th&ocirc;ng b&aacute;o mở lớp GI&Aacute;O L&Yacute; Đ&Agrave;O TẠO PHẬT TỬ N&Acirc;NG CAO</p>\r\n\r\n<p>&nbsp;</p>\r\n', 0);

-- --------------------------------------------------------

--
-- Structure de la table `chuagiacquang_event`
--

CREATE TABLE IF NOT EXISTS `chuagiacquang_event` (
  `id` int(11) NOT NULL AUTO_INCREMENT,
  `date` datetime NOT NULL,
  `content` longtext NOT NULL,
  `title` text NOT NULL,
  PRIMARY KEY (`id`)
) ENGINE=InnoDB  DEFAULT CHARSET=utf8 AUTO_INCREMENT=7 ;

--
-- Contenu de la table `chuagiacquang_event`
--

INSERT INTO `chuagiacquang_event` (`id`, `date`, `content`, `title`) VALUES
(1, '2012-08-31 17:00:00', 'Thân mời các quí Phật Tử ghé dự Lễ Hội Rằm tháng 7 Nhâm Thìn được tổ chức tại Chùa Giác Quang (Chùa Lá) vào lúc 16 giờ cùng ngày', 'Lễ Hội Rằm tháng 7 Nhâm Thìn'),
(2, '2012-11-29 00:00:00', '<p>Nh&acirc;n ng&agrave;y Lễ Rằm Th&aacute;ng 10 Nh&acirc;m Th&igrave;n v&agrave;o l&uacute;c 16 giờ chiều c&ugrave;ng ng&agrave;y, ch&ugrave;a c&oacute; tổ chức lễ hội cầu an v&agrave; cầu si&ecirc;u cho c&aacute;c gia đ&igrave;nh v&agrave; những người đ&atilde; bị tai nạn giao th&ocirc;ng. Th&acirc;n mời c&aacute;c qu&iacute; phật tử tham dự !</p>\r\n', 'Lễ Rằm Tháng 10 Nhâm Thìn'),
(3, '2012-02-07 00:00:00', '<p>\r\n	Nh&acirc;n ng&agrave;y Lễ Rằm Th&aacute;ng 1 Nh&acirc;m Th&igrave;n v&agrave;o l&uacute;c 16 giờ chiều c&ugrave;ng ng&agrave;y, ch&ugrave;a c&oacute; tổ chức lễ hội rằm đầu năm. K&iacute;nh mời qu&iacute; Phật Tử tham dự !</p>\r\n', 'Lễ Rằm Tháng 1 Nhâm Thìn'),
(4, '2012-08-09 07:00:00', '<p>Th&acirc;n mời qu&iacute; Phật Tử đ&atilde; đăng k&iacute; kh&oacute;a tu h&egrave; 2012 đến dự lễ khai giảng tại ch&ugrave;a v&agrave;o l&uacute;c 7h30 c&ugrave;ng ng&agrave;y, địa điểm tại Hội Trường A.</p>\r\n\r\n<p><img alt="" src="https://lh4.googleusercontent.com/-riVxIEbHb0g/UKw8SlH5SkI/AAAAAAAAA5s/5D4rQF4_xBg/s400/100_4129.JPG" style="width: 400px; height: 300px;" /></p>\r\n\r\n<p><img alt="" src="http://www.buddhistedu.org/viet/images/stories/buddhist_study/impkages.jpg" style="width: 261px; height: 193px;" /></p>\r\n\r\n<p>H&igrave;nh đức phật c&ograve;n trẻ</p>\r\n', 'Khóa tu hè 2012'),
(5, '2013-01-22 00:00:00', '<p style="text-align: center;"><img alt="" src="https://lh3.googleusercontent.com/-b2tbUUBIv9A/UM4VhYe3acI/AAAAAAAABeg/H6xZyPgV5j0/s144/LuHuong.gif" style="width: 143px; height: 142px;" /></p>\r\n\r\n<p><span>V&agrave;o ng&agrave;y ? giờ ? ng&agrave;y 23/12/2012 ( nhằm 11 &acirc;l) </span><span>ch&ugrave;a Gi&aacute;c Quang sẽ tiến h&agrave;nh nghi thức Lễ Đặt Đ&aacute; (khởi c&ocirc;ng x&acirc;y dựng ch&iacute;nh điện)</span>.</p>\r\n\r\n<p>Trong buổi lễ gồm c&oacute;:</p>\r\n\r\n<p>&nbsp;&nbsp; - Kh&aacute;ch mời 1</p>\r\n\r\n<p>&nbsp;&nbsp; - Kh&aacute;ch mời 2</p>\r\n\r\n<p>&nbsp;&nbsp; - Kh&aacute;ch mời 3</p>\r\n', 'Lễ đặt đá (khởi công xây dựng chính điện)'),
(6, '2012-11-24 08:30:00', '<p style="text-align: center;"><img alt="" src="https://lh5.googleusercontent.com/-hwR0QJfPMyo/ULwVkO9496I/AAAAAAAABDo/SSEVwHXL3lA/s800/Untitled-1%2520copy.jpg" style="width: 590px; height: 180px;" /><strong><span style="font-size:16px;">Kh&oacute;a Tu Một Ng&agrave;y An Lạc Lần Thứ 61</span></strong></p>\r\n\r\n<p>&nbsp;</p>\r\n\r\n<p><u><strong>Video giảng</strong></u></p>\r\n\r\n<p><iframe frameborder="0" height="320" scrolling="no" src="http://www.youtube.com/embed/1MlhGosY6vQ" width="480"></iframe></p>\r\n\r\n<p>&nbsp;</p>\r\n\r\n<p><span><span>&nbsp;</span><span>&nbsp;</span><span>&nbsp;</span><span>&nbsp;</span><span>&nbsp;</span><span>&nbsp;</span><span>&nbsp;</span><span>&nbsp;</span><span>&nbsp;</span><span>&nbsp;</span><span>&nbsp;</span><span>&nbsp;</span><span>&nbsp;</span><span>&nbsp;</span><span>&nbsp;</span><span>&nbsp;</span><span>&nbsp;</span><span>&nbsp;</span><span>&nbsp;</span><span>&nbsp;</span><span>&nbsp;</span><span>&nbsp;</span><span>&nbsp;</span><span>&nbsp;</span><span>&nbsp;</span><span>&nbsp;</span><span>&nbsp;</span><span>&nbsp;</span><span>&nbsp;</span><span>&nbsp;</span> </span></p>\r\n\r\n<p>&nbsp;</p>\r\n\r\n<p><span>&nbsp;</span></p>\r\n', 'Khóa Tu Niệm Phật (03) Ngày Lần Thứ 61');

-- --------------------------------------------------------

--
-- Structure de la table `chuagiacquang_guest`
--

CREATE TABLE IF NOT EXISTS `chuagiacquang_guest` (
  `id` int(11) NOT NULL AUTO_INCREMENT,
  `ip` varchar(16) NOT NULL,
  `entry_time` varchar(32) NOT NULL,
  `exit_time` varchar(32) NOT NULL,
  `agent` varchar(16) NOT NULL,
  PRIMARY KEY (`id`)
) ENGINE=InnoDB  DEFAULT CHARSET=latin1 AUTO_INCREMENT=79 ;

--
-- Contenu de la table `chuagiacquang_guest`
--

INSERT INTO `chuagiacquang_guest` (`id`, `ip`, `entry_time`, `exit_time`, `agent`) VALUES
(1, '192.168.1.3', '1354294665', '1354381065', ''),
(2, '65.49.14.148', '1354337074', '1354423474', '65.49.14.148'),
(3, '123.28.219.250', '1354338272', '1354424672', '123.28.219.250'),
(4, '123.23.222.19', '1354343939', '1354430339', '123.23.222.19'),
(5, '174.129.237.157', '1354346744', '1354433144', '174.129.237.157'),
(6, '123.23.20.173', '1354351350', '1354437750', '123.23.20.173'),
(7, '113.170.123.73', '1354359004', '1354445404', '113.170.123.73'),
(8, '123.23.208.183', '1354363612', '1354450012', '123.23.208.183'),
(9, '123.23.211.129', '1354364319', '1354450719', '123.23.211.129'),
(10, '113.170.159.126', '1354364439', '1354450839', '113.170.159.126'),
(11, '123.23.211.207', '1354366952', '1354453352', '123.23.211.207'),
(12, '157.56.229.185', '1354406029', '1354492429', '157.56.229.185'),
(13, '113.170.190.221', '1354443999', '1354530399', '113.170.190.221'),
(14, '113.170.124.20', '1354446285', '1354532685', '113.170.124.20'),
(15, '113.170.193.214', '1354452146', '1354538546', '113.170.193.214'),
(16, '27.76.245.35', '1354452710', '1354539110', '27.76.245.35'),
(17, '123.23.209.92', '1354452836', '1354539236', '123.23.209.92'),
(18, '123.23.222.224', '1354459613', '1354546013', '123.23.222.224'),
(19, '123.28.201.154', '1354462931', '1354549331', '123.28.201.154'),
(20, '42.117.182.104', '1354465074', '1354551474', '42.117.182.104'),
(21, '123.28.203.138', '1354483003', '1354569403', '123.28.203.138'),
(22, '113.170.119.173', '1354491425', '1354577825', '113.170.119.173'),
(23, '115.74.233.187', '1354499178', '1354585578', '115.74.233.187'),
(24, '123.22.250.67', '1354509763', '1354596163', '123.22.250.67'),
(25, '123.23.10.6', '1354512018', '1354598418', '123.23.10.6'),
(26, '27.74.160.15', '1354533188', '1354619588', '27.74.160.15'),
(27, '123.28.201.194', '1354538572', '1354624972', '123.28.201.194'),
(28, '123.28.245.228', '1354539961', '1354626361', '123.28.245.228'),
(29, '113.170.121.38', '1354579328', '1354665728', '113.170.121.38'),
(30, '123.23.17.30', '1354579856', '1354666256', '123.23.17.30'),
(31, '42.117.175.2', '1354585168', '1354671568', '42.117.175.2'),
(32, '115.74.204.146', '1354599127', '1354685527', '115.74.204.146'),
(33, '115.74.213.105', '1354613923', '1354700323', '115.74.213.105'),
(34, '123.22.246.99', '1354627240', '1354713640', '123.22.246.99'),
(35, '27.3.196.92', '1354633937', '1354637537', '27.3.196.92'),
(36, '123.23.188.174', '1354666784', '1354670384', '123.23.188.174'),
(37, '113.161.196.216', '1354677508', '1354681108', '113.161.196.216'),
(38, '123.22.227.100', '1354718964', '1354722564', '123.22.227.100'),
(39, '113.170.185.217', '1354752536', '1354756136', '113.170.185.217'),
(40, '72.134.60.126', '1354764103', '1354767703', '72.134.60.126'),
(41, '42.117.251.119', '1354764952', '1354768552', '42.117.251.119'),
(42, '115.78.196.234', '1354771899', '1354775499', '115.78.196.234'),
(43, '113.162.226.114', '1354776201', '1354779801', '113.162.226.114'),
(44, '157.55.32.187', '1354802029', '1354805629', '157.55.32.187'),
(45, '42.117.155.60', '1354804521', '1354808121', '42.117.155.60'),
(46, '157.55.32.112', '1354823737', '1354827337', '157.55.32.112'),
(47, '123.23.10.40', '1354836845', '1354840445', '123.23.10.40'),
(48, '123.23.8.145', '1354849569', '1354853169', '123.23.8.145'),
(49, '113.170.197.89', '1355969882', '1355973482', '113.170.197.89'),
(50, '113.161.196.80', '1355972766', '1355976366', '113.161.196.80'),
(51, '123.23.222.74', '1355980696', '1355984296', '123.23.222.74'),
(52, '123.23.44.221', '1356028452', '1356032052', '123.23.44.221'),
(53, '66.249.77.116', '1356037280', '1356040880', '66.249.77.116'),
(54, '157.56.229.23', '1356039322', '1356042922', '157.56.229.23'),
(55, '157.55.32.101', '1356040041', '1356043641', '157.55.32.101'),
(56, '123.23.187.53', '1356047737', '1356051337', '123.23.187.53'),
(57, '222.254.253.163', '1356064197', '1356067797', '222.254.253.163'),
(58, '113.161.196.81', '1356064835', '1356068435', '113.161.196.81'),
(59, '76.184.89.248', '1356069634', '1356073234', '76.184.89.248'),
(60, '113.170.192.2', '1356075254', '1356078854', '113.170.192.2'),
(61, '66.249.74.163', '1356077732', '1356081332', '66.249.74.163'),
(62, '123.30.165.2', '1356078777', '1356082377', '123.30.165.2'),
(63, '75.80.142.57', '1356126901', '1356130501', '75.80.142.57'),
(64, '118.69.53.110', '1356147948', '1356151548', '118.69.53.110'),
(65, '115.74.236.254', '1356157409', '1356161009', '115.74.236.254'),
(66, '113.170.194.208', '1356163374', '1356166974', '113.170.194.208'),
(67, '113.161.204.31', '1356164079', '1356167679', '113.161.204.31'),
(68, '123.23.23.82', '1356165988', '1356169588', '123.23.23.82'),
(69, '113.170.184.58', '1356166374', '1356169974', '113.170.184.58'),
(70, '123.30.165.179', '1356219489', '1356223089', '123.30.165.179'),
(72, '113.187.17.69', '1356224521', '1356228121', '113.187.17.69'),
(73, '123.30.165.47', '1356227234', '1356230834', '123.30.165.47'),
(74, '70.116.80.236', '1356227460', '1356231060', '70.116.80.236'),
(75, '123.30.165.11', '1356228330', '1356231930', '123.30.165.11'),
(76, '123.30.165.39', '1356229021', '1356232621', '123.30.165.39'),
(77, '27.78.105.17', '1356229340', '1356232940', '27.78.105.17'),
(78, '123.30.165.162', '1356234283', '1356237883', '123.30.165.162');

-- --------------------------------------------------------

--
-- Structure de la table `chuagiacquang_linked`
--

CREATE TABLE IF NOT EXISTS `chuagiacquang_linked` (
  `id` int(11) NOT NULL AUTO_INCREMENT,
  `name` varchar(50) COLLATE utf8_unicode_ci NOT NULL,
  `url` varchar(128) COLLATE utf8_unicode_ci NOT NULL,
  PRIMARY KEY (`id`)
) ENGINE=InnoDB  DEFAULT CHARSET=utf8 COLLATE=utf8_unicode_ci AUTO_INCREMENT=8 ;

--
-- Contenu de la table `chuagiacquang_linked`
--

INSERT INTO `chuagiacquang_linked` (`id`, `name`, `url`) VALUES
(1, 'Trang a1', 'http://abc.com1'),
(2, 'Trang b', 'http://bcd.com'),
(4, 'Trang c', 'http://egf.com'),
(7, 'abc', 'http://abc.com');

-- --------------------------------------------------------

--
-- Structure de la table `chuagiacquang_monk`
--

CREATE TABLE IF NOT EXISTS `chuagiacquang_monk` (
  `id` int(11) NOT NULL AUTO_INCREMENT,
  `pre_name` varchar(25) COLLATE utf8_unicode_ci NOT NULL,
  `name` varchar(50) COLLATE utf8_unicode_ci NOT NULL,
  `pagoda` varchar(50) COLLATE utf8_unicode_ci NOT NULL,
  `phone` varchar(12) COLLATE utf8_unicode_ci NOT NULL,
  `note` text COLLATE utf8_unicode_ci NOT NULL,
  `type` int(11) NOT NULL DEFAULT '0',
  PRIMARY KEY (`id`)
) ENGINE=InnoDB  DEFAULT CHARSET=utf8 COLLATE=utf8_unicode_ci AUTO_INCREMENT=19 ;

--
-- Contenu de la table `chuagiacquang_monk`
--

INSERT INTO `chuagiacquang_monk` (`id`, `pre_name`, `name`, `pagoda`, `phone`, `note`, `type`) VALUES
(1, 'Đại Đức', 'Thích Phước Tiến', 'Tu Viện Tường Vân', '08. 62689409', '', 0),
(2, 'Đại Đức', 'Thích Trí Huệ', 'Năm cuối Học Viện PGVN', '', '', 0),
(3, 'Đại Đức', 'Thích Pháp Hòa', 'TV. Trúc Lâm (Canada) năm 2006 và TV. Tây Thiên(Ca', '', '', 0),
(4, 'Đại Đức', 'Thích Thiện Thuận', 'Viện Chuyên Tu - Bà Rịa Vũng Tàu', '', '', 0),
(5, 'Thượng Tọa', 'Thích Minh Thành', 'Chùa Bửu Liên-Tp. Cần Thơ', '', '', 0),
(6, 'Đại Đức', 'Thích Thiện Xuân', '', '', '', 0),
(7, 'Thượng Tọa', 'Thích Chân Quang', '', '', '', 0),
(8, 'Đại Đức', 'Thích Tuệ Hải', '', '', '', 0),
(9, 'Đại Đức', 'Thích Minh Thành', '', '', '', 0),
(10, 'Thượng Tọa', 'Thích Chân Tính', 'Chùa Hoằng Pháp - Tp.Hồ Chí Minh', '08.37133827', '', 0),
(11, 'Hòa Thượng', 'Thích Giác Hạnh', 'UV HĐTS TW GHPGVN Phó Ban Trị sự Kiêm Trưởng Ban H', '064.3825903', '', 0),
(12, 'Thượng Tọa', 'Thích Trí Chơn', 'UV.HĐTS.TW.GHPGVN - TP.Hồ Chí Minh', '', '', 0),
(13, 'Sư Cô', 'Thích Nữ Hương Nhũ', 'Ủy viên Ban Trị Sự Tỉnh Hội Phật Giáo Đồng Nai - G', '', '', 0),
(14, '', 'Thích Minh Đạo', '', '', '', 0),
(15, 'Thượng Tọa', 'Thích Thông Ấn', 'Chùa Long Hòa Vĩnh Long', '', '', 0),
(16, '', 'Thích Tâm Khiết', '', '', '', 0),
(17, 'Thượng Tọa', 'Thích Thiện Xuân', 'Chùa Hồng Liên', '', 'Chùa Hồng Liên', 1),
(18, 'Nhà Ngoại Cảm', 'Phan Thị Bích Hằng', '', '', '', 0);

-- --------------------------------------------------------

--
-- Structure de la table `chuagiacquang_news`
--

CREATE TABLE IF NOT EXISTS `chuagiacquang_news` (
  `id` int(11) NOT NULL AUTO_INCREMENT,
  `id_category` int(11) DEFAULT NULL,
  `author` varchar(50) NOT NULL,
  `date` timestamp NOT NULL DEFAULT CURRENT_TIMESTAMP,
  `content` longtext NOT NULL,
  `title` text NOT NULL,
  `type` int(11) NOT NULL DEFAULT '0',
  PRIMARY KEY (`id`),
  KEY `foreign_field` (`id_category`)
) ENGINE=InnoDB  DEFAULT CHARSET=utf8 AUTO_INCREMENT=38 ;

--
-- Contenu de la table `chuagiacquang_news`
--

INSERT INTO `chuagiacquang_news` (`id`, `id_category`, `author`, `date`, `content`, `title`, `type`) VALUES
(7, 11, 'Nhiên Như - Quảng Tánh', '2012-10-29 00:09:57', '<p>\r\n	&nbsp;</p>\r\n<h1 align="left" class="Title" style="font-family: ''Times New Roman''; font-size: 14pt; margin-top: 0px; color: rgb(0, 0, 0); background-color: rgb(244, 245, 246);">\r\n	Đại lễ cầu si&ecirc;u nạn nh&acirc;n chết v&igrave; tai nạn giao th&ocirc;ng</h1>\r\n<h2 class="Lead" style="font-family: ''Times New Roman''; font-size: 11pt; color: rgb(95, 95, 95); background-color: rgb(244, 245, 246);">\r\n	S&aacute;ng nay, h&agrave;ng ngh&igrave;n tăng ni phật tử c&ugrave;ng tụ hội về Học viện Phật gi&aacute;o Việt Nam để tụng kinh, l&agrave;m lễ cầu si&ecirc;u cho những nạn nh&acirc;n tử vong v&igrave; tai nạn giao th&ocirc;ng.</h2>\r\n<table border="0" cellpadding="3" cellspacing="0" style="color: rgb(0, 0, 0); font-family: ''Times New Roman''; font-size: 15.454545021057129px; background-color: rgb(244, 245, 246);" width="100%">\r\n	<tbody>\r\n		<tr>\r\n			<td class="Image" style="font-family: Arial; font-size: 8.5pt; vertical-align: top;">\r\n				<img height="336" src="http://vnexpress.net/Files/Subject/3b/bd/e4/f3/le_cau_sieu_tngt_(7).jpg" width="495" /></td>\r\n		</tr>\r\n		<tr>\r\n			<td class="Image" style="font-family: Arial; font-size: 8.5pt; vertical-align: top;">\r\n				Đại lễ cầu si&ecirc;u cho nạn nh&acirc;n tử vong v&igrave; tai nạn giao th&ocirc;ng do Ủy ban An to&agrave;n giao th&ocirc;ng Quốc gia phối hợp với Gi&aacute;o hội Phật gi&aacute;o Việt Nam tổ chức v&agrave;o s&aacute;ng 10/11, tại Học Viện Phật gi&aacute;o Việt Nam. Đ&acirc;y l&agrave; lần đầu ti&ecirc;n cũng l&agrave; lễ cầu si&ecirc;u lớn nhất từ trước tới nay.</td>\r\n		</tr>\r\n		<tr>\r\n			<td class="BreakLine" style="font-family: Arial; font-size: 1pt; vertical-align: top;">\r\n				&nbsp;</td>\r\n		</tr>\r\n		<tr>\r\n			<td class="Image" style="font-family: Arial; font-size: 8.5pt; vertical-align: top;">\r\n				<img height="315" src="http://vnexpress.net/Files/Subject/3b/bd/e4/f3/le_cau_sieu_tngt_(10).jpg" width="495" /></td>\r\n		</tr>\r\n		<tr>\r\n			<td class="Image" style="font-family: Arial; font-size: 8.5pt; vertical-align: top;">\r\n				H&ograve;a thượng Th&iacute;ch Thanh Nhiễu - Ph&oacute; chủ tịch thường trực Hội đồng Trị sự Gi&aacute;o hội Phật gi&aacute;o cho rằng, đại lễ cầu si&ecirc;u kh&ocirc;ng chỉ mang &yacute; nghĩa cầu nguyện cho những linh hồn được si&ecirc;u tho&aacute;t, chia sẻ nỗi đau, mất m&aacute;t với gia đ&igrave;nh nạn nh&acirc;n m&agrave; c&ograve;n nhắc nhở c&aacute;c phật tử, to&agrave;n x&atilde; hội tr&acirc;n trọng cuộc sống v&agrave; c&ugrave;ng chung tay với cộng đồng hướng đến mục ti&ecirc;u giảm thiểu tai nạn giao th&ocirc;ng.</td>\r\n		</tr>\r\n		<tr>\r\n			<td class="Image" style="font-family: Arial; font-size: 8.5pt; vertical-align: top;">\r\n				<img height="330" src="http://vnexpress.net/Files/Subject/3b/bd/e4/f3/le_cau_sieu_tngt_(3).jpg" width="495" /></td>\r\n		</tr>\r\n		<tr>\r\n			<td class="Image" style="font-family: Arial; font-size: 8.5pt; vertical-align: top;">\r\n				H&agrave;ng ngh&igrave;n phật tử tụ hội từ sớm để thực hiện những nghi thức cầu si&ecirc;u.</td>\r\n		</tr>\r\n		<tr>\r\n			<td class="Image" style="font-family: Arial; font-size: 8.5pt; vertical-align: top;">\r\n				<img height="323" src="http://vnexpress.net/Files/Subject/3b/bd/e4/f3/le_cau_sieu_tngt_(4).jpg" width="495" /></td>\r\n		</tr>\r\n		<tr>\r\n			<td class="Image" style="font-family: Arial; font-size: 8.5pt; vertical-align: top;">\r\n				Ban kinh sư Học viện Phật gi&aacute;o Việt Nam thực hiện c&aacute;c nghi lễ phật đại khoa, tiếp ch&acirc;n linh, triệu ch&acirc;n linh, cơm ch&acirc;n linh&hellip; cho c&aacute;c nạn nh&acirc;n xấu số.</td>\r\n		</tr>\r\n		<tr>\r\n			<td class="Image" style="font-family: Arial; font-size: 8.5pt; vertical-align: top;">\r\n				<img height="342" src="http://vnexpress.net/Files/Subject/3b/bd/e4/f3/le_cau_sieu_tngt_(2).jpg" width="495" /></td>\r\n		</tr>\r\n		<tr>\r\n			<td class="Image" style="font-family: Arial; font-size: 8.5pt; vertical-align: top;">\r\n				Nhiều phật tử th&agrave;nh t&acirc;m niệm phật, chia sẻ nỗi đau với những gia đ&igrave;nh c&oacute; nạn nh&acirc;n tử vong v&igrave; tai nạn giao th&ocirc;ng.</td>\r\n		</tr>\r\n		<tr>\r\n			<td class="Image" style="font-family: Arial; font-size: 8.5pt; vertical-align: top;">\r\n				<img height="323" src="http://vnexpress.net/Files/Subject/3b/bd/e4/f3/le_cau_sieu_tngt_(6).jpg" width="495" /></td>\r\n		</tr>\r\n		<tr>\r\n			<td class="Image" style="font-family: Arial; font-size: 8.5pt; vertical-align: top;">\r\n				Kh&ocirc;ng &iacute;t người c&oacute; người th&acirc;n, bạn b&egrave; chết v&igrave; tai nạn giao th&ocirc;ng c&ugrave;ng l&agrave;m lễ cầu nguyện mong cho người th&acirc;n của m&igrave;nh sớm được si&ecirc;u tho&aacute;t.</td>\r\n		</tr>\r\n		<tr>\r\n			<td class="Image" style="font-family: Arial; font-size: 8.5pt; vertical-align: top;">\r\n				<img height="311" src="http://vnexpress.net/Files/Subject/3b/bd/e4/f3/le_cau_sieu_tngt_(1).jpg" width="495" /></td>\r\n		</tr>\r\n		<tr>\r\n			<td class="Image" style="font-family: Arial; font-size: 8.5pt; vertical-align: top;">\r\n				C&aacute;c chư vị tăng ni cũng c&ugrave;ng cầu nguyện.</td>\r\n		</tr>\r\n		<tr>\r\n			<td class="Image" style="font-family: Arial; font-size: 8.5pt; vertical-align: top;">\r\n				<img height="321" src="http://vnexpress.net/Files/Subject/3b/bd/e4/f3/le_cau_sieu_tngt.jpg" width="495" /></td>\r\n		</tr>\r\n		<tr>\r\n			<td class="Image" style="font-family: Arial; font-size: 8.5pt; vertical-align: top;">\r\n				Tham dự đại lễ cầu si&ecirc;u, Bộ trưởng GTVT Đinh La Thăng cho biết, mỗi ng&agrave;y c&oacute; hơn 30 người bị tử vong v&igrave; tai nạn giao th&ocirc;ng v&agrave; h&agrave;ng trăm người kh&aacute;c bị thương, đ&oacute; l&agrave; những tổn thất v&ocirc; c&ugrave;ng to lớn đối với gia đ&igrave;nh c&aacute;c nạn nh&acirc;n v&agrave; to&agrave;n x&atilde; hội.</td>\r\n		</tr>\r\n	</tbody>\r\n</table>\r\n<p align="right" class="Normal" style="font-family: ''Times New Roman''; font-size: 15.454545021057129px; color: rgb(0, 0, 0); background-color: rgb(244, 245, 246);">\r\n	<strong>B&aacute; Đ&ocirc;</strong></p>\r\n', 'Cầu siêu nạn nhân tử vong do tai nạn giao thông', 0),
(9, 11, 'Nhiên Như - Quảng Tánh', '0000-00-00 00:00:00', '<p>\r\n	&nbsp;</p>\r\n<div id="newsContent" style="color: rgb(0, 0, 0); font-family: Arial; font-size: 13px;">\r\n	<table align="left" border="0" cellpadding="0" cellspacing="3" style="font-family: tahoma, verdana, arial; font-size: 11px;" width="120">\r\n		<tbody>\r\n			<tr>\r\n				<td>\r\n					<a class="highslide" href="http://phatgiaovnn.com/upload1/uploads/News/pic/1353293493.phatgiaovnn.com.jpg" id="thumb1" style="color: rgb(0, 60, 94); text-decoration: initial;"><img alt="Xem hình" border="0" class="img-detail" src="http://phatgiaovnn.com/upload1/uploads/News/pic/small_1353293493.phatgiaovnn.com.jpg" width="120" /></a></td>\r\n			</tr>\r\n			<tr>\r\n				<td align="center">\r\n					&nbsp;</td>\r\n			</tr>\r\n		</tbody>\r\n	</table>\r\n	Chiều 17 th&aacute;ng 11, Gia &ETH;&igrave;nh Phật Tử ch&ugrave;a Bảo Quang, dưới sự chứng minh của H&ograve;a Thượng Th&iacute;ch Quảng Thanh v&agrave; Chư T&ocirc;n &ETH;ức, tổ chức buổi cầu nguyện v&agrave; chương tr&igrave;nh văn nghệ g&acirc;y quỹ cứu trợ nạn nh&acirc;n cơn b&atilde;o Sandy v&ugrave;ng &ETH;&ocirc;ng Bắc Hoa Kỳ.\r\n	<p>\r\n		<span style="font-size: 10pt;">Theo Phật tử Nguy&ecirc;n Thường Ng&ocirc; Văn Lu&acirc;n, huynh trưởng trong Gia &ETH;&igrave;nh Phật Tử ch&ugrave;a Bảo Quang, trưởng ban tổ chức: &ldquo;Với sự hướng dẫn của H&ograve;a Thượng Th&iacute;ch Quảng Thanh, viện chủ ch&ugrave;a Bảo Quang, Gia &ETH;&igrave;nh Phật Tử ch&ugrave;a Bảo Quang đ&atilde; sốt sắng đứng ra tổ chức buổi g&acirc;y quỹ n&agrave;y. H&ocirc;m nay, chương tr&igrave;nh văn nghệ sẽ k&eacute;o d&agrave;i trong ba tiếng đồng hồ. Trong thời gian n&agrave;y, Gia &ETH;&igrave;nh Phật Tử ch&uacute;ng t&ocirc;i k&ecirc;u gọi đồng hương Phật tử c&ugrave;ng tiếp tay đ&oacute;ng g&oacute;p cứu trợ nạn nh&acirc;n cơn b&atilde;o Sandy đ&atilde; t&agrave;n ph&aacute; nhiều nơi trong v&ugrave;ng &ETH;&ocirc;ng Bắc Hoa Kỳ, đặc biệt l&agrave; c&aacute;c v&ugrave;ng ở New Jersey v&agrave; New York khiến người d&acirc;n nơi đ&acirc;y đang phải chịu thiếu thốn mọi bề.&rdquo;</span></p>\r\n	<p align="justify">\r\n		Phật tử Nguy&ecirc;n Thường n&oacute;i th&ecirc;m: &ldquo;C&ugrave;ng sống trong một đất nước, ch&uacute;ng t&ocirc;i nhận thấy đ&acirc;y l&agrave; dịp để ch&uacute;ng ta chia sớt cho nhau trong cuộc sống đồng thời cũng để thể hiện tinh thần &#39;l&aacute; l&agrave;nh đ&ugrave;m l&aacute; r&aacute;ch, một miếng khi đ&oacute;i bằng một g&oacute;i khi no&#39; của người Việt ch&uacute;ng ta.&rdquo;</p>\r\n	<p align="justify">\r\n		Huynh Trưởng Ng&ocirc; Văn Lu&acirc;n cũng cho biết ban nhạc phụ tr&aacute;ch chương tr&igrave;nh văn nghệ h&ocirc;m nay l&agrave; do ban nhạc trẻ Q2 Entertainment của nhạc sĩ Quốc Tuấn sốt sắng t&igrave;nh nguyện khi mới ph&aacute;t động c&ocirc;ng việc g&acirc;y quỹ n&agrave;y. &ETH;ồng thời, c&aacute;c anh chị em trong Gia &ETH;&igrave;nh Phật Tử ch&ugrave;a Bảo Quang cũng sốt sắng gom g&oacute;p tiền ri&ecirc;ng mua thức ăn nhẹ b&agrave;y trong c&aacute;c gian h&agrave;ng quanh s&acirc;n khấu để b&agrave; con d&ugrave;ng v&agrave; t&ugrave;y hỉ cống hiến cho quỹ Cứu Trợ Nạn Nh&acirc;n b&atilde;o Sandy v&ugrave;ng &ETH;&ocirc;ng Bắc Hoa Kỳ.</p>\r\n	<p>\r\n		Huynh Trưởng Ng&ocirc; Văn Lu&acirc;n cũng cho biết, ban tổ chức sẽ b&aacute;o c&aacute;o kết quả t&agrave;i ch&iacute;nh trong buổi g&acirc;y quỹ n&agrave;y ngay sau khi chấm dứt chương tr&igrave;nh văn nghệ. Tất cả số tiền thu được do đồng hương đ&oacute;ng g&oacute;p cũng như của c&aacute;c Phật tử thu được từ c&aacute;c gian h&agrave;ng b&aacute;n thức ăn sẽ được tổng kết v&agrave; tr&igrave;nh l&ecirc;n h&ograve;a thượng để trao cho tổ chức American Red Cross.</p>\r\n	<p align="justify">\r\n		Buổi văn nghệ g&acirc;y quỹ diễn ra trong khu&ocirc;n vi&ecirc;n ch&ugrave;a Bảo Quang với những tiếng h&aacute;t của nam nữ Phật tử ch&ugrave;a Bảo Quang c&ugrave;ng với những ca sĩ của ban nhạc Q2 Entertainment.</p>\r\n	<p align="justify">\r\n		Sau chương tr&igrave;nh văn nghệ, tất cả c&ugrave;ng nhau dự buổi lễ Cầu Nguyện B&igrave;nh An cho những nạn nh&acirc;n cơn b&atilde;o Sandy, do H&ograve;a Thượng Th&iacute;ch Quảng Thanh v&agrave; Chư T&ocirc;n &ETH;ức cử h&agrave;nh trước s&acirc;n khấu.</p>\r\n</div>\r\n<p align="right" style="color: rgb(0, 0, 0); font-family: Arial; font-size: 13px;">\r\n	(Theo&nbsp;<i>NV</i>)</p>\r\n', 'Chùa Bảo Quang gây quỹ giúp nạn nhân bão Sandy', 0),
(10, 11, 'Nhiên Như - Quảng Tánh', '2012-10-29 09:00:00', '<p>\r\n	&nbsp;</p>\r\n<div class="fon13 mt1" style="margin: 7px 0px 0px; padding: 0px; outline: none; border: 0px; font-weight: 700; font-size: 12pt; line-height: 20px; font-family: ''Times New Roman''; color: rgb(51, 51, 51);">\r\n	Tại TP.HCM, b&ecirc;n cạnh c&aacute;c hoạt động văn nghệ ch&agrave;o mừng Vu lan diễn ra từ đầu th&aacute;ng 8 đến nay, h&ocirc;m qua (13-8) tức ng&agrave;y 14 th&aacute;ng Bảy &acirc;m lịch, rất nhiều ch&ugrave;a, tự viện đ&atilde; tổ chức mừng đại lễ Vu lan.</div>\r\n<div class="fon16" style="margin: 0px; padding: 0px; outline: none; border: 0px; font-family: ''Times New Roman''; font-size: 12pt; color: rgb(51, 51, 51); line-height: 20px;">\r\n	<div id="contentdetail" style="margin: 0px; padding: 0px; outline: none; border: 0px;">\r\n		<p>\r\n			&nbsp;</p>\r\n		<p align="justify">\r\n			Đ&acirc;y kh&ocirc;ng chỉ l&agrave; dịp c&uacute;ng dường thể hiện hiếu hạnh của những người Phật tử, Vu lan tại TP.HCM c&ograve;n đ&aacute;nh dấu những hoạt động từ thiện, cầu nguyện&hellip;</p>\r\n		<p align="justify">\r\n			Trong ng&agrave;y h&ocirc;m qua, ch&ugrave;a Vĩnh Nghi&ecirc;m (TP.HCM) đ&atilde; ph&aacute;t 1.300 phần qu&agrave; (mỗi phần gồm 10 kg gạo v&agrave; một th&ugrave;ng m&igrave; g&oacute;i) cho c&aacute;c hộ ngh&egrave;o tr&ecirc;n địa b&agrave;n TP.HCM. Kh&ocirc;ng chỉ vậy, Phật tử, người ngh&egrave;o&hellip; đến lễ Phật đều được thưởng thức b&uacute;n ri&ecirc;u chay miễn ph&iacute;. Trong ba ng&agrave;y từ 12 đến 14-7 &acirc;m lịch, ch&ugrave;a Vĩnh Nghi&ecirc;m cũng tổ chức đại lễ trai đ&agrave;n chẩn tế cầu si&ecirc;u cho c&aacute;c thai nhi. Đại lễ l&agrave; dịp để c&aacute;c bậc đ&atilde; l&agrave;m cha l&agrave;m mẹ hoặc sẽ l&agrave;m cha l&agrave;m mẹ c&oacute; cơ duy&ecirc;n t&igrave;m hiểu s&acirc;u xa hơn &yacute; nghĩa của t&igrave;nh y&ecirc;u thương v&agrave; mầm sống để x&acirc;y dựng một cuộc sống đạo đức, l&agrave;nh mạnh, tr&agrave;n đầy y&ecirc;u thương v&agrave; hạnh ph&uacute;c.</p>\r\n		<p align="center">\r\n			<i><img _fl="" src="http://phapluattp.vcmedia.vn/Images/Uploaded/Share/2011/08/13/8-Ancom.jpg" style="margin: 5px;" width="360" /></i></p>\r\n		<p align="center">\r\n			<i>C&aacute;c Phật tử đang d&ugrave;ng bữa&nbsp; tại ch&ugrave;a Vĩnh Nghi&ecirc;m s&aacute;ng 13-8. Ảnh: HTD</i></p>\r\n		<p align="center">\r\n			<i><img _fl="" src="http://phapluattp.vcmedia.vn/Images/Uploaded/Share/2011/08/13/8-box1.jpg" style="margin: 5px;" width="360" /></i></p>\r\n		<p align="center">\r\n			<i>C&aacute;c tăng tụng kinh Địa tạng trong đại lễ trai đ&agrave;n chẩn tế cầu si&ecirc;u tại ch&ugrave;a Vĩnh Nghi&ecirc;m chiều 13-8. Ảnh: HỒNG &Uacute;T</i></p>\r\n		<p align="center">\r\n			<i><img _fl="" src="http://phapluattp.vcmedia.vn/Images/Uploaded/Share/2011/08/13/8-chot.jpg" style="margin: 5px;" width="360" /></i></p>\r\n		<p align="center">\r\n			<i>H&agrave;ng ng&agrave;n Phật tử đ&atilde; đến Khu du lịch văn h&oacute;a Suối Ti&ecirc;n để tham gia đại lễ Vu lan. Ảnh: HỒNG &Uacute;T</i></p>\r\n		<p align="justify">\r\n			Trước đ&oacute;, s&aacute;ng 12-8 (tức 13 th&aacute;ng Bảy &acirc;m lịch), Gi&aacute;o hội Phật gi&aacute;o tỉnh Thừa Thi&ecirc;n-Huế đ&atilde; tổ chức lễ c&uacute;ng dường y, Tự tứ, Vu lan v&agrave; Trai tăng c&uacute;ng dường tại ch&ugrave;a Từ Đ&agrave;m. Buổi lễ đặt dưới sự chứng minh của H&ograve;a thượng Th&iacute;ch Đức Phương, Ph&oacute; Chủ tịch Hội đồng Trị sự, Trưởng ban Trị sự Tỉnh hội Phật gi&aacute;o Thừa Thi&ecirc;n-Huế c&ugrave;ng chư t&ocirc;n đức tăng, ni. Sau lễ c&uacute;ng dường y, khoảng 800 tăng, ni v&agrave; hơn 1.000 Phật tử tham dự nghi lễ Vu lan tại ch&aacute;nh điện ch&ugrave;a Từ Đ&agrave;m. H&ograve;a thượng Th&iacute;ch Khế Chơn đ&atilde; n&oacute;i l&ecirc;n &yacute; nghĩa của ng&agrave;y lễ Vu lan v&agrave; ảnh hưởng của ng&agrave;y lễ với truyền thống hiếu đạo của người Việt Nam n&oacute;i chung v&agrave; người Huế n&oacute;i ri&ecirc;ng. Tối c&ugrave;ng ng&agrave;y, tại Trung t&acirc;m Văn h&oacute;a Phật gi&aacute;o Liễu Qu&aacute;n Huế, lễ c&agrave;i hoa hồng v&agrave; văn nghệ K&iacute;nh mừng Vu lan đ&atilde; được tổ chức trong t&acirc;m niệm b&aacute;o đ&aacute;p ơn nghĩa sinh th&agrave;nh.</p>\r\n		<p align="justify">\r\n			H&ocirc;m nay (14-8), tức rằm th&aacute;ng Bảy &acirc;m lịch, ng&agrave;y lễ ch&iacute;nh của đại lễ Vu lan. Tất cả c&aacute;c ch&ugrave;a, tự viện đều c&oacute; tổ chức lễ. Ri&ecirc;ng tại ch&ugrave;a Hoằng Ph&aacute;p, hằng năm đều tập trung h&agrave;ng ng&agrave;n Phật tử về c&ugrave;ng d&acirc;ng c&uacute;ng, thực hiện nghi thức c&agrave;i hoa hồng, tụng kinh Vu lan&hellip;</p>\r\n		<p align="right">\r\n			<b>QUỲNH TRANG</b></p>\r\n	</div>\r\n</div>\r\n<p>\r\n	&nbsp;</p>\r\n', 'Vu lan: Mùa hiếu hạnh, từ thiện', 0),
(11, 11, 'Nhiên Như - Quảng Tánh', '2012-10-29 09:00:00', '<p>\r\n	&nbsp;</p>\r\n<p style="margin: 0px; padding: 0px; border: 0px; outline: 0px; vertical-align: baseline; color: rgb(0, 0, 0); font-family: Verdana, Tahoma; font-size: 14px; text-align: justify;">\r\n	<b style="margin: 0px; padding: 0px; border: 0px; outline: 0px; vertical-align: baseline;">Hội nghị đại biểu thống nhất Phật gi&aacute;o Việt Nam</b></p>\r\n<p align="justify" style="margin: 0px; padding: 0px; border: 0px; outline: 0px; vertical-align: baseline; color: rgb(0, 0, 0); font-family: Verdana, Tahoma; font-size: 14px; text-align: justify;">\r\n	Diễn ra từ ng&agrave;y 4 đến 7-11-1981, tại hội trường ch&ugrave;a Qu&aacute;n Sứ, 73 Qu&aacute;n Sứ, H&agrave; Nội, hội tụ 165 đại biểu của 9 tổ chức, hệ ph&aacute;i (Hội Phật gi&aacute;o Thống nhất Việt Nam, Gi&aacute;o hội Phật gi&aacute;o Việt Nam Thống nhất, Gi&aacute;o hội Phật gi&aacute;o Cổ truyền Việt Nam, Ban Li&ecirc;n lạc Phật gi&aacute;o Y&ecirc;u nước TP.Hồ Ch&iacute; Minh, Gi&aacute;o hội Tăng-gi&agrave; Nguy&ecirc;n thủy Việt Nam, Hội Sư s&atilde;i Y&ecirc;u nước miền T&acirc;y Nam Bộ, Gi&aacute;o hội Tăng-gi&agrave; Khất sĩ Việt Nam, Gi&aacute;o hội Phật gi&aacute;o Thi&ecirc;n Thai gi&aacute;o Qu&aacute;n t&ocirc;ng, Hội Phật học Nam Việt).</p>\r\n<p align="center" style="margin: 0px; padding: 0px; border: 0px; outline: 0px; vertical-align: baseline; color: rgb(0, 0, 0); font-family: Verdana, Tahoma; font-size: 14px;">\r\n	<img alt="1a.jpg" border="0" height="361" src="http://vinhnghiemvn.com/UserImages/2012/11/20/1/1a.jpg" style="border: 0px; margin: 0px; padding: 0px; outline: 0px; vertical-align: baseline;" width="550" /><br />\r\n	Chủ tọa đo&agrave;n</p>\r\n<p align="justify" style="margin: 0px; padding: 0px; border: 0px; outline: 0px; vertical-align: baseline; color: rgb(0, 0, 0); font-family: Verdana, Tahoma; font-size: 14px; text-align: justify;">\r\n	Hội nghị đ&atilde; cung thỉnh Trưởng l&atilde;o H&ograve;a thượng Th&iacute;ch Đức Nhuận v&agrave;o ng&ocirc;i vị Ph&aacute;p chủ; Trưởng l&atilde;o H&ograve;a thượng Th&iacute;ch Đ&ocirc;n Hậu, Đệ nhất Ph&oacute; Ph&aacute;p chủ ki&ecirc;m Gi&aacute;m luật Hội đồng Chứng minh; suy cử Trưởng l&atilde;o H&ograve;a thượng Th&iacute;ch Tr&iacute; Thủ l&agrave;m Chủ tịch Hội đồng Trị sự GHPGVN.</p>\r\n<p align="justify" style="margin: 0px; padding: 0px; border: 0px; outline: 0px; vertical-align: baseline; color: rgb(0, 0, 0); font-family: Verdana, Tahoma; font-size: 14px; text-align: justify;">\r\n	Hội nghị đ&atilde; th&ocirc;ng qua đường hướng h&agrave;nh đạo l&agrave; &ldquo;Đạo ph&aacute;p - D&acirc;n tộc - Chủ nghĩa x&atilde; hội&rdquo;, th&ocirc;ng qua Hiến chương GHPGVN gồm Lời n&oacute;i đầu, 11 chương v&agrave; 46 điều.&nbsp;</p>\r\n<p align="center" style="margin: 0px; padding: 0px; border: 0px; outline: 0px; vertical-align: baseline; color: rgb(0, 0, 0); font-family: Verdana, Tahoma; font-size: 14px;">\r\n	<img alt="1d.jpg" border="0" height="333" src="http://vinhnghiemvn.com/UserImages/2012/11/20/1/1d.jpg" style="border: 0px; margin: 0px; padding: 0px; outline: 0px; vertical-align: baseline;" width="550" /><br />\r\n	Đại biểu chụp h&igrave;nh lưu niệm trước ch&aacute;nh điện ch&ugrave;a Qu&aacute;n Sứ</p>\r\n<p align="justify" style="margin: 0px; padding: 0px; border: 0px; outline: 0px; vertical-align: baseline; color: rgb(0, 0, 0); font-family: Verdana, Tahoma; font-size: 14px; text-align: justify;">\r\n	Nhiệm kỳ 1, Gi&aacute;o hội c&oacute; 6 ban, ng&agrave;nh thuộc Hội đồng Trị sự (Ban Tăng sự, Ban Gi&aacute;o dục Tăng Ni, Ban Hướng dẫn nam nữ Phật tử, Ban Hoằng ph&aacute;p, Ban Nghi lễ, Ban Văn h&oacute;a). Cũng tại Hội nghị n&agrave;y, Trường Cao cấp Phật học VN, cơ sở 1 (sau n&agrave;y l&agrave; Học viện Phật gi&aacute;o VN tại H&agrave; Nội) được th&agrave;nh lập, tiếp theo Trường Cao cấp Phật học VN cơ sở 2 (sau n&agrave;y l&agrave; Học viện Phật gi&aacute;o VN tại TP.Hồ Ch&iacute; Minh) được th&agrave;nh lập năm 1984.</p>\r\n<p align="justify" style="margin: 0px; padding: 0px; border: 0px; outline: 0px; vertical-align: baseline; color: rgb(0, 0, 0); font-family: Verdana, Tahoma; font-size: 14px; text-align: justify;">\r\n	Hội nghị lịch sử n&agrave;y được xem l&agrave; Đại hội đại biểu Phật gi&aacute;o to&agrave;n quốc lần thứ 1, nhiệm kỳ 1981-1987 của GHPGVN.</p>\r\n<p style="margin: 0px; padding: 0px; border: 0px; outline: 0px; vertical-align: baseline; color: rgb(0, 0, 0); font-family: Verdana, Tahoma; font-size: 14px; text-align: justify;">\r\n	<b style="margin: 0px; padding: 0px; border: 0px; outline: 0px; vertical-align: baseline;">Đại hội đại biểu Phật gi&aacute;o to&agrave;n quốc lần thứ II, nhiệm kỳ 1987-1992</b></p>\r\n<p align="justify" style="margin: 0px; padding: 0px; border: 0px; outline: 0px; vertical-align: baseline; color: rgb(0, 0, 0); font-family: Verdana, Tahoma; font-size: 14px; text-align: justify;">\r\n	Diễn ra c&aacute;c ng&agrave;y 28, 29-10-1987 tại Cung Văn h&oacute;a Hữu nghị Việt X&ocirc;, H&agrave; Nội; th&agrave;nh phần: 200 đại biểu.</p>\r\n<p align="center" style="margin: 0px; padding: 0px; border: 0px; outline: 0px; vertical-align: baseline; color: rgb(0, 0, 0); font-family: Verdana, Tahoma; font-size: 14px;">\r\n	<img alt="2a.jpg" border="0" height="315" src="http://vinhnghiemvn.com/UserImages/2012/11/20/1/2a.jpg" style="border: 0px; margin: 0px; padding: 0px; outline: 0px; vertical-align: baseline;" width="550" /><br />\r\n	Đại biểu chụp h&igrave;nh lưu niệm với Tổng B&iacute; thư Nguyễn Văn Linh</p>\r\n<p align="justify" style="margin: 0px; padding: 0px; border: 0px; outline: 0px; vertical-align: baseline; color: rgb(0, 0, 0); font-family: Verdana, Tahoma; font-size: 14px; text-align: justify;">\r\n	L&atilde;nh đạo Gi&aacute;o hội: Ph&aacute;p chủ Hội đồng Chứng minh: Trưởng l&atilde;o H&ograve;a thượng Th&iacute;ch Đức Nhuận; Chủ tịch Hội đồng Trị sự: H&ograve;a thượng Th&iacute;ch Tr&iacute; Tịnh.</p>\r\n<p align="justify" style="margin: 0px; padding: 0px; border: 0px; outline: 0px; vertical-align: baseline; color: rgb(0, 0, 0); font-family: Verdana, Tahoma; font-size: 14px; text-align: justify;">\r\n	Nhiệm kỳ 2, Gi&aacute;o hội c&oacute; 8 ban, ng&agrave;nh, viện thuộc Hội đồng Trị sự; ngo&agrave;i 6 ban, ng&agrave;nh cũ th&ecirc;m 2 đơn vị mới l&agrave; Ban Kinh tế tự t&uacute;c nh&agrave; ch&ugrave;a - Từ thiện x&atilde; hội v&agrave; Viện Nghi&ecirc;n cứu Phật học VN (trụ sở tại TP.Hồ Ch&iacute; Minh). Số lượng th&agrave;nh vi&ecirc;n mỗi ban, ng&agrave;nh từ 9 vị tăng l&ecirc;n 15 vị. Về tổ chức Phật gi&aacute;o địa phương, GHPGVN c&oacute; 29 tỉnh, th&agrave;nh hội Phật gi&aacute;o trong cả nước.</p>\r\n<p align="justify" style="margin: 0px; padding: 0px; border: 0px; outline: 0px; vertical-align: baseline; color: rgb(0, 0, 0); font-family: Verdana, Tahoma; font-size: 14px; text-align: justify;">\r\n	<b style="margin: 0px; padding: 0px; border: 0px; outline: 0px; vertical-align: baseline;">Đại hội đại biểu Phật gi&aacute;o to&agrave;n quốc lần thứ III, nhiệm kỳ 1992-1997</b></p>\r\n<p align="justify" style="margin: 0px; padding: 0px; border: 0px; outline: 0px; vertical-align: baseline; color: rgb(0, 0, 0); font-family: Verdana, Tahoma; font-size: 14px; text-align: justify;">\r\n	Diễn ra trong c&aacute;c ng&agrave;y 3, 4-11-1992 tại Cung Văn h&oacute;a Hữu nghị Việt X&ocirc;, H&agrave; Nội. Th&agrave;nh phần: 250 đại biểu. Tại Đại hội đ&atilde; suy t&ocirc;n Trưởng l&atilde;o H&ograve;a thượng Th&iacute;ch T&acirc;m Tịch v&agrave;o ng&ocirc;i vị Ph&aacute;p chủ Hội đồng Chứng minh; Chủ tịch Hội đồng Trị sự l&agrave; H&ograve;a thượng Th&iacute;ch Tr&iacute; Tịnh.</p>\r\n<p align="center" style="margin: 0px; padding: 0px; border: 0px; outline: 0px; vertical-align: baseline; color: rgb(0, 0, 0); font-family: Verdana, Tahoma; font-size: 14px;">\r\n	<img alt="3d.jpg" border="0" height="364" src="http://vinhnghiemvn.com/UserImages/2012/11/20/1/3d.jpg" style="border: 0px; margin: 0px; padding: 0px; outline: 0px; vertical-align: baseline;" width="550" /><br />\r\n	Chứng minh v&agrave; Chủ tọa đo&agrave;n Đại hội lần thứ III</p>\r\n<p align="justify" style="margin: 0px; padding: 0px; border: 0px; outline: 0px; vertical-align: baseline; color: rgb(0, 0, 0); font-family: Verdana, Tahoma; font-size: 14px; text-align: justify;">\r\n	Nhiệm kỳ 3, Gi&aacute;o hội c&oacute; 10 ban, ng&agrave;nh; ngo&agrave;i 8 ban, ng&agrave;nh cũ, t&aacute;ch Ban Kinh tế tự t&uacute;c nh&agrave; ch&ugrave;a - Từ thiện x&atilde; hội th&agrave;nh Ban Kinh tế T&agrave;i ch&iacute;nh v&agrave; Ban Từ thiện x&atilde; hội, th&agrave;nh lập 1 ban mới l&agrave; Ban Phật gi&aacute;o Quốc tế. Ngo&agrave;i ra, Gi&aacute;o hội cũng th&agrave;nh lập Ph&acirc;n viện Viện Nghi&ecirc;n cứu Phật học VN tại H&agrave; Nội. Số lượng th&agrave;nh vi&ecirc;n mỗi ban, ng&agrave;nh l&agrave; 25 vị. Về hệ thống h&agrave;nh ch&aacute;nh, c&oacute; 40 tỉnh, th&agrave;nh hội Phật gi&aacute;o trong cả nước.</p>\r\n<p align="justify" style="margin: 0px; padding: 0px; border: 0px; outline: 0px; vertical-align: baseline; color: rgb(0, 0, 0); font-family: Verdana, Tahoma; font-size: 14px; text-align: justify;">\r\n	Trường Cao cấp Phật học cơ sở 3 (sau được đổi t&ecirc;n l&agrave; Học viện Phật gi&aacute;o VN tại Huế) được th&agrave;nh lập, Gi&aacute;o hội tiến h&agrave;nh đổi t&ecirc;n hệ thống Trường Cao cấp Phật học th&agrave;nh Học viện Phật gi&aacute;o VN (3 trường tại H&agrave; Nội, Huế, TP.Hồ Ch&iacute; Minh); hệ thống Trường Cơ bản Phật học th&agrave;nh Trường Trung cấp Phật học. Th&agrave;nh lập Hội đồng Phi&ecirc;n dịch v&agrave; Ấn h&agrave;nh Đại tạng kinh VN thuộc Viện Nghi&ecirc;n cứu Phật học VN.</p>\r\n<p style="margin: 0px; padding: 0px; border: 0px; outline: 0px; vertical-align: baseline; color: rgb(0, 0, 0); font-family: Verdana, Tahoma; font-size: 14px; text-align: justify;">\r\n	<b style="margin: 0px; padding: 0px; border: 0px; outline: 0px; vertical-align: baseline;">Đại hội đại biểu Phật gi&aacute;o to&agrave;n quốc lần thứ IV, nhiệm kỳ 1997-2002</b></p>\r\n<p align="justify" style="margin: 0px; padding: 0px; border: 0px; outline: 0px; vertical-align: baseline; color: rgb(0, 0, 0); font-family: Verdana, Tahoma; font-size: 14px; text-align: justify;">\r\n	Ch&iacute;nh thức diễn ra v&agrave;o c&aacute;c ng&agrave;y 22, 23-11-1997, tại Cung Văn h&oacute;a Hữu nghị Việt X&ocirc;, H&agrave; Nội với 300 đại biểu.</p>\r\n<p align="center" style="margin: 0px; padding: 0px; border: 0px; outline: 0px; vertical-align: baseline; color: rgb(0, 0, 0); font-family: Verdana, Tahoma; font-size: 14px;">\r\n	<img alt="4a.jpg" border="0" height="364" src="http://vinhnghiemvn.com/UserImages/2012/11/20/1/4a.jpg" style="border: 0px; margin: 0px; padding: 0px; outline: 0px; vertical-align: baseline;" width="550" /></p>\r\n<p style="margin: 0px; padding: 0px; border: 0px; outline: 0px; vertical-align: baseline; color: rgb(0, 0, 0); font-family: Verdana, Tahoma; font-size: 14px; text-align: justify;">\r\n	Ph&aacute;p chủ Hội đồng Chứng minh l&agrave; Trưởng l&atilde;o H&ograve;a thượng Th&iacute;ch T&acirc;m Tịch; Chủ tịch Hội đồng Trị sự l&agrave; H&ograve;a thượng Th&iacute;ch Tr&iacute; Tịnh.</p>\r\n<p align="center" style="margin: 0px; padding: 0px; border: 0px; outline: 0px; vertical-align: baseline; color: rgb(0, 0, 0); font-family: Verdana, Tahoma; font-size: 14px;">\r\n	<img alt="4f.jpg" border="0" height="365" src="http://vinhnghiemvn.com/UserImages/2012/11/20/1/4f.jpg" style="border: 0px; margin: 0px; padding: 0px; outline: 0px; vertical-align: baseline;" width="550" /><br />\r\n	To&agrave;n cảnh Đại hội kỳ IV</p>\r\n<p align="justify" style="margin: 0px; padding: 0px; border: 0px; outline: 0px; vertical-align: baseline; color: rgb(0, 0, 0); font-family: Verdana, Tahoma; font-size: 14px; text-align: justify;">\r\n	Nh&acirc;n sự Hội đồng Chứng minh, Hội đồng Trị sự được tăng l&ecirc;n, số lượng th&agrave;nh vi&ecirc;n mỗi ban, ng&agrave;nh cũng tăng l&ecirc;n l&agrave; 30 vị. Về hệ thống tổ chức địa phương c&oacute; 49 tỉnh, th&agrave;nh hội Phật gi&aacute;o trong cả nước. Hệ thống Trường Trung cấp Phật học tại c&aacute;c tỉnh, th&agrave;nh phố tăng l&ecirc;n 25 trường, đề nghị mở th&ecirc;m c&aacute;c lớp Cao đẳng Phật học tại 3 địa phương: TP.Hồ Ch&iacute; Minh, Cần Thơ v&agrave; B&agrave; Rịa-Vũng T&agrave;u.</p>\r\n<p align="justify" style="margin: 0px; padding: 0px; border: 0px; outline: 0px; vertical-align: baseline; color: rgb(0, 0, 0); font-family: Verdana, Tahoma; font-size: 14px; text-align: justify;">\r\n	<b style="margin: 0px; padding: 0px; border: 0px; outline: 0px; vertical-align: baseline;">Đại hội đại biểu Phật gi&aacute;o to&agrave;n quốc lần thứ V, nhiệm kỳ 2002-2007</b></p>\r\n<p align="justify" style="margin: 0px; padding: 0px; border: 0px; outline: 0px; vertical-align: baseline; color: rgb(0, 0, 0); font-family: Verdana, Tahoma; font-size: 14px; text-align: justify;">\r\n	Ch&iacute;nh thức diễn ra v&agrave;o c&aacute;c ng&agrave;y 4 v&agrave; 5-12-2002, tại Cung Văn h&oacute;a Hữu nghị Việt X&ocirc;, H&agrave; Nội với th&agrave;nh phần hơn 500 đại biểu.</p>\r\n<p align="center" style="margin: 0px; padding: 0px; border: 0px; outline: 0px; vertical-align: baseline; color: rgb(0, 0, 0); font-family: Verdana, Tahoma; font-size: 14px;">\r\n	<img alt="5c.jpg" border="0" height="378" src="http://vinhnghiemvn.com/UserImages/2012/11/20/1/5c.jpg" style="border: 0px; margin: 0px; padding: 0px; outline: 0px; vertical-align: baseline;" width="550" /><br />\r\n	Chư t&ocirc;n đức gi&aacute;o phẩm tham dự Đại hội kỳ V</p>\r\n<p align="justify" style="margin: 0px; padding: 0px; border: 0px; outline: 0px; vertical-align: baseline; color: rgb(0, 0, 0); font-family: Verdana, Tahoma; font-size: 14px; text-align: justify;">\r\n	Ph&aacute;p chủ Hội đồng Chứng minh l&agrave; Trưởng l&atilde;o H&ograve;a thượng Th&iacute;ch T&acirc;m Tịch; Chủ tịch Hội đồng Trị sự l&agrave; H&ograve;a thượng Th&iacute;ch Tr&iacute; Tịnh.</p>\r\n<p align="justify" style="margin: 0px; padding: 0px; border: 0px; outline: 0px; vertical-align: baseline; color: rgb(0, 0, 0); font-family: Verdana, Tahoma; font-size: 14px; text-align: justify;">\r\n	Nhiệm kỳ 5 của Gi&aacute;o hội, Học viện Phật gi&aacute;o Nam t&ocirc;ng Khmer được th&agrave;nh lập. Đ&acirc;y l&agrave; cơ sở chuy&ecirc;n đ&agrave;o tạo Tăng t&agrave;i cho Phật gi&aacute;o Nam t&ocirc;ng tại TP.Cần Thơ. Hệ thống trường trung cấp tăng l&ecirc;n con số 30, 8 lớp Cao đẳng tại TP.Hồ Ch&iacute; Minh, B&agrave; Rịa-Vũng T&agrave;u, Cần Thơ, L&acirc;m Đồng, H&agrave; Nội, Thừa Thi&ecirc;n-Huế, Quảng Nam v&agrave; Bạc Li&ecirc;u. Về hệ thống tổ chức Phật gi&aacute;o địa phương, GHPGVN c&oacute; 52 tỉnh, th&agrave;nh hội Phật gi&aacute;o trong cả nước.</p>\r\n<p style="margin: 0px; padding: 0px; border: 0px; outline: 0px; vertical-align: baseline; color: rgb(0, 0, 0); font-family: Verdana, Tahoma; font-size: 14px; text-align: justify;">\r\n	<b style="margin: 0px; padding: 0px; border: 0px; outline: 0px; vertical-align: baseline;">Đại hội đại biểu Phật gi&aacute;o to&agrave;n quốc lần thứ VI, nhiệm kỳ 2007-2012</b></p>\r\n<p style="margin: 0px; padding: 0px; border: 0px; outline: 0px; vertical-align: baseline; color: rgb(0, 0, 0); font-family: Verdana, Tahoma; font-size: 14px; text-align: justify;">\r\n	Diễn ra từ ng&agrave;y 11 đến 14-12-2007, tại Cung Văn h&oacute;a Hữu nghị Việt X&ocirc;, H&agrave; Nội; với th&agrave;nh phần tham dự hơn 800 đại biểu.&nbsp;&nbsp;</p>\r\n<p align="center" style="margin: 0px; padding: 0px; border: 0px; outline: 0px; vertical-align: baseline; color: rgb(0, 0, 0); font-family: Verdana, Tahoma; font-size: 14px;">\r\n	<img alt="6b.jpg" border="0" height="293" src="http://vinhnghiemvn.com/UserImages/2012/11/20/1/6b.jpg" style="border: 0px; margin: 0px; padding: 0px; outline: 0px; vertical-align: baseline;" width="550" /><br />\r\n	To&agrave;n cảnh Đại hội kỳ VI</p>\r\n<p align="justify" style="margin: 0px; padding: 0px; border: 0px; outline: 0px; vertical-align: baseline; color: rgb(0, 0, 0); font-family: Verdana, Tahoma; font-size: 14px; text-align: justify;">\r\n	Đại hội đ&atilde; suy t&ocirc;n Trưởng l&atilde;o H&ograve;a thượng Th&iacute;ch Phổ Tuệ v&agrave;o ng&ocirc;i vị Ph&aacute;p chủ Hội đồng Chứng minh; Chủ tịch Hội đồng Trị sự l&agrave; H&ograve;a thượng Th&iacute;ch Tr&iacute; Tịnh.</p>\r\n<p align="justify" style="margin: 0px; padding: 0px; border: 0px; outline: 0px; vertical-align: baseline; color: rgb(0, 0, 0); font-family: Verdana, Tahoma; font-size: 14px; text-align: justify;">\r\n	Lần đầu ti&ecirc;n, Đạo kỳ v&agrave; Đạo ca được đưa v&agrave;o Hiến chương GHPGVN; th&ecirc;m quy định về Ban Đại diện Phật gi&aacute;o cấp quận, huyện; tăng số lượng th&agrave;nh vi&ecirc;n Hội đồng Chứng minh (98 th&agrave;nh vi&ecirc;n) v&agrave; ủy vi&ecirc;n Hội đồng Trị sự (147 ủy vi&ecirc;n ch&iacute;nh thức, 48 ủy vi&ecirc;n dự khuyết)&hellip; Nhiệm kỳ 6 GHPGVN cũng l&agrave; nhiệm kỳ Gi&aacute;o hội c&oacute; nhiều th&agrave;nh tựu quan trọng tr&ecirc;n c&aacute;c lĩnh vực hoạt động.</p>\r\n<p align="center" style="margin: 0px; padding: 0px; border: 0px; outline: 0px; vertical-align: baseline; color: rgb(0, 0, 0); font-family: Verdana, Tahoma; font-size: 14px;">\r\n	<img alt="6a.jpg" border="0" height="357" src="http://vinhnghiemvn.com/UserImages/2012/11/20/1/6a.jpg" style="border: 0px; margin: 0px; padding: 0px; outline: 0px; vertical-align: baseline;" width="550" /><br />\r\n	Chư t&ocirc;n đức gi&aacute;o phẩm thăm Tổng B&iacute; thư N&ocirc;ng Đức Mạnh</p>\r\n<p style="margin: 0px; padding: 0px; border: 0px; outline: 0px; vertical-align: baseline; color: rgb(0, 0, 0); font-family: Verdana, Tahoma; font-size: 14px; text-align: justify;">\r\n	Hệ thống h&agrave;nh ch&aacute;nh Gi&aacute;o hội c&oacute; 58 tỉnh, th&agrave;nh hội Phật gi&aacute;o tr&ecirc;n to&agrave;n quốc được th&agrave;nh lập v&agrave; hoạt động ổn định, hiệu quả.</p>\r\n<p align="center" style="margin: 0px; padding: 0px; border: 0px; outline: 0px; vertical-align: baseline; color: rgb(0, 0, 0); font-family: Verdana, Tahoma; font-size: 14px;">\r\n	<img alt="6i.jpg" border="0" height="368" src="http://vinhnghiemvn.com/UserImages/2012/11/20/1/6i.jpg" style="border: 0px; margin: 0px; padding: 0px; outline: 0px; vertical-align: baseline;" width="550" /></p>\r\n<p align="justify" style="margin: 0px; padding: 0px; border: 0px; outline: 0px; vertical-align: baseline; color: rgb(0, 0, 0); font-family: Verdana, Tahoma; font-size: 14px; text-align: justify;">\r\n	Gi&aacute;o hội đ&atilde; th&agrave;nh lập Ph&acirc;n ban Đặc tr&aacute;ch Ni giới thuộc Ban Tăng sự T.Ư; Ban Truyền th&ocirc;ng T.Ư&hellip; C&aacute;c hoạt động quốc tế nổi bật như Đại lễ Phật đản Li&ecirc;n Hiệp Quốc (Vesak) năm 2008; Hội nghị Ni giới Thế giới lần thứ XI năm 2010&hellip; được GHPGVN đăng cai v&agrave; tổ chức th&agrave;nh c&ocirc;ng, khẳng định vị thế của GHPGVN trong cộng đồng quốc tế, đồng thời giới thiệu h&igrave;nh ảnh đất nước Việt Nam th&acirc;n thiện v&agrave; cởi mở đến với bạn b&egrave; quốc tế.</p>\r\n<p align="justify" style="margin: 0px; padding: 0px; border: 0px; outline: 0px; vertical-align: baseline; color: rgb(0, 0, 0); font-family: Verdana, Tahoma; font-size: 14px; text-align: justify;">\r\n	Gi&aacute;o hội đ&atilde; tổ chức nhiều hội thảo, hội nghị chuy&ecirc;n ng&agrave;nh, chuy&ecirc;n đề trong đ&oacute; nổi bật l&agrave; hội thảo khoa học v&agrave; Đại lễ kỷ niệm 30 năm th&agrave;nh lập GHPGVN; hội thảo v&agrave; Đại lễ kỷ niệm 700 năm Phật ho&agrave;ng Trần Nh&acirc;n T&ocirc;ng nhập Niết-b&agrave;n; Đại lễ Phật gi&aacute;o kỷ niệm 1.000 năm Thăng Long-H&agrave; Nội&hellip;</p>\r\n<p style="margin: 0px; padding: 0px; border: 0px; outline: 0px; vertical-align: baseline; color: rgb(0, 0, 0); font-family: Verdana, Tahoma; font-size: 14px; text-align: justify;">\r\n	<b style="margin: 0px; padding: 0px; border: 0px; outline: 0px; vertical-align: baseline;">Nh&oacute;m PV thời sự Gi&aacute;c Ngộ&nbsp;</b><i style="margin: 0px; padding: 0px; border: 0px; outline: 0px; vertical-align: baseline;">tổng hợp</i><br />\r\n	Ảnh tư liệu c&aacute;c kỳ đại hội của&nbsp;<b style="margin: 0px; padding: 0px; border: 0px; outline: 0px; vertical-align: baseline;">V&otilde; Văn Tường</b></p>\r\n', 'Dấu ấn các kỳ Đại hội của Giáo hội Phật giáo Việt Nam', 0);
INSERT INTO `chuagiacquang_news` (`id`, `id_category`, `author`, `date`, `content`, `title`, `type`) VALUES
(12, 10, 'Nhiên Như - Quảng Tánh', '2012-11-04 06:00:00', '<p align="justify" style="color: rgb(0, 0, 0); font-family: Arial; font-size: 13px;">\r\n	V&ugrave;ng Thất Sơn kh&ocirc;ng chỉ nổi tiếng v&agrave; kỳ b&iacute; với những đạo sĩ thoắt ẩn thoắt hiện trong rừng, v&otilde; c&ocirc;ng c&aacute;i thế, xuất quỷ nhập thần, với lo&agrave;i rắn hổ m&acirc;y to như c&acirc;y thốt nốt gi&agrave;, m&agrave; c&ograve;n v&ocirc; số những thứ kỳ qu&aacute;i, lại l&ugrave;ng kh&aacute;c.&nbsp;<br />\r\n	<br />\r\n	Những ng&agrave;y t&igrave;m hiểu ở v&ugrave;ng Thất Sơn, ph&oacute;ng vi&ecirc;n thu lượm được v&ocirc; số chuyện lạ l&ugrave;ng, kh&oacute; tin. Những c&acirc;u chuyện mang t&iacute;nh huyền thoại, nhưng như thể l&agrave; thực, mang t&iacute;nh thời sự ở v&ugrave;ng Thất Sơn lắm chuyện huyền b&iacute; n&agrave;y.&nbsp;<br />\r\n	<br />\r\n	Theo đạo sĩ Ba Lưới, đạo sĩ duy nhất c&ograve;n sống, hiện tr&ograve;n 100 tuổi, tu ẩn ở n&uacute;i Cấm (ngọn n&uacute;i cao nhất v&ugrave;ng Thất Sơn, thuộc x&atilde; An Hảo, Tịnh Bi&ecirc;n, An Giang), th&igrave; xưa kia v&ugrave;ng Thất Sơn rừng r&uacute; rậm rạm, chỉ c&oacute; th&uacute; dữ sinh sống.</p>\r\n<p style="color: rgb(0, 0, 0); font-family: Arial; font-size: 13px;">\r\n	&nbsp;</p>\r\n<div style="color: rgb(0, 0, 0); font-family: Arial; font-size: 13px;">\r\n	<table align="center" cellpadding="0" cellspacing="0" class="image center" style="font-family: tahoma, verdana, arial; font-size: 11px;" width="400">\r\n		<tbody>\r\n			<tr>\r\n				<td>\r\n					<img alt="" src="http://imgs.vietnamnet.vn/Images/2012/10/23/09/20121023094006_daosi.JPG" /></td>\r\n			</tr>\r\n			<tr>\r\n				<td class="image_desc">\r\n					Đạo sĩ Ba Lưới.</td>\r\n			</tr>\r\n		</tbody>\r\n	</table>\r\n</div>\r\n<p>\r\n	&nbsp;</p>\r\n<div align="justify" style="color: rgb(0, 0, 0); font-family: Arial; font-size: 13px;">\r\n	Ngo&agrave;i c&aacute;c đạo sĩ tinh th&ocirc;ng v&otilde; nghệ, th&igrave; kh&ocirc;ng ai d&aacute;m v&agrave;o rừng sinh nhai.&nbsp;<br />\r\n	<br />\r\n	Nơi đ&acirc;y kh&ocirc;ng chỉ c&oacute; lo&agrave;i cọp vằn v&agrave;ng như b&igrave;nh thường, m&agrave; c&ograve;n c&oacute; v&ocirc; số hổ trắng, hổ đen.&nbsp;<br />\r\n	<br />\r\n	Lo&agrave;i hổ đen, hổ trắng v&ocirc; c&ugrave;ng hung dữ, to như tr&acirc;u, b&ograve; đi lững thững trong rừng. Lo&agrave;i hổ đen, hổ trắng c&oacute; thể quắp con tr&acirc;u nhảy ph&oacute;c tr&ecirc;n những vồ đ&aacute;.&nbsp;<br />\r\n	<br />\r\n	<strong>B&ograve; s&aacute;t khổng lồ</strong>&nbsp;<br />\r\n	<br />\r\n	Lo&agrave;i b&ograve; s&aacute;t khổng lồ hổ m&acirc;y, d&agrave;i h&agrave;ng chục m&eacute;t, th&acirc;n to người &ocirc;m kh&ocirc;ng hết, ph&oacute;ng &agrave;o &agrave;o như gi&ocirc;ng b&atilde;o tr&ecirc;n ngọn c&acirc;y th&igrave; ai cũng biết, ai cũng kể, nhưng chưa c&oacute; bằng chứng cụ thể n&agrave;o về sự tồn tại của n&oacute;. Lo&agrave;i vật n&agrave;y mang t&iacute;nh huyền thoại hơn l&agrave; sự thực.&nbsp;<br />\r\n	<br />\r\n	Nhưng, c&oacute; một lo&agrave;i b&ograve; s&aacute;t khổng lồ c&oacute; thực ở v&ugrave;ng Thất Sơn ch&iacute;nh l&agrave; con nưa. Người d&acirc;n v&ugrave;ng Thất Sơn đều sợ h&atilde;i con nưa v&agrave; họ thường gọi n&oacute; l&agrave; &ldquo;trăn tinh&rdquo;. Sở dĩ, người ta gọi n&oacute; như vậy, v&igrave; con nưa rất lớn, hung dữ v&agrave; cực độc.</div>\r\n<p>\r\n	&nbsp;</p>\r\n<p style="color: rgb(0, 0, 0); font-family: Arial; font-size: 13px;">\r\n	&nbsp;</p>\r\n<div style="color: rgb(0, 0, 0); font-family: Arial; font-size: 13px;">\r\n	<table align="center" cellpadding="0" cellspacing="0" class="image center" style="font-family: tahoma, verdana, arial; font-size: 11px;" width="400">\r\n		<tbody>\r\n			<tr>\r\n				<td>\r\n					<img alt="" src="http://imgs.vietnamnet.vn/Images/2012/10/23/09/20121023094006_nua1.jpg" /></td>\r\n			</tr>\r\n			<tr>\r\n				<td class="image_desc">\r\n					Con nưa. Ảnh internet</td>\r\n			</tr>\r\n		</tbody>\r\n	</table>\r\n</div>\r\n<p>\r\n	&nbsp;</p>\r\n<div align="justify" style="color: rgb(0, 0, 0); font-family: Arial; font-size: 13px;">\r\n	Theo đạo sĩ Ba Lưới, c&aacute;ch đ&acirc;y 40-50 năm, con nưa ở n&uacute;i Cấm rất nhiều. Những con nưa khổng lồ to bằng c&acirc;y thốt nốt, hết v&ograve;ng tay &ocirc;m, d&agrave;i đến 20 m&eacute;t, nặng 400 đến 500kg.&nbsp;<br />\r\n	<br />\r\n	Với th&acirc;n h&igrave;nh khổng lồ như vậy, ch&uacute;ng c&oacute; thể nuốt chửng tr&acirc;u, b&ograve;. M&oacute;n kho&aacute;i khẩu của nưa l&agrave; c&aacute; sấu. Xưa kia, ch&uacute;ng thường m&ograve; xuống s&ocirc;ng, đầm để săn c&aacute; sấu.&nbsp;<br />\r\n	<br />\r\n	Ch&uacute;ng c&oacute; h&igrave;nh dạng giống trăn, nhưng m&agrave;u da hơi v&agrave;ng, thậm ch&iacute; l&agrave; v&agrave;ng &oacute;ng. Điểm đặc biệt dễ nhận biết, l&agrave; n&oacute; c&oacute; tới 9 lỗ mũi. Kỳ thực, trong số 9 c&aacute;i lỗ ấy, chỉ c&oacute; 2 lỗ mũi thật, c&ograve;n lại 7 lỗ giả, chỉ l&agrave; lỗ h&otilde;m v&agrave;o ở phần mũi.&nbsp;<br />\r\n	<br />\r\n	Lo&agrave;i nưa di chuyển cả tr&ecirc;n c&acirc;y v&agrave; dưới đất. Khi ch&uacute;ng di chuyển dưới đất th&igrave; dũi đầu xuống thay v&igrave; hơi ng&oacute;c l&ecirc;n như trăn.</div>\r\n<p>\r\n	&nbsp;</p>\r\n<p style="color: rgb(0, 0, 0); font-family: Arial; font-size: 13px;">\r\n	&nbsp;</p>\r\n<div style="color: rgb(0, 0, 0); font-family: Arial; font-size: 13px;">\r\n	<table align="center" cellpadding="0" cellspacing="0" class="image center" style="font-family: tahoma, verdana, arial; font-size: 11px;" width="400">\r\n		<tbody>\r\n			<tr>\r\n				<td>\r\n					<img alt="" src="http://imgs.vietnamnet.vn/Images/2012/10/23/09/20121023094206_nua2.jpg" /></td>\r\n			</tr>\r\n			<tr>\r\n				<td class="image_desc">\r\n					Lo&agrave;i nưa c&oacute; m&agrave;u hơi v&agrave;ng, hoặc v&agrave;ng &oacute;ng như thế n&agrave;y. Ảnh internet</td>\r\n			</tr>\r\n		</tbody>\r\n	</table>\r\n</div>\r\n<p>\r\n	&nbsp;</p>\r\n<div align="justify" style="color: rgb(0, 0, 0); font-family: Arial; font-size: 13px;">\r\n	Ở tr&ecirc;n c&acirc;y, trăn di chuyển chậm, nhưng con nưa ph&oacute;ng &agrave;o &agrave;o như gi&ocirc;ng b&atilde;o, chẳng kh&aacute;c g&igrave; hổ m&acirc;y khổng lồ. Ch&iacute;nh v&igrave; thế, những người kh&ocirc;ng hiểu biết về rắn, chưa từng gặp hai lo&agrave;i n&agrave;y bao giờ, th&igrave; thường nhầm lẫn hổ m&acirc;y với con nưa.&nbsp;<br />\r\n	<br />\r\n	Theo đạo sĩ Ba Lưới, c&ugrave;ng với trăn, con nưa bị người d&acirc;n săn bắt rất nhiều, n&ecirc;n ng&agrave;y c&agrave;ng hiếm. Nhiều năm trở lại đ&acirc;y, ở Thất Sơn kh&ocirc;ng c&ograve;n lo&agrave;i nưa khổng lồ, nặng v&agrave;i trăm kg nữa, m&agrave; chỉ bắt được những con nưa nặng tr&ecirc;n dưới 100kg m&agrave; th&ocirc;i.&nbsp;<br />\r\n	<br />\r\n	Cựu nh&agrave; gi&aacute;o Đo&agrave;n Ho&agrave;ng Qu&acirc;n, nh&agrave; ngay ch&acirc;n n&uacute;i Cấm khẳng định rằng, ch&iacute;nh anh từng tận mắt chứng kiến nh&oacute;m thợ săn ở n&uacute;i Cấm bắn chết một con nưa khổng lồ, nặng ước chừng 300kg.&nbsp;<br />\r\n	<br />\r\n	Hồi đ&oacute; l&agrave; năm 1985, khi anh 15 tuổi. Nghe tiếng s&uacute;ng xả li&ecirc;n thanh, người d&acirc;n cả x&atilde; An Hảo chạy ra xem. L&aacute;t sau, anh thấy một nh&oacute;m người h&ograve; nhau k&eacute;o x&aacute;c một con nưa khổng lồ từ rừng ra, để vắt ngang lộ. C&aacute;i lộ rộng thế, căng con nưa ra, m&agrave; đầu v&agrave; đu&ocirc;i n&oacute; vẫn nằm dưới r&atilde;nh.</div>\r\n<p>\r\n	&nbsp;</p>\r\n<p style="color: rgb(0, 0, 0); font-family: Arial; font-size: 13px;">\r\n	&nbsp;</p>\r\n<div style="color: rgb(0, 0, 0); font-family: Arial; font-size: 13px;">\r\n	<table align="center" cellpadding="0" cellspacing="0" class="image center" style="font-family: tahoma, verdana, arial; font-size: 11px;" width="400">\r\n		<tbody>\r\n			<tr>\r\n				<td>\r\n					<img alt="" src="http://imgs.vietnamnet.vn/Images/2012/10/23/09/20121023094006_anhquan.JPG" /></td>\r\n			</tr>\r\n			<tr>\r\n				<td class="image_desc">\r\n					Anh Qu&acirc;n từng tận mắt con nưa khổng lồ do một nh&oacute;m người bắt chết.</td>\r\n			</tr>\r\n		</tbody>\r\n	</table>\r\n</div>\r\n<p>\r\n	&nbsp;</p>\r\n<div align="justify" style="color: rgb(0, 0, 0); font-family: Arial; font-size: 13px;">\r\n	Anh ch&agrave;ng Qu&acirc;n khi đ&oacute; bạo dạn, liều lĩnh x&ocirc;ng đến &ocirc;m con nưa thấy đủ một v&ograve;ng tay. Th&acirc;n của n&oacute; phải bằng c&acirc;y thốt nốt gi&agrave;.&nbsp;<br />\r\n	<br />\r\n	Nh&oacute;m người n&agrave;y d&ugrave;ng dao lột da, xả thịt, chia cho cả ấp mang về nấu cao. L&uacute;c mổ bụng n&oacute;, mọi người đếm được 5 con lợn rừng trong bao tử. Đấy l&agrave; chưa kể v&ocirc; số l&ocirc;ng lợn, xương lợn vẫn nằm trong dạ d&agrave;y của n&oacute;, chưa ti&ecirc;u h&oacute;a hết.&nbsp;<br />\r\n	<br />\r\n	Sau vụ đ&oacute;, kh&ocirc;ng thấy ai bắt được nưa khổng lồ nữa, m&agrave; chỉ bắt được trăn, nưa nặng tr&ecirc;n dưới 100kg. Chuyện bắt được trăn, nưa tr&ecirc;n dưới 100kg ở Thất Sơn kh&aacute; thường xuy&ecirc;n. Kiểm l&acirc;m cũng từng thả những con trăn lớn như thế (thu được từ bọn bu&ocirc;n b&aacute;n động vật hoang d&atilde;) về rừng.&nbsp;<br />\r\n	<br />\r\n	<strong>Huyền thoại &quot;trăn tinh&quot;</strong>&nbsp;<br />\r\n	<br />\r\n	C&oacute; một c&acirc;u chuyện về lo&agrave;i nưa, m&agrave; người d&acirc;n v&ugrave;ng n&uacute;i Cấm c&ograve;n kể m&atilde;i đến h&ocirc;m nay như một huyền thoại đẹp của v&ugrave;ng Thất Sơn.&nbsp;<br />\r\n	<br />\r\n	Chuyện xảy ra c&aacute;ch nay đ&atilde; ng&oacute;t 100 năm. Khi đ&oacute;, khu vực điện C&acirc;y Quế, c&oacute; nhiều hang động, &iacute;t người ra v&agrave;o, l&agrave; l&atilde;nh địa ẩn n&aacute;u của nưa v&agrave; hổ m&acirc;y khổng lồ.&nbsp;<br />\r\n	<br />\r\n	Người ta c&ograve;n đồn rằng, sau điện c&oacute; c&acirc;y quế cổ thụ tỏa hương thơm nức, n&ecirc;n cặp &ldquo;trăn tinh&rdquo; l&uacute;c n&agrave;o cũng quấn qu&yacute;t tr&ecirc;n c&acirc;y. Cặp trăn tinh ấy ch&iacute;nh l&agrave; lo&agrave;i nưa khổng lồ.&nbsp;<br />\r\n	<br />\r\n	Mỗi khi n&uacute;i Cấm diễn ra lễ hội, c&uacute;ng b&aacute;i linh đ&igrave;nh, th&igrave; giai nh&acirc;n mặt đẹp như hoa, da trắng như b&ocirc;ng bưởi, từ c&acirc;y quế bay xuống điện.</div>\r\n<p>\r\n	&nbsp;</p>\r\n<p style="color: rgb(0, 0, 0); font-family: Arial; font-size: 13px;">\r\n	&nbsp;</p>\r\n<div style="color: rgb(0, 0, 0); font-family: Arial; font-size: 13px;">\r\n	<table align="center" cellpadding="0" cellspacing="0" class="image center" style="font-family: tahoma, verdana, arial; font-size: 11px;" width="400">\r\n		<tbody>\r\n			<tr>\r\n				<td>\r\n					<img alt="" src="http://imgs.vietnamnet.vn/Images/2012/10/23/09/20121023094206_nua3.jpg" /></td>\r\n			</tr>\r\n			<tr>\r\n				<td class="image_desc">\r\n					Con nưa c&oacute; 7 lỗ mũi giả, 2 mũi thật . Ảnh internet</td>\r\n			</tr>\r\n		</tbody>\r\n	</table>\r\n</div>\r\n<p>\r\n	&nbsp;</p>\r\n<div align="justify" style="color: rgb(0, 0, 0); font-family: Arial; font-size: 13px;">\r\n	Nh&igrave;n thấy giai nh&acirc;n, ch&uacute;ng sinh đều chắp tay lễ b&aacute;i. Lễ c&uacute;ng xong, giai nh&acirc;n tuyệt sắc ấy lại ngược điện C&acirc;y Quế rồi biến mất dạng. Người d&acirc;n trong v&ugrave;ng tin rằng, giai nh&acirc;n đ&oacute; ch&iacute;nh l&agrave; con trăn tinh c&aacute;i, tức l&agrave; con nưa đ&atilde; th&agrave;nh tinh.&nbsp;<br />\r\n	<br />\r\n	Đạo sĩ Ba Lưới kể rằng, lo&agrave;i nưa kh&ocirc;ng chỉ c&oacute; th&acirc;n h&igrave;nh khổng lồ, nặng h&agrave;ng trăm kg, m&agrave; c&ograve;n độc khủng khiếp. Nọc độc của n&oacute; c&oacute; thể giết h&agrave;ng chục con tr&acirc;u, b&ograve;. Thậm ch&iacute;, voi cũng bỏ mạng với những c&uacute; đớp k&egrave;m ph&oacute;ng độc của nưa.&nbsp;<br />\r\n	<br />\r\n	Chuyện nhiều người trong ấp Thi&ecirc;n Tuế tr&uacute;ng độc nưa vẫn c&ograve;n l&agrave; vấn đề thời sự dưới ch&acirc;n n&uacute;i Cấm.</div>\r\n<div align="justify" style="color: rgb(0, 0, 0); font-family: Arial; font-size: 13px;">\r\n	&nbsp;</div>\r\n<div align="justify" style="color: rgb(0, 0, 0); font-family: Arial; font-size: 13px;">\r\n	Theo đ&oacute;, c&aacute;ch nay 30 năm, một số người Khmer v&agrave;o rừng săn bắn, đ&atilde; ph&aacute;t hiện con nưa khổng lồ, d&agrave;i hơn 10m đang nằm ngủ vắt vẻo tr&ecirc;n c&acirc;y, ngay ph&iacute;a sau ch&ugrave;a Vạn Linh.&nbsp;<br />\r\n	<br />\r\n	Con nưa to qu&aacute;, n&ecirc;n nh&oacute;m người n&agrave;y gọi th&ecirc;m d&acirc;n bản v&agrave;o v&acirc;y bắt. C&oacute; tới 20 người, với dao, gậy, d&acirc;y thừng tấn c&ocirc;ng con nưa.&nbsp;<br />\r\n	<br />\r\n	Họ kẹp n&oacute; v&agrave;o những c&acirc;y gỗ d&agrave;i, để n&oacute; kh&ocirc;ng quấn người được, rồi kh&ecirc;nh xuống n&uacute;i. Bữa đ&oacute;, cả ấp c&ugrave;ng xẻ thịt ăn.&nbsp;<br />\r\n	<br />\r\n	Đang nhậu nhẹt tưng bừng, th&igrave; mấy người c&ugrave;ng hộc m&aacute;u mồm lăn ra chết. Tổng số 5 người mất mạng v&igrave; tr&uacute;ng độc từ thịt nưa. Cả bản nghĩ ăn phải &ldquo;trăn tinh&rdquo;, n&ecirc;n sợ qu&aacute; k&ecirc;u thầy lập b&agrave;n thờ c&uacute;ng b&aacute;i.&nbsp;<br />\r\n	<br />\r\n	Chuyện người d&acirc;n trong ấp tr&uacute;ng độc được người gi&agrave; kể lại v&agrave; chuyện n&agrave;y vẫn l&agrave; vấn đề thời sự dưới ch&acirc;n n&uacute;i Cấm. Ch&iacute;nh v&igrave; thế, người d&acirc;n trong v&ugrave;ng kh&ocirc;ng d&aacute;m ăn thịt con nưa.</div>\r\n<p>\r\n	&nbsp;</p>\r\n', 'Huyền thoại “trăn tinh” khổng lồ hóa… giai nhân ', 0),
(14, 10, 'Nhiên Như - Quảng Tánh', '2012-10-29 00:09:11', '<p>\r\n	&nbsp;</p>\r\n<table align="left" border="0" cellpadding="0" cellspacing="3" style="color: rgb(0, 0, 0); font-family: tahoma, verdana, arial; font-size: 11px;" width="120">\r\n	<tbody>\r\n		<tr>\r\n			<td>\r\n				<a class="highslide" href="http://phatgiaovnn.com/upload1/uploads/News/pic/1352259200.phatgiaovnn.com.jpg" id="thumb1" style="color: rgb(0, 60, 94); text-decoration: initial;"><img alt="Xem hình" border="0" class="img-detail" src="http://phatgiaovnn.com/upload1/uploads/News/pic/small_1352259200.phatgiaovnn.com.jpg" width="120" /></a></td>\r\n		</tr>\r\n		<tr>\r\n			<td align="center">\r\n				&nbsp;</td>\r\n		</tr>\r\n	</tbody>\r\n</table>\r\n<p>\r\n	Ca sĩ Đ&agrave;m Vĩnh Hưng v&agrave; cơ quan chức năng đ&atilde; l&ecirc;n tiếng xung quanh vụ việc g&acirc;y x&ocirc;n xao cộng đồng mạng trong mấy ng&agrave;y gần đ&acirc;y về việc nam ca sĩ n&agrave;y đ&atilde; c&oacute; h&agrave;nh động phản cảm tr&ecirc;n s&acirc;n khấu.</p>\r\n<p>\r\n	<span style="color: rgb(0, 0, 0); font-family: Arial; font-size: 13px;">Vụ việc diễn ra khi nam ca sĩ n&agrave;y&nbsp;khi h&ocirc;n&nbsp;m&ocirc;i cảm ơn sư thầy (hiện đ&atilde; bị biệt ch&uacute;ng) trong một chương tr&igrave;nh ca nhạc mang &yacute; nghĩa từ thiện diễn ra tại ph&ograve;ng tr&agrave; ca nhạc tối 4-11.</span></p>\r\n<p class="pBody" style="color: rgb(0, 0, 0); font-family: Arial; font-size: 13px;">\r\n	Trưa 9-11, sau nhiều ng&agrave;y im lặng trước những th&ocirc;ng tin bất b&igrave;nh tr&ecirc;n cộng đồng mạng, nam ca sĩ Đ&agrave;m Vĩnh Hưng đ&atilde; gửi thư tay cho&nbsp;một số đơn vị truyền th&ocirc;ng b&agrave;y tỏ nhiều cảm x&uacute;c, trong đ&oacute; đặc biệt nhấn mạnh:&nbsp;&ldquo;T&ocirc;i xin nhận hết mọi phiền to&aacute;i về m&igrave;nh. K&iacute;nh xin qu&yacute; vị kh&aacute;n giả, c&aacute;c tăng ni, phật tử h&atilde;y nhận từ Đ&agrave;m Vĩnh Hưng lời xin lỗi th&agrave;nh t&acirc;m nhất!&rdquo;.</p>\r\n<p class="pBody" style="color: rgb(0, 0, 0); font-family: Arial; font-size: 13px;">\r\n	Trong thư,&nbsp;ca sĩ Đ&agrave;m Vĩnh Hưng l&yacute; giải việc l&ecirc;n tiếng n&agrave;y l&agrave; do &quot;ảnh hưởng tới uy t&iacute;n của t&ocirc;i v&agrave; ảnh hưởng tới h&igrave;nh ảnh của c&aacute;c vị ch&acirc;n tu, người li&ecirc;n quan trong cuộc đấu gi&aacute;&quot;.</p>\r\n<p class="pBody" style="color: rgb(0, 0, 0); font-family: Arial; font-size: 13px;">\r\n	Mr. Đ&agrave;m cũng giải th&iacute;ch th&ecirc;m về h&agrave;nh động phản cảm trong chương tr&igrave;nh đ&oacute;: &quot;T&ocirc;i đ&atilde; mang chai rượu của một kh&aacute;n giả tặng cho m&igrave;nh l&ecirc;n s&acirc;n khấu v&agrave; t&ocirc;i muốn mọi người h&agrave;o hứng hơn với phần đấu gi&aacute; n&agrave;y. T&ocirc;i đ&atilde; n&oacute;i &ldquo;Ai l&agrave; người thắng cuộc th&igrave; sẽ nhận được chai rượu v&agrave; hai nụ h&ocirc;n của Đ&agrave;m Vĩnh Hưng để tỏ l&ograve;ng tri &acirc;n đến bất kỳ vị kh&aacute;ch n&agrave;o c&oacute; tấm l&ograve;ng v&agrave;ng đ&ecirc;m nay&rdquo;. V&agrave; thật sự điều đ&oacute; l&agrave;m kh&aacute;n ph&ograve;ng s&ocirc;i động hơn rất nhiều. T&ocirc;i tin với tinh thần l&agrave;nh mạnh v&agrave; hướng thiện, n&ecirc;n hai thầy đ&atilde; nhận lời cho ph&eacute;p t&ocirc;i thực hiện lời hứa của m&igrave;nh&quot;.</p>\r\n<p class="pBody" style="color: rgb(0, 0, 0); font-family: Arial; font-size: 13px;">\r\n	Ca sĩ n&agrave;y cho rằng &quot;đ&oacute; chỉ l&agrave; một h&agrave;nh động mang t&iacute;nh ước lệ, như một lời cảm ơn chứ ch&iacute;nh t&ocirc;i kh&ocirc;ng c&oacute; suy nghĩ rằng n&oacute; sẽ g&acirc;y ra một sự phẫn nộ như vậy, khi h&igrave;nh ảnh được đưa l&ecirc;n truyền th&ocirc;ng với những lời b&igrave;nh luận c&oacute; phần &aacute;c&rdquo;.</p>\r\n<p class="pBody" style="color: rgb(0, 0, 0); font-family: Arial; font-size: 13px;">\r\n	L&aacute; thư ngay lập tức đ&atilde; được nhiều trang mạng đăng tải to&agrave;n bộ.</p>\r\n<p class="pBody" style="color: rgb(0, 0, 0); font-family: Arial; font-size: 13px;">\r\n	Ri&ecirc;ng về ph&iacute;a những người c&oacute; tr&aacute;ch nhiệm v&agrave; quyền hạn, &ocirc;ng V&otilde; Trọng Nam&nbsp;- ph&oacute; gi&aacute;m đốc Sở VH-TT&amp;DL TP.HCM - cho biết ngắn gọn: &ldquo;S&aacute;ng nay 9-11, l&atilde;nh đạo sở đ&atilde; họp b&agrave;n v&agrave; k&yacute; quyết định cho ph&ograve;ng nghệ thuật biểu diễn mời ca sĩ l&ecirc;n l&agrave;m việc. Đ&acirc;y l&agrave; sự việc c&oacute; phần nhạy cảm!&rdquo;.</p>\r\n', 'Sẽ mời ca sĩ Đàm Vĩnh Hưng lên làm việc', 0),
(15, 10, 'Nhiên Như - Quảng Tánh', '2012-10-29 00:09:11', '<p>\r\n	<span style="color: rgb(0, 0, 0); font-family: Arial; font-size: 13px;">Tối 4/11, ca sĩ Đ&agrave;m Vĩnh Hưng c&ugrave;ng rất nhiều ca sĩ kh&aacute;c c&ugrave;ng g&oacute;p mặt trong đ&ecirc;m nhạc từ thiện tại ph&ograve;ng tr&agrave; Kh&ocirc;ng T&ecirc;n (TP HCM) để lấy tiền ủng hộ ca sĩ Wanbi Tuấn Anh phẫu thuật trong thời gian sắp tới.</span></p>\r\n<p>\r\n	<span style="background-color: rgb(255, 160, 122); line-height: 11px; color: rgb(0, 0, 0); font-family: Arial;">Ngo&agrave;i việc h&aacute;t hai ca kh&uacute;c, Mr.Đ&agrave;m c&ograve;n mang đến chương tr&igrave;nh một chai rượu qu&yacute; để b&aacute;n đấu gi&aacute;.&nbsp;</span></p>\r\n<div id="newsContent" style="color: rgb(0, 0, 0); font-family: Arial; font-size: 13px;">\r\n	<div class="bodytext">\r\n		<p style="text-align: justify;">\r\n			<img alt="soc voi canh mr dam ''khoa moi'' dong tinh voi nha su" height="300" src="http://img3.tamtay.vn/files/photo2/2012/11/5/21/2489207/5097d254_53f4de2b_1.jpg" style="width: 450px; height: 300px;" title="Sốc với cảnh Mr Đàm ''khóa môi'' đồng tính với nhà sư" width="450" /></p>\r\n		<p style="text-align: justify;">\r\n			&nbsp;</p>\r\n		<p style="text-align: justify;">\r\n			<img alt="soc voi canh mr dam ''khoa moi'' dong tinh voi nha su" height="300" src="http://img3.tamtay.vn/files/photo2/2012/11/5/21/2489207/5097d259_51161c35_2.jpg" style="width: 450px; height: 300px;" title="Sốc với cảnh Mr Đàm ''khóa môi'' đồng tính với nhà sư" width="450" /></p>\r\n		<p style="text-align: justify;">\r\n			Chai rượu c&oacute; gi&aacute; khởi điểm l&agrave; 20 triệu đồng. Sau một hồi vận động, hai nh&agrave; sư ngồi ở h&agrave;ng ghế đầu đ&atilde; quyết định mua với gi&aacute; 55 triệu đồng. Hai vị sư cũng mang đến vật phẩm l&agrave; con rồng bằng ngọc qu&yacute;, b&aacute;n được tới 300 triệu đồng.</p>\r\n		<img alt="soc voi canh mr dam ''khoa moi'' dong tinh voi nha su" height="300" src="http://img3.tamtay.vn/files/photo2/2012/11/5/21/2489207/5097d260_6b57c9aa_4.jpg" style="width: 450px; height: 300px;" title="Sốc với cảnh Mr Đàm ''khóa môi'' đồng tính với nhà sư" width="450" />&nbsp;<br />\r\n		<p style="text-align: justify;">\r\n			Ca sĩ Lệ Quy&ecirc;n v&agrave; Hồ Ngọc H&agrave; chủ tr&igrave; đấu gi&aacute; chiếc &aacute;o in h&igrave;nh Wanbi Tuấn Anh k&egrave;m chữ k&yacute; của c&aacute;c nghệ sĩ. Chiếc &aacute;o được một người mua với gi&aacute; 20 triệu đồng.</p>\r\n		<p style="text-align: justify;">\r\n			Ngo&agrave;i số tiền từ việc b&aacute;n đấu gi&aacute;, đ&ecirc;m nhạc c&ograve;n thu được 205 triệu từ tiền phụ thu của ph&ograve;ng tr&agrave;.</p>\r\n		<p style="text-align: justify;">\r\n			<img alt="soc voi canh mr dam ''khoa moi'' dong tinh voi nha su" height="600" src="http://img3.tamtay.vn/files/photo2/2012/11/5/21/2489207/5097d263_5d578e30_5.jpg" title="Sốc với cảnh Mr Đàm ''khóa môi'' đồng tính với nhà sư" width="400" /></p>\r\n		<p style="text-align: justify;">\r\n			<img alt="soc voi canh mr dam ''khoa moi'' dong tinh voi nha su" height="300" src="http://img3.tamtay.vn/files/photo2/2012/11/5/21/2489207/5097d267_162ebfe8_6.jpg" style="width: 450px; height: 300px;" title="Sốc với cảnh Mr Đàm ''khóa môi'' đồng tính với nhà sư" width="450" />&nbsp;<br />\r\n			Wanbi Tuấn Anh x&uacute;c động nghẹn ng&agrave;o trước t&igrave;nh cảm của c&aacute;c nghệ sĩ v&agrave; kh&aacute;n giả. C&aacute;ch đ&acirc;y v&agrave;i ng&agrave;y, một người chị họ th&acirc;n thiết của anh vừa qua đời v&igrave; bệnh u n&atilde;o, c&agrave;ng l&agrave;m Wanbi th&ecirc;m đau buồn.</p>\r\n		<p style="text-align: justify;">\r\n			<img alt="soc voi canh mr dam ''khoa moi'' dong tinh voi nha su" height="300" src="http://img3.tamtay.vn/files/photo2/2012/11/5/21/2489207/5097d26b_1a7b3e9d_7.jpg" style="width: 450px; height: 300px;" title="Sốc với cảnh Mr Đàm ''khóa môi'' đồng tính với nhà sư" width="450" />&nbsp;<br />\r\n			G&oacute;p mặt trong chương tr&igrave;nh, Lệ Quy&ecirc;n v&agrave; Hồ Ngọc H&agrave; đều h&aacute;t hết m&igrave;nh.</p>\r\n		<p style="text-align: justify;">\r\n			<img alt="soc voi canh mr dam ''khoa moi'' dong tinh voi nha su" height="600" src="http://img3.tamtay.vn/files/photo2/2012/11/5/21/2489207/5097d26e_258a0779_8.jpg" title="Sốc với cảnh Mr Đàm ''khóa môi'' đồng tính với nhà sư" width="400" />&nbsp;<br />\r\n			Chương tr&igrave;nh c&ograve;n c&oacute; sự tham gia của ca sĩ Thanh Thảo.</p>\r\n		<p style="text-align: justify;">\r\n			<img alt="soc voi canh mr dam ''khoa moi'' dong tinh voi nha su" height="600" src="http://img3.tamtay.vn/files/photo2/2012/11/5/21/2489207/5097d272_40227103_9.jpg" title="Sốc với cảnh Mr Đàm ''khóa môi'' đồng tính với nhà sư" width="400" />&nbsp;<br />\r\n			Ca sĩ Hiền Thục.</p>\r\n		<p style="text-align: justify;">\r\n			<img alt="soc voi canh mr dam ''khoa moi'' dong tinh voi nha su" height="600" src="http://img3.tamtay.vn/files/photo2/2012/11/5/21/2489207/5097d276_2f8b1236_10.jpg" title="Sốc với cảnh Mr Đàm ''khóa môi'' đồng tính với nhà sư" width="400" />&nbsp;<br />\r\n			Tuấn Hưng với m&agrave;u t&oacute;c mới.</p>\r\n		<p style="text-align: justify;">\r\n			<img alt="soc voi canh mr dam ''khoa moi'' dong tinh voi nha su" height="300" src="http://img3.tamtay.vn/files/photo2/2012/11/5/21/2489207/5097d27a_038c3cce_12.jpg" style="width: 450px; height: 300px;" title="Sốc với cảnh Mr Đàm ''khóa môi'' đồng tính với nhà sư" width="450" />&nbsp;<br />\r\n			Dương Triệu Vũ cũng đến h&aacute;t ủng hộ chương tr&igrave;nh.</p>\r\n	</div>\r\n</div>\r\n', 'Hai nhà Sư giúp đỡ Wanbi Tuấn Anh', 0),
(16, 10, 'Nhiên Như - Quảng Tánh', '2012-10-29 00:09:11', '<p style="border: 0px; font-size: 16px; font-family: ''Times New Roman'', Times, serif; vertical-align: baseline; margin: 12px 0px; padding: 0px; line-height: 20px; color: rgb(0, 0, 0); background-color: rgb(243, 243, 243);">\r\n	<iframe align="middle" frameborder="1" height="240" longdesc="Thử lưu Video Youtube nè !" scrolling="no" src="http://www.youtube.com/embed/u03MLYpa_HI" width="340"></iframe></p>\r\n<p style="border: 0px; font-size: 16px; font-family: ''Times New Roman'', Times, serif; vertical-align: baseline; margin: 12px 0px; padding: 0px; line-height: 20px; color: rgb(0, 0, 0); background-color: rgb(243, 243, 243);">\r\n	<span style="border: 0px; font-style: inherit; font-family: inherit; vertical-align: baseline; margin: 0px; padding: 0px;"><strong>&ldquo;Phật gi&aacute;o Việt Nam trải qua chặng đường lịch sử hơn 2000 năm hiển sinh trong đời sống t&acirc;m linh, văn h&oacute;a d&acirc;n tộc Việt, với bản chất từ bi, tr&iacute; tuệ, v&ocirc; ng&atilde;, vị tha, y&ecirc;u h&ograve;a b&igrave;nh, Phật gi&aacute;o đ&atilde; trở th&agrave;nh một bộ phận kh&ocirc;ng thể t&aacute;ch rời trong di sản văn h&oacute;a Việt Nam, lu&ocirc;n đồng h&agrave;nh, gắn b&oacute; c&ugrave;ng d&acirc;n tộc&rdquo;&nbsp;</strong><br />\r\n	<br />\r\n	<strong>Từ xuất thế đến nhập thế</strong><br />\r\n	<br />\r\n	Theo H&ograve;a thượng Th&iacute;ch Gia Quang Ph&oacute; tổng thư k&yacute; HĐTS, Ch&aacute;nh văn ph&ograve;ng Trung ương Gi&aacute;o hội Phật gi&aacute;o Việt Nam, từ những ng&agrave;y đầu được truyền b&aacute; v&agrave;o Việt Nam, Phật gi&aacute;o đ&atilde; nhanh ch&oacute;ng h&ograve;a nhập v&agrave;o đời sống bản địa, gắn b&oacute; với d&acirc;n tộc về mặt tinh thần, đạo đức. V&igrave; bản chất của Phật gi&aacute;o l&agrave; từ bi, tr&iacute; tuệ, v&ocirc; ng&atilde;, vị tha, y&ecirc;u h&ograve;a b&igrave;nh, t&ocirc;n trọng sự sống n&ecirc;n đ&atilde; h&ograve;a nhập với văn h&oacute;a, đời sống con người Việt Nam - vốn c&oacute; truyền thống hiếu nghĩa, vị tha, độ lượng, b&igrave;nh đẳng, b&aacute;c &aacute;i.</span></p>\r\n<div style="border: 0px; font-size: 16px; font-family: ''Times New Roman'', Times, serif; vertical-align: baseline; margin: 0px; padding: 0px; color: rgb(0, 0, 0); line-height: 24px; background-color: rgb(243, 243, 243);">\r\n	<table align="center" cellpadding="0" cellspacing="0" class="image center" style="border: 0px none; font-style: inherit; font-family: inherit; vertical-align: middle; margin: 0px auto; padding: 0px; border-collapse: collapse; border-spacing: 0px; background-color: rgb(238, 238, 238); width: 450px; color: rgb(0, 68, 136);" width="400">\r\n		<tbody style="border: 0px none; font-style: inherit; font-family: inherit; vertical-align: baseline; margin: 0px; padding: 0px; border-collapse: collapse;">\r\n			<tr style="border: 0px none; font-style: inherit; font-family: inherit; vertical-align: baseline; margin: 0px; padding: 0px; border-collapse: collapse;">\r\n				<td style="border: 0px none; font-style: inherit; font-family: inherit; vertical-align: middle; margin: 0px; padding: 0px; text-align: center; border-collapse: collapse; float: none !important;">\r\n					<img alt="" src="http://imgs.vietnamnet.vn/Images/2012/11/05/17/20121105172128_b1-a1.jpg" style="border: 0px; font-style: inherit; font-family: inherit; vertical-align: baseline; margin: 0px; padding: 0px; max-width: 482px;" /></td>\r\n			</tr>\r\n			<tr style="border: 0px none; font-style: inherit; font-family: inherit; vertical-align: baseline; margin: 0px; padding: 0px; border-collapse: collapse;">\r\n				<td class="image_desc" style="border: 0px none; font-style: inherit; font-size: 11px; font-family: Arial, Helvetica, sans-serif; vertical-align: middle; margin: 0px; padding: 5px; text-align: center; color: rgb(12, 72, 187); background-color: rgb(227, 227, 227); border-collapse: collapse; float: none !important;">\r\n					<span style="border: 0px; font-style: inherit; font-family: inherit; vertical-align: baseline; margin: 0px; padding: 0px;">Phật gi&aacute;o lu&ocirc;n gắn b&oacute;, đồng h&agrave;nh c&ugrave;ng d&acirc;n tộc</span></td>\r\n			</tr>\r\n		</tbody>\r\n	</table>\r\n</div>\r\n<p>\r\n	<span style="color: rgb(0, 0, 0); font-family: ''Times New Roman'', Times, serif; font-size: 16px; line-height: 24px; background-color: rgb(243, 243, 243);">Trong chiều d&agrave;i lịch sử d&acirc;n tộc, trong nhiều giai đoạn đất nước lu&ocirc;n bị ngoại bang x&acirc;m lược với &yacute; đồ đồng h&oacute;a, x&acirc;m chiếm l&atilde;nh thổ, Phật gi&aacute;o đ&atilde; h&ograve;a c&ugrave;ng d&ograve;ng chảy của vận mệnh d&acirc;n tộc, ki&ecirc;n cường trong sự nghiệp đấu tranh, bảo vệ, g&igrave;n giữ v&agrave; x&acirc;y dựng đất nước. Thực tế đ&atilde; chứng minh sự đồng h&agrave;nh của Phật gi&aacute;o Việt Nam c&ugrave;ng lịch sử d&acirc;n tộc trong suốt hơn 2000 năm qua.</span></p>\r\n<p style="border: 0px; font-size: 16px; font-family: ''Times New Roman'', Times, serif; vertical-align: baseline; margin: 12px 0px; padding: 0px; line-height: 20px; color: rgb(0, 0, 0); background-color: rgb(243, 243, 243);">\r\n	&nbsp;</p>\r\n<p style="border: 0px; font-size: 16px; font-family: ''Times New Roman'', Times, serif; vertical-align: baseline; margin: 12px 0px; padding: 0px; line-height: 20px; color: rgb(0, 0, 0); background-color: rgb(243, 243, 243);">\r\n	<span style="border: 0px; font-style: inherit; font-family: inherit; vertical-align: baseline; margin: 0px; padding: 0px;">Từ những kỷ nguy&ecirc;n đầu ti&ecirc;n, khi d&acirc;n tộc Việt Nam c&ograve;n chịu sự thống trị của c&aacute;c thế lực phong kiến phương Bắc, triết l&yacute; sống của nh&agrave; Phật đ&atilde; củng cố th&ecirc;m tinh thần d&acirc;n tộc, &yacute; thức độc lập d&acirc;n tộc của người Việt.</span></p>\r\n<p style="border: 0px; font-size: 16px; font-family: ''Times New Roman'', Times, serif; vertical-align: baseline; margin: 12px 0px; padding: 0px; line-height: 20px; color: rgb(0, 0, 0); background-color: rgb(243, 243, 243);">\r\n	<span style="border: 0px; font-style: inherit; font-family: inherit; vertical-align: baseline; margin: 0px; padding: 0px;">Trải qua c&aacute;c triều đại Đinh, L&ecirc;, L&yacute;, Trần, c&aacute;c vị cao tăng c&oacute; học thức, c&oacute; giới hạnh đều được mời tham gia triều ch&iacute;nh hoặc l&agrave;m cố vấn trong những c&ocirc;ng việc quan trọng của quốc gia. c&oacute; vai tr&ograve; trong c&ocirc;ng cuộc hộ quốc, an d&acirc;n như Thiền sư Ng&ocirc; Ch&acirc;n Lưu (Khu&ocirc;ng Việt Đại sư), thiền sư Vạn Hạnh, đức Vua Trần Nh&acirc;n T&ocirc;ng - sư Tổ Thiền ph&aacute;i Tr&uacute;c L&acirc;m&hellip; Phật gi&aacute;o g&oacute;p phần x&acirc;y dựng triều đại nh&agrave; L&yacute; - triều đại thuần từ, thịnh trị nhất trong c&aacute;c triều đại phong kiến Việt Nam.<br />\r\n	&nbsp;<br />\r\n	&ldquo;Khi v&agrave;o Việt Nam, Phật gi&aacute;o đ&atilde; được người Việt &ldquo;thổi&rdquo; v&agrave;o trong n&oacute; tinh thần y&ecirc;u nước cao độ, từ một t&ocirc;n gi&aacute;o xuất thế trở th&agrave;nh một t&ocirc;n gi&aacute;o nhập thế t&iacute;ch cực. Phật gi&aacute;o đ&atilde; đ&atilde; g&oacute;p phần quan trọng củng cố nh&acirc;n t&acirc;m, đo&agrave;n kết cộng đồng.&rdquo; - H&ograve;a thượng Th&iacute;ch Gia Quang ph&acirc;n t&iacute;ch.<br />\r\n	<br />\r\n	Trong 2 cuộc kh&aacute;ng chiến chống thực d&acirc;n Ph&aacute;p v&agrave; đế quốc Mỹ, Phật gi&aacute;o Việt Nam tiếp tục n&ecirc;u cao ngọn cờ y&ecirc;u nước, kề vai s&aacute;t c&aacute;nh c&ugrave;ng nh&acirc;n d&acirc;n đấu tranh giải ph&oacute;ng d&acirc;n tộc. C&aacute;c phật tử gi&aacute;c ngộ đ&atilde; vận dụng t&iacute;ch cực gi&aacute;o l&yacute; nh&agrave; Phật v&agrave;o c&ocirc;ng cuộc kh&aacute;ng chiến bảo vệ d&acirc;n tộc, giữ g&igrave;n đạo ph&aacute;p. Nhiều nh&agrave; sư cởi &aacute;o c&agrave; sa kho&aacute;c &aacute;o l&iacute;nh. C&aacute;c ch&ugrave;a vận động t&iacute;n đồ Phật tử hết m&igrave;nh t&ograve;ng qu&acirc;n cứu nước, trở th&agrave;nh cơ sở c&aacute;ch mạng, dự trữ qu&acirc;n lương, nu&ocirc;i giấu c&aacute;n bộ.&nbsp;<br />\r\n	<br />\r\n	Đỉnh cao của tinh thần y&ecirc;u nước, v&igrave; d&acirc;n tộc của Phật gi&aacute;o trong thời gian chống Mỹ cứu nước l&agrave; sự kiện Bồ T&aacute;t Th&iacute;ch Quảng Đức&nbsp; tự thi&ecirc;u phản đối cuộc chiến tranh phi nghĩa của đế quốc Mỹ. Phong tr&agrave;o c&aacute;ch mạng của đồng b&agrave;o Phật gi&aacute;o thời kỳ n&agrave;y đ&atilde; g&oacute;p phần quan trọng l&agrave;m sụp đổ chế độ độc t&agrave;i Ng&ocirc; Đ&igrave;nh Diệm, g&oacute;p phần giải ph&oacute;ng ho&agrave;n to&agrave;n miền Nam thống nhất đất nước.</span></p>\r\n<p style="border: 0px; font-size: 16px; font-family: ''Times New Roman'', Times, serif; vertical-align: baseline; margin: 12px 0px; padding: 0px; line-height: 20px; color: rgb(0, 0, 0); background-color: rgb(243, 243, 243);">\r\n	<strong><span style="border: 0px; font-weight: inherit; font-style: inherit; font-family: inherit; vertical-align: baseline; margin: 0px; padding: 0px;">Đồng h&agrave;nh c&ugrave;ng d&acirc;n tộc</span></strong></p>\r\n<p style="border: 0px; font-size: 16px; font-family: ''Times New Roman'', Times, serif; vertical-align: baseline; margin: 12px 0px; padding: 0px; line-height: 20px; color: rgb(0, 0, 0); background-color: rgb(243, 243, 243);">\r\n	<span style="border: 0px; font-style: inherit; font-family: inherit; vertical-align: baseline; margin: 0px; padding: 0px;">HT.Th&iacute;ch Gia Quang đ&aacute;nh gi&aacute;: Phật gi&aacute;o lu&ocirc;n gắn b&oacute;, đồng h&agrave;nh c&ugrave;ng d&acirc;n tộc. Trong giai đoạn đầu khi mới du nhập v&agrave;o Việt Nam, khi người Việt cần sức mạnh t&iacute;n ngưỡng v&agrave; niềm tin để khai sơn, lập địa, Phật gi&aacute;o đ&atilde; c&ugrave;ng người Việt chinh phục tự nhi&ecirc;n &ldquo;cầu mưa thuận, gi&oacute; h&ograve;a&rdquo;; x&acirc;y dựng kiến tạo cuộc sống của cư d&acirc;n n&ocirc;ng nghiệp. Trong giai đoạn Tổ quốc l&acirc;m nguy bởi ngoại x&acirc;m, để tho&aacute;t &aacute;ch đ&ocirc; hộ, Phật gi&aacute;o ph&aacute;t huy tinh thần y&ecirc;u nước, quyết bảo vệ Tổ quốc, giữ g&igrave;n đạo Ph&aacute;p, quyết gi&agrave;nh lại h&ograve;a b&igrave;nh, độc lập tự chủ, đem lại an lạc, hạnh ph&uacute;c cho nh&acirc;n d&acirc;n.&nbsp;</span></p>\r\n<p style="border: 0px; font-size: 16px; font-family: ''Times New Roman'', Times, serif; vertical-align: baseline; margin: 12px 0px; padding: 0px; line-height: 20px; color: rgb(0, 0, 0); background-color: rgb(243, 243, 243);">\r\n	&nbsp;</p>\r\n<div style="border: 0px; font-size: 16px; font-family: ''Times New Roman'', Times, serif; vertical-align: baseline; margin: 0px; padding: 0px; color: rgb(0, 0, 0); line-height: 24px; background-color: rgb(243, 243, 243);">\r\n	<table align="center" cellpadding="0" cellspacing="0" class="image center" style="border: 0px none; font-style: inherit; font-family: inherit; vertical-align: middle; margin: 0px auto; padding: 0px; border-collapse: collapse; border-spacing: 0px; background-color: rgb(238, 238, 238); width: 450px; color: rgb(0, 68, 136);" width="400">\r\n		<tbody style="border: 0px none; font-style: inherit; font-family: inherit; vertical-align: baseline; margin: 0px; padding: 0px; border-collapse: collapse;">\r\n			<tr style="border: 0px none; font-style: inherit; font-family: inherit; vertical-align: baseline; margin: 0px; padding: 0px; border-collapse: collapse;">\r\n				<td style="border: 0px none; font-style: inherit; font-family: inherit; vertical-align: middle; margin: 0px; padding: 0px; text-align: center; border-collapse: collapse; float: none !important;">\r\n					<img alt="" src="http://imgs.vietnamnet.vn/Images/2012/11/05/17/20121105172128_bi-a2.jpg" style="border: 0px; font-style: inherit; font-family: inherit; vertical-align: baseline; margin: 0px; padding: 0px; max-width: 482px;" /></td>\r\n			</tr>\r\n			<tr style="border: 0px none; font-style: inherit; font-family: inherit; vertical-align: baseline; margin: 0px; padding: 0px; border-collapse: collapse;">\r\n				<td class="image_desc" style="border: 0px none; font-style: inherit; font-size: 11px; font-family: Arial, Helvetica, sans-serif; vertical-align: middle; margin: 0px; padding: 5px; text-align: center; color: rgb(12, 72, 187); background-color: rgb(227, 227, 227); border-collapse: collapse; float: none !important;">\r\n					<span style="border: 0px; font-style: inherit; font-family: inherit; vertical-align: baseline; margin: 0px; padding: 0px;">Phật gi&aacute;o Việt Nam h&ocirc;m nay đ&atilde; l&agrave;m được nhiều việc lợi đạo, &iacute;ch đời</span></td>\r\n			</tr>\r\n		</tbody>\r\n	</table>\r\n</div>\r\n<p>\r\n	<span style="color: rgb(0, 0, 0); font-family: ''Times New Roman'', Times, serif; font-size: 16px; line-height: 24px; background-color: rgb(243, 243, 243);">Sau giải ph&oacute;ng miền Nam, đất nước h&ograve;a b&igrave;nh, non s&ocirc;ng thu về một mối, c&aacute;c hệ ph&aacute;i Phật gi&aacute;o Việt Nam được sinh hoạt trong một ng&ocirc;i nh&agrave; chung l&agrave; Gi&aacute;o hội Phật gi&aacute;o Việt Nam, Phật gi&aacute;o Việt Nam lại tiếp tục đồng h&agrave;nh c&ugrave;ng d&acirc;n tộc trong c&ocirc;ng cuộc x&acirc;y dựng, kiến thiết đất nước v&igrave; mục ti&ecirc;u d&acirc;n gi&agrave;u, nước mạnh, x&atilde; hội, c&ocirc;ng bằng, d&acirc;n chủ, văn minh. Phương ch&acirc;m của Gi&aacute;o hội Phật gi&aacute;o Việt Nam ng&agrave;y nay &ldquo;Đạo ph&aacute;p - D&acirc;n tộc - Chủ nghĩa X&atilde; hội&rdquo;, ch&iacute;nh l&agrave; c&agrave;ng thể hiện t&iacute;nh chất gắn b&oacute; giữa Phật gi&aacute;o v&agrave; d&acirc;n tộc.</span><br style="color: rgb(0, 0, 0); font-family: ''Times New Roman'', Times, serif; font-size: 16px; line-height: 24px; background-color: rgb(243, 243, 243);" />\r\n	<br style="color: rgb(0, 0, 0); font-family: ''Times New Roman'', Times, serif; font-size: 16px; line-height: 24px; background-color: rgb(243, 243, 243);" />\r\n	<span style="color: rgb(0, 0, 0); font-family: ''Times New Roman'', Times, serif; font-size: 16px; line-height: 24px; background-color: rgb(243, 243, 243);">Phật gi&aacute;o Việt Nam h&ocirc;m nay đ&atilde; l&agrave;m được nhiều việc lợi đạo, &iacute;ch đời, thực hiện cứu khổ độ sinh, th&ocirc;ng qua hoằng dương Phật ph&aacute;p vận động Tăng ni, Phật tử cả nước sống trong ch&aacute;nh t&iacute;n, sống tốt đạo đẹp đời đo&agrave;n kết d&acirc;n tộc, đo&agrave;n kết t&ocirc;n gi&aacute;o, t&iacute;ch cực tham gia c&aacute;c hoạt động x&atilde; hội nh&acirc;n đạo, từ thiện, thực hiện x&oacute;a đ&oacute;i giảm ngh&egrave;o, x&acirc;y dựng cuộc sống văn minh, tiến bộ&hellip;</span><br style="color: rgb(0, 0, 0); font-family: ''Times New Roman'', Times, serif; font-size: 16px; line-height: 24px; background-color: rgb(243, 243, 243);" />\r\n	<br style="color: rgb(0, 0, 0); font-family: ''Times New Roman'', Times, serif; font-size: 16px; line-height: 24px; background-color: rgb(243, 243, 243);" />\r\n	<span style="color: rgb(0, 0, 0); font-family: ''Times New Roman'', Times, serif; font-size: 16px; line-height: 24px; background-color: rgb(243, 243, 243);">HT.Th&iacute;ch Gia Quang kết lại:&nbsp; &ldquo;Ngay từ buổi đầu ti&ecirc;n, với tư tưởng từ bi, hỉ xả, Phật gi&aacute;o đ&atilde; được nh&acirc;n d&acirc;n Việt Nam đ&oacute;n nhận, lu&ocirc;n đồng h&agrave;nh c&ugrave;ng d&acirc;n tộc với phương ch&acirc;m nhập thế, gắn b&oacute; giữa Đạo v&agrave; Đời, phấn đấu v&igrave; hạnh ph&uacute;c v&agrave; an vui cho con người. Từ đ&oacute; đến nay v&agrave; m&atilde;i m&atilde;i về sau, theo gi&aacute;o l&yacute; của đạo Phật v&agrave; truyền thống của c&aacute;c bậc tiền bối, Phật gi&aacute;o Việt Nam sẽ tiếp tục ph&aacute;t huy sự trong s&aacute;ng, t&iacute;ch cực của Phật gi&aacute;o, đồng h&agrave;nh c&ugrave;ng d&acirc;n tộc, c&ugrave;ng đất nước!&rdquo;&nbsp;</span><br style="color: rgb(0, 0, 0); font-family: ''Times New Roman'', Times, serif; font-size: 16px; line-height: 24px; background-color: rgb(243, 243, 243);" />\r\n	<br />\r\n	<strong style="color: rgb(0, 0, 0); font-family: ''Times New Roman'', Times, serif; font-size: 16px; line-height: 24px; background-color: rgb(243, 243, 243);">Ngọc Minh-Vietnamnet&nbsp;<em style="border: 0px; font-weight: inherit; font-family: inherit; vertical-align: baseline; margin: 0px; padding: 0px;">(ghi)</em></strong></p>\r\n', 'Hơn 2000 năm Phật giáo đồng hành cùng dân tộc', 0);
INSERT INTO `chuagiacquang_news` (`id`, `id_category`, `author`, `date`, `content`, `title`, `type`) VALUES
(17, 10, 'Nhiên Như - Quảng Tánh', '2012-10-29 00:09:11', '<p>\r\n	&nbsp;</p>\r\n<p class="pSubTitle" style="margin: 0px; padding: 0px 2px 8px 0px; border: 0px; list-style: none; outline: 0px; font-size: 16px; font-family: ''Times New Roman''; font-weight: bold; line-height: 18px; color: rgb(51, 51, 51);">\r\n	Giấc mơ kỳ lạ về bức tượng khổng lồ</p>\r\n<p class="pBody" style="margin: 0px 0px 10px; padding: 0px; border: 0px; list-style: none; outline: 0px; font-size: 16px; color: rgb(51, 51, 51); line-height: 20px; font-family: ''Times New Roman'', Times, serif; text-align: justify;">\r\n	Mới đ&acirc;y, bức&nbsp;<tag style="margin: 0px; padding: 0px; border: 0px none; list-style: none;">tượng quan &acirc;m</tag>&nbsp;bằng ngọc liền khối&nbsp;<tag style="margin: 0px; padding: 0px; border: 0px none; list-style: none;">lớn nhất</tag>&nbsp;Việt Nam đ&atilde; được chế t&aacute;c th&agrave;nh c&ocirc;ng v&agrave; đặt tại l&agrave;ng Bưởi T&acirc;n Triều, ấp Vĩnh Hiệp, T&acirc;n B&igrave;nh, Đồng Nai.</p>\r\n<p class="pBody" style="margin: 0px 0px 10px; padding: 0px; border: 0px; list-style: none; outline: 0px; font-size: 16px; color: rgb(51, 51, 51); line-height: 20px; font-family: ''Times New Roman'', Times, serif; text-align: justify;">\r\n	Ngay khi bước v&agrave;o khu&ocirc;n vi&ecirc;n nơi an vị của bức tượng, ch&uacute;ng t&ocirc;i kh&ocirc;ng khỏi ngạc nhi&ecirc;n bởi to&agrave;n bộ kiến tr&uacute;c của quần thể t&acirc;m linh nơi đ&acirc;y được thiết kế, x&acirc;y dựng rất độc đ&aacute;o v&agrave; tinh tế. Đặc biệt l&agrave; bức tượng Phật B&agrave; Quan &Acirc;m cao 4,3m (t&iacute;nh cả bệ) bằng&nbsp;<tag style="margin: 0px; padding: 0px; border: 0px none; list-style: none;">ngọc b&iacute;ch</tag>&nbsp;nguy&ecirc;n khối. Tượng phật ngọc c&oacute; chiều cao hơn 2m, b&ecirc;n dưới l&agrave; t&ograve;a sen bằng đ&aacute; sapphire tự nhi&ecirc;n nặng 6 tấn, dưới c&ugrave;ng l&agrave; bệ đỡ chạm nổi h&igrave;nh 9 con rồng, bằng đ&aacute; thạch anh trắng nặng 23 tấn.</p>\r\n<table align="center" border="0" cellpadding="1" cellspacing="1" style="margin: 0px 20px 10px 0px; padding: 0px; list-style: none; max-width: 496px; color: rgb(51, 51, 51); font-family: ''Times New Roman'', Times, serif; font-size: 16px; line-height: 20px; border: 0px !important; background-color: rgb(241, 241, 241) !important;" width="200">\r\n	<tbody style="margin: 0px; padding: 0px; border: 0px; list-style: none; outline: 0px; background-color: transparent;">\r\n		<tr style="margin: 0px; padding: 0px; border: 0px none; list-style: none;">\r\n			<td style="margin: 0px; padding: 0px; border: 0px none; list-style: none;">\r\n				<img align="Middle" alt="" border="0" class="oImage" height="583" src="http://img2.news.zing.vn/2012/10/24/img2453.jpg" style="margin: 0px; padding: 0px; border: 0px; list-style: none; outline: 0px; background-color: transparent; max-width: 500px; height: auto;" width="500" /></td>\r\n		</tr>\r\n		<tr style="margin: 0px; padding: 0px; border: 0px none; list-style: none;">\r\n			<td class="pCaption" style="margin: 0px 0px 5px; padding: 5px; border: 0px none; list-style: none; font-family: Arial, Helvetica, sans-serif; font-size: 12px; color: rgb(102, 102, 102); background-color: rgb(246, 246, 246);">\r\n				Pho tượng quan &acirc;m bằng ngọc b&iacute;ch lớn nhất Việt Nam</td>\r\n		</tr>\r\n	</tbody>\r\n</table>\r\n<p class="pBody" style="margin: 0px 0px 10px; padding: 0px; border: 0px; list-style: none; outline: 0px; font-size: 16px; color: rgb(51, 51, 51); line-height: 20px; font-family: ''Times New Roman'', Times, serif; text-align: justify;">\r\n	Để t&igrave;m hiểu th&ocirc;ng tin về pho tượng &quot;c&oacute; một kh&ocirc;ng hai&quot; n&agrave;y, ch&uacute;ng t&ocirc;i đ&atilde; tr&ograve; chuyện với &ocirc;ng Trịnh Hữu H&ograve;a (64 tuổi), chủ nh&acirc;n của khu điện thờ v&agrave; bức tượng Phật ngọc. Kể về cơ duy&ecirc;n khiến &ocirc;ng quyết t&acirc;m tạc ra bức&nbsp;<tag style="margin: 0px; padding: 0px; border: 0px none; list-style: none;">tượng Quan &Acirc;m</tag>&nbsp;&ldquo;khủng&rdquo; bằng&nbsp;<tag style="margin: 0px; padding: 0px; border: 0px none; list-style: none;">ngọc b&iacute;ch</tag>, &ocirc;ng H&ograve;a n&oacute;i, &ocirc;ng vốn sinh ra v&agrave; lớn l&ecirc;n ở mảnh đất Th&agrave;nh Nam nhưng khi lớn l&ecirc;n lại nam tiến lập nghiệp.</p>\r\n<p class="pBody" style="margin: 0px 0px 10px; padding: 0px; border: 0px; list-style: none; outline: 0px; font-size: 16px; color: rgb(51, 51, 51); line-height: 20px; font-family: ''Times New Roman'', Times, serif; text-align: justify;">\r\n	Vốn l&agrave; một người mộ đạo, n&ecirc;n trong suốt qu&atilde;ng thời gian thực hiện c&ocirc;ng việc kinh doanh của m&igrave;nh, &ocirc;ng H&ograve;a cũng lu&ocirc;n tham gia c&ocirc;ng t&aacute;c từ thiện tại c&aacute;c ch&ugrave;a v&agrave; gi&uacute;p đỡ b&agrave; con phật tử. Khoảng năm 1997, &ocirc;ng H&ograve;a về hưu v&agrave; quyết định x&acirc;y dựng một quần thể t&acirc;m linh tại l&agrave;ng Bưởi T&acirc;n Triều, ấp Vĩnh Hiệp, T&acirc;n B&igrave;nh, Đồng Nai.</p>\r\n<p class="pBody" style="margin: 0px 0px 10px; padding: 0px; border: 0px; list-style: none; outline: 0px; font-size: 16px; color: rgb(51, 51, 51); line-height: 20px; font-family: ''Times New Roman'', Times, serif; text-align: justify;">\r\n	Sau khi quần thể t&acirc;m linh ho&agrave;n tất được nửa năm, bất ngờ, &ocirc;ng H&ograve;a mơ thấy giấc mơ kỳ lạ về h&igrave;nh ảnh phật b&agrave; quan &acirc;m to lớn hiện diện trong t&acirc;m tr&iacute;. &Ocirc;ng H&ograve;a nảy sinh &yacute; nghĩ phải tạc một bức&nbsp;<tag style="margin: 0px; padding: 0px; border: 0px none; list-style: none;">tượng quan &acirc;m</tag>&nbsp;bằng&nbsp;<tag style="margin: 0px; padding: 0px; border: 0px none; list-style: none;">ngọc b&iacute;ch</tag>&nbsp;để đặt v&agrave;o quần thể t&acirc;m linh của m&igrave;nh.</p>\r\n<p class="pBody" style="margin: 0px 0px 10px; padding: 0px; border: 0px; list-style: none; outline: 0px; font-size: 16px; color: rgb(51, 51, 51); line-height: 20px; font-family: ''Times New Roman'', Times, serif; text-align: justify;">\r\n	Nghĩ sao l&agrave;m vậy, &ocirc;ng H&ograve;a đ&atilde; một th&acirc;n một m&igrave;nh đi khắp nơi t&igrave;m cho bằng được khối&nbsp;<tag style="margin: 0px; padding: 0px; border: 0px none; list-style: none;">ngọc b&iacute;ch</tag>&nbsp;để tạc tượng nhưng sau hơn 2 năm trời t&igrave;m kiếm, &ocirc;ng vẫn kh&ocirc;ng thể t&igrave;m được. Ước nguyện tưởng chừng như dang dở th&igrave; bỗng một ng&agrave;y m&ugrave;a h&egrave; năm 2010, &ocirc;ng H&ograve;a t&igrave;nh cờ nhận được tin b&aacute;o của một người bạn về một khối&nbsp;<tag style="margin: 0px; padding: 0px; border: 0px none; list-style: none;">ngọc b&iacute;ch</tag>&nbsp;được khai quật gần Bắc Cực thuộc địa phận Canada.</p>\r\n<p class="pBody" style="margin: 0px 0px 10px; padding: 0px; border: 0px; list-style: none; outline: 0px; font-size: 16px; color: rgb(51, 51, 51); line-height: 20px; font-family: ''Times New Roman'', Times, serif; text-align: justify;">\r\n	Kh&ocirc;ng quản ngại kh&oacute; khăn, &ocirc;ng H&ograve;a đ&atilde; đ&aacute;p chuyến bay sang nước bạn v&agrave; t&igrave;m tới &ocirc;ng Kirk Makepeace, người được mệnh danh l&agrave; &ldquo;&ocirc;ng tr&ugrave;m ngọc&rdquo; tr&ecirc;n thế giới, hiện đang l&agrave; chủ của khối&nbsp;<tag style="margin: 0px; padding: 0px; border: 0px none; list-style: none;">ngọc b&iacute;ch</tag>. Ngay khi nh&igrave;n thấy khối ngọc khổng lồ với trọng lượng 11,5 tấn tỏa ra m&agrave;u xanh kỳ diệu, &ocirc;ng H&ograve;a như bị h&uacute;t hồn v&agrave; &ocirc;ng đinh ninh rằng, chỉ c&oacute; từ khối ngọc n&agrave;y mới c&oacute; thể tạc ra bức&nbsp;<a class="zinglive_highlight" href="http://live.zing.vn/topic/t%C6%B0%E1%BB%A3ng-quan-%C3%A2m" style="margin: 0px; padding: 0px 15px 0px 0px; border-width: 0px 0px 1px; border-bottom-style: dotted; border-bottom-color: rgb(102, 102, 102); list-style: none; outline: 0px; font-size: 12.2pt; background-image: url(http://static2.news.zing.vn/v3/images/comment_left.gif); color: rgb(51, 51, 51); text-decoration: initial; background-position: 100% 4px; background-repeat: no-repeat no-repeat;" target="_blank" title="Thảo luận cộng đồng">tượng quan &acirc;m</a>&nbsp;m&agrave; &ocirc;ng đ&atilde; thấy trong giấc mơ.</p>\r\n<p class="pBody" style="margin: 0px 0px 10px; padding: 0px; border: 0px; list-style: none; outline: 0px; font-size: 16px; color: rgb(51, 51, 51); line-height: 20px; font-family: ''Times New Roman'', Times, serif; text-align: justify;">\r\n	Theo đ&aacute;nh gi&aacute; của &ldquo;&ocirc;ng tr&ugrave;m ngọc&rdquo;, đ&acirc;y l&agrave; khối ngọc loại qu&yacute; 100% nephrite jade c&oacute; m&agrave;u xanh l&aacute; c&acirc;y nặng khoảng 11,5 tấn, được đặt t&ecirc;n l&agrave; Vi&ecirc;n ngọc Langley (Langley Bouder), cũng được đặt t&ecirc;n giống như khối ngọc nặng 18 tấn Polar Pride Bouder l&agrave;m ra tượng Phật ngọc V&igrave; H&ograve;a b&igrave;nh Thế giới. Theo như khẳng định của &ocirc;ng Kirk Makepeace, đ&acirc;y l&agrave; khối&nbsp;<tag style="margin: 0px; padding: 0px; border: 0px none; list-style: none;">ngọc b&iacute;ch</tag>&nbsp;đẹp nhất m&agrave; &ocirc;ng t&igrave;m được trong v&ograve;ng 25 năm trở lại đ&acirc;y v&agrave; c&oacute; chất lượng cao nhất A++.&nbsp;</p>\r\n<p class="pSubTitle" style="margin: 0px; padding: 0px 2px 8px 0px; border: 0px; list-style: none; outline: 0px; font-size: 16px; font-family: ''Times New Roman''; font-weight: bold; line-height: 18px; color: rgb(51, 51, 51);">\r\n	Bức tượng mang đẳng cấp thế giới do b&agrave;n tay người Việt tạo th&agrave;nh</p>\r\n<p class="pBody" style="margin: 0px 0px 10px; padding: 0px; border: 0px; list-style: none; outline: 0px; font-size: 16px; color: rgb(51, 51, 51); line-height: 20px; font-family: ''Times New Roman'', Times, serif; text-align: justify;">\r\n	Khi đưa được khối&nbsp;<tag style="margin: 0px; padding: 0px; border: 0px none; list-style: none;">ngọc b&iacute;ch</tag>&nbsp;về nước, &ocirc;ng H&ograve;a đ&atilde; t&iacute;nh đến chuyện t&igrave;m thợ chế t&aacute;c l&agrave;nh nghề nhất để tạc tượng Phật ngọc Quan &Acirc;m. Rất nhiều &yacute; kiến cho rằng &ocirc;ng l&agrave; phải t&igrave;m kiếm thợ ở nước ngo&agrave;i về mới c&oacute; thể tạc được tượng Phật ngọc. Theo lời giới thiệu của &ocirc;ng Kirk Makepeace, đo&agrave;n của &ocirc;ng H&ograve;a đ&atilde; đến xưởng chế t&aacute;c phật ngọc của c&ocirc;ng ty chế t&aacute;c Jade Thongtawee, l&agrave; nơi chế t&aacute;c tượng Phật ngọc nổi tiếng V&igrave; H&ograve;a b&igrave;nh Thế giới.</p>\r\n<p class="pBody" style="margin: 0px 0px 10px; padding: 0px; border: 0px; list-style: none; outline: 0px; font-size: 16px; color: rgb(51, 51, 51); line-height: 20px; font-family: ''Times New Roman'', Times, serif; text-align: justify;">\r\n	Tuy nhi&ecirc;n, c&ocirc;ng ty cho biết l&agrave; họ cũng chưa tạc tượng Phật B&agrave; Quan &Acirc;m bao giờ. Họ y&ecirc;u cầu khối ngọc phải được vận chuyển v&agrave; mang đến xưởng của họ, với khoảng c&aacute;ch vận chuyển h&agrave;ng ngh&igrave;n c&acirc;y số, thời gian l&agrave;m việc tối thiểu l&agrave; hai năm v&agrave; mỗi một th&aacute;ng &ocirc;ng H&ograve;a phải c&oacute; mặt ở đ&oacute; hai lần để gi&aacute;m s&aacute;t v&agrave; nghiệm thu c&ocirc;ng việc.</p>\r\n<table align="center" border="0" cellpadding="1" cellspacing="1" style="margin: 0px 20px 10px 0px; padding: 0px; list-style: none; max-width: 496px; color: rgb(51, 51, 51); font-family: ''Times New Roman'', Times, serif; font-size: 16px; line-height: 20px; border: 0px !important; background-color: rgb(241, 241, 241) !important;" width="200">\r\n	<tbody style="margin: 0px; padding: 0px; border: 0px; list-style: none; outline: 0px; background-color: transparent;">\r\n		<tr style="margin: 0px; padding: 0px; border: 0px none; list-style: none;">\r\n			<td style="margin: 0px; padding: 0px; border: 0px none; list-style: none;">\r\n				<img align="Middle" alt="" border="0" class="oImage" height="420" src="http://img2.news.zing.vn/2012/10/24/img2477.jpg" style="margin: 0px; padding: 0px; border: 0px; list-style: none; outline: 0px; background-color: transparent; max-width: 500px; height: auto;" width="360" /></td>\r\n		</tr>\r\n		<tr style="margin: 0px; padding: 0px; border: 0px none; list-style: none;">\r\n			<td class="pCaption" style="margin: 0px 0px 5px; padding: 5px; border: 0px none; list-style: none; font-family: Arial, Helvetica, sans-serif; font-size: 12px; color: rgb(102, 102, 102); background-color: rgb(246, 246, 246);">\r\n				C&aacute;c khối ngọc b&iacute;ch t&aacute;ch ra được chế t&aacute;c th&agrave;nh 6 pho tượng phật kh&aacute;c nhau.</td>\r\n		</tr>\r\n	</tbody>\r\n</table>\r\n<p class="pBody" style="margin: 0px 0px 10px; padding: 0px; border: 0px; list-style: none; outline: 0px; font-size: 16px; color: rgb(51, 51, 51); line-height: 20px; font-family: ''Times New Roman'', Times, serif; text-align: justify;">\r\n	Nhận thấy việc tiếp tục vận chuyển v&agrave; gi&aacute;m s&aacute;t việc chế t&aacute;c khối ngọc kh&oacute; khăn v&agrave; phức tạp, &ocirc;ng H&ograve;a quyết định t&igrave;m kiếm thợ trong nước. Nhưng ở Việt Nam th&igrave; kh&oacute; c&oacute; thể t&igrave;m được người thợ n&agrave;o mạnh dạn nhận lời bởi việc tạc khối ngọc lớn v&agrave; qu&yacute; hiếm&nbsp; như thế n&agrave;y từ trước tới giờ chưa ai c&oacute; thể đảm nhiệm.</p>\r\n<p class="pBody" style="margin: 0px 0px 10px; padding: 0px; border: 0px; list-style: none; outline: 0px; font-size: 16px; color: rgb(51, 51, 51); line-height: 20px; font-family: ''Times New Roman'', Times, serif; text-align: justify;">\r\n	May mắn thay, qua một người bạn giới thiệu, &ocirc;ng H&ograve;a gặp được một nh&oacute;m thợ ngọc l&agrave;nh nghề người Việt Nam do anh Mai Viết Cường l&agrave;m trưởng nh&oacute;m. L&uacute;c đầu &ocirc;ng H&ograve;a tỏ vẻ ho&agrave;i nghi bởi kh&ocirc;ng c&oacute; g&igrave; để khẳng định rằng họ l&agrave; sẽ l&agrave;m được một tượng ngọc lớn như vậy. Thế nhưng, với sự cả quyết cũng như nh&igrave;n thấy nhiệt huyết của anh Cường đối với c&ocirc;ng việc n&agrave;y, cuối c&ugrave;ng &ocirc;ng H&ograve;a đ&atilde; bị thuyết phục v&agrave; đồng &yacute; để nh&oacute;m thợ n&agrave;y gia c&ocirc;ng, như cũng l&agrave; một c&aacute;ch để khẳng định về tay nghề của những người thợ ngọc Việt Nam.</p>\r\n<table align="center" border="0" cellpadding="1" cellspacing="1" style="margin: 0px 20px 10px 0px; padding: 0px; list-style: none; max-width: 496px; color: rgb(51, 51, 51); font-family: ''Times New Roman'', Times, serif; font-size: 16px; line-height: 20px; border: 0px !important; background-color: rgb(241, 241, 241) !important;" width="200">\r\n	<tbody style="margin: 0px; padding: 0px; border: 0px; list-style: none; outline: 0px; background-color: transparent;">\r\n		<tr style="margin: 0px; padding: 0px; border: 0px none; list-style: none;">\r\n			<td style="margin: 0px; padding: 0px; border: 0px none; list-style: none;">\r\n				<img align="Middle" alt="" border="0" class="oImage" height="420" src="http://img2.news.zing.vn/2012/10/24/img2578-1.jpg" style="margin: 0px; padding: 0px; border: 0px; list-style: none; outline: 0px; background-color: transparent; max-width: 500px; height: auto;" width="360" /></td>\r\n		</tr>\r\n		<tr style="margin: 0px; padding: 0px; border: 0px none; list-style: none;">\r\n			<td class="pCaption" style="margin: 0px 0px 5px; padding: 5px; border: 0px none; list-style: none; font-family: Arial, Helvetica, sans-serif; font-size: 12px; color: rgb(102, 102, 102); background-color: rgb(246, 246, 246);">\r\n				&Ocirc;ng Cường, trưởng nh&oacute;m thợ, b&ecirc;n bức tượng phật đẳng cấp thế giới</td>\r\n		</tr>\r\n	</tbody>\r\n</table>\r\n<p class="pBody" style="margin: 0px 0px 10px; padding: 0px; border: 0px; list-style: none; outline: 0px; font-size: 16px; color: rgb(51, 51, 51); line-height: 20px; font-family: ''Times New Roman'', Times, serif; text-align: justify;">\r\n	Anh Mai Viết Cường chia sẻ về việc nhận l&agrave;m pho tượng: &ldquo;Loại&nbsp;<tag style="margin: 0px; padding: 0px; border: 0px none; list-style: none;">ngọc b&iacute;ch</tag>&nbsp;n&agrave;y c&oacute; cấu tạo rất cứng v&igrave; thế rất kh&oacute; khăn trong việc tạc th&agrave;nh bức tượng. Hơn nữa, trong qu&aacute; tr&igrave;nh khoan cắt khối ngọc, chỉ cần v&agrave;i gi&acirc;y kh&ocirc;ng c&oacute; nước th&igrave; điểm tiếp x&uacute;c sẽ bị nổ do nhiệt độ tăng l&ecirc;n. Để c&oacute; thể ho&agrave;n th&agrave;nh bức tượng n&agrave;y th&igrave; phải c&oacute; sự đồng thuận cũng như sự bền bỉ v&agrave; kỹ năng kh&eacute;o l&eacute;o&rdquo;.</p>\r\n<p class="pBody" style="margin: 0px 0px 10px; padding: 0px; border: 0px; list-style: none; outline: 0px; font-size: 16px; color: rgb(51, 51, 51); line-height: 20px; font-family: ''Times New Roman'', Times, serif; text-align: justify;">\r\n	Sau hơn một năm, những người thợ t&agrave;i hoa đ&atilde; tạo n&ecirc;n được&nbsp;một pho tượng Phật B&agrave; Quan &Acirc;m bằng&nbsp;<tag style="margin: 0px; padding: 0px; border: 0px none; list-style: none;">ngọc b&iacute;ch</tag>&nbsp;cao hơn 2m. Đ&acirc;y l&agrave; bức tượng Phật B&agrave; Quan &Acirc;m bằng&nbsp;<tag style="margin: 0px; padding: 0px; border: 0px none; list-style: none;">ngọc b&iacute;ch</tag>&nbsp;<a class="zinglive_highlight" href="http://live.zing.vn/topic/l%E1%BB%9Bn-nh%E1%BA%A5t" style="margin: 0px; padding: 0px 15px 0px 0px; border-width: 0px 0px 1px; border-bottom-style: dotted; border-bottom-color: rgb(102, 102, 102); list-style: none; outline: 0px; font-size: 12.2pt; background-image: url(http://static2.news.zing.vn/v3/images/comment_left.gif); color: rgb(51, 51, 51); text-decoration: initial; background-position: 100% 4px; background-repeat: no-repeat no-repeat;" target="_blank" title="Thảo luận cộng đồng">lớn nhất</a>&nbsp;Việt Nam v&agrave; tr&ecirc;n thế giới từ trước đến nay. C&aacute;c khối ngọc nhỏ t&aacute;ch ra từ khối ngọc lớn sau khi đ&atilde; chế t&aacute;c tượng Phật B&agrave; Quan &Acirc;m, được &ocirc;ng H&ograve;a cho chế t&aacute;c th&ecirc;m được 6 pho tượng ngọc nữa gồm c&oacute; một pho tượng Th&iacute;ch Ca M&acirc;u Ni, một pho tượng A Di Đ&agrave;,&nbsp; ba pho tượng Mẫu v&agrave; một pho tượng đức Th&aacute;nh Trần c&oacute; chiều cao từ 90cm đến 100cm.</p>\r\n<p class="pBody" style="margin: 0px 0px 10px; padding: 0px; border: 0px; list-style: none; outline: 0px; font-size: 16px; color: rgb(51, 51, 51); line-height: 20px; font-family: ''Times New Roman'', Times, serif; text-align: justify;">\r\n	Với 7 pho tượng bằng&nbsp;<a class="zinglive_highlight" href="http://live.zing.vn/topic/ng%E1%BB%8Dc-b%C3%ADch" style="margin: 0px; padding: 0px 15px 0px 0px; border-width: 0px 0px 1px; border-bottom-style: dotted; border-bottom-color: rgb(102, 102, 102); list-style: none; outline: 0px; font-size: 12.2pt; background-image: url(http://static2.news.zing.vn/v3/images/comment_left.gif); color: rgb(51, 51, 51); text-decoration: initial; background-position: 100% 4px; background-repeat: no-repeat no-repeat;" target="_blank" title="Thảo luận cộng đồng">ngọc b&iacute;ch</a>, c&oacute; thể n&oacute;i đ&acirc;y l&agrave; quần thể t&acirc;m linh c&oacute; nhiều tượng Phật ngọc nhất ở Việt Nam, l&agrave; c&ocirc;ng tr&igrave;nh văn h&oacute;a t&acirc;m linh mới, c&oacute; gi&aacute; trị khơi dậy v&agrave; giữ g&igrave;n truyền thống văn h&oacute;a l&acirc;u đời của người Việt.</p>\r\n<p class="pAuthor" style="margin: 0px; padding: 0px; border: 0px; list-style: none; outline: 0px; font-size: 10pt; text-align: right; font-weight: bold; text-transform: uppercase; font-family: ''Times New Roman''; color: rgb(51, 51, 51); line-height: 20px;">\r\n	QUỐC THẾ &ndash; KINH V&Acirc;N</p>\r\n<p class="pzSource" style="margin: 0px; padding: 0px; border: 0px; list-style: none; outline: 0px; font-size: 16px; text-align: right; font-style: italic; font-family: ''Times New Roman''; color: rgb(128, 128, 128); line-height: 20px;">\r\n	Theo Infonet</p>\r\n', 'Đồng Nai: Chế tác tượng quan âm lớn nhất Việt Nam', 0),
(18, 10, 'Nhiên Như - Quảng Tánh', '2012-10-29 00:09:11', '<p> &nbsp;</p> <p> <span class="ctcBody" id="ZoomContentBody" style="color: rgb(0, 0, 0); font-family: arial, tahoma, verdana; text-align: justify; width: auto; line-height: 22px; font-size: 14px;"><b>GNO</b>&nbsp;-&nbsp;<font color="#808080"><b>S&aacute;ng nay 4-11, lễ đặt đ&aacute; x&acirc;y dựng cơ sở mới Học viện Phật gi&aacute;o Việt Nam&nbsp;(HVPGVN)&nbsp;tại TP.HCM mang tầm v&oacute;c quốc tế đ&atilde; diễn ra trang nghi&ecirc;m tại khu đất 23,8ha thuộc x&atilde; L&ecirc; Minh Xu&acirc;n, huyện B&igrave;nh Ch&aacute;nh.</b></font></span></p> <p align="center"> <span class="ctcBody" id="ZoomContentBody" style="color: rgb(0, 0, 0); font-family: arial, tahoma, verdana; text-align: justify; width: auto; line-height: 22px; font-size: 14px;"><img alt="DSC_0030.JPG" border="0" height="366" src="http://www.giacngo.vn/UserImages/2012/11/04/10/DSC_0030.JPG" style="padding: 1px; border: 1px solid rgb(229, 229, 229);" width="550" /></span></p> <p align="center"> <span class="ctcBody" id="ZoomContentBody" style="color: rgb(0, 0, 0); font-family: arial, tahoma, verdana; text-align: justify; width: auto; line-height: 22px; font-size: 14px;"><font color="#808080" size="2">Thiếu tướng L&ecirc; Đ&igrave;nh Luyện tặng hoa ch&uacute;c mừng</font></span></p> <p align="center"> <span class="ctcBody" id="ZoomContentBody" style="color: rgb(0, 0, 0); font-family: arial, tahoma, verdana; text-align: justify; width: auto; line-height: 22px; font-size: 14px;"><img alt="DSC_0031.JPG" border="0" height="366" src="http://www.giacngo.vn/UserImages/2012/11/04/10/DSC_0031.JPG" style="padding: 1px; border: 1px solid rgb(229, 229, 229);" width="550" /></span></p> <p align="center"> <span class="ctcBody" id="ZoomContentBody" style="color: rgb(0, 0, 0); font-family: arial, tahoma, verdana; text-align: justify; width: auto; line-height: 22px; font-size: 14px;"><font color="#808080" size="2">&Ocirc;ng B&ugrave;i Hữu Dược tặng hoa ch&uacute;c mừng</font></span></p> <p> <span class="ctcBody" id="ZoomContentBody" style="color: rgb(0, 0, 0); font-family: arial, tahoma, verdana; text-align: justify; width: auto; line-height: 22px; font-size: 14px;">Quang l&acirc;m chứng minh v&agrave; tham dự c&oacute;: HT.Th&iacute;ch Đức Nghiệp, Ph&oacute; Thư k&yacute; HĐCM; HT.Th&iacute;ch Vi&ecirc;n Gi&aacute;c, Th&agrave;nh vi&ecirc;n HĐCM; HT.Th&iacute;ch Tr&iacute; Quảng, Ph&oacute; Chủ tịch HĐTS ki&ecirc;m Viện trưởng HVPGVN tại TP.HCM; HT.Yoshimizu Daichi, Trưởng l&atilde;o Phật&nbsp;gi&aacute;o&nbsp;đến từ Nhật&nbsp;Bản;&nbsp;HT.Th&iacute;ch Thiện Nhơn, Ph&oacute; Chủ tịch ki&ecirc;m Tổng Thư k&yacute; HĐTS; HT.Th&iacute;ch Gi&aacute;c To&agrave;n, Ph&oacute; Chủ tịch&nbsp;HĐTS&nbsp;ki&ecirc;m Ph&oacute; Viện trưởng HVPGVN tại TP.HCM; HT.Th&iacute;ch Thiện T&aacute;nh, Ủy vi&ecirc;n Kiểm so&aacute;t HĐTS ki&ecirc;m Ph&oacute; ban Thường trực BTS THPG TP.HCM; HT.Th&iacute;ch Thiện Ph&aacute;p, Ph&oacute; Tổng Thư k&yacute; ki&ecirc;m Ch&aacute;nh VP II TƯGH; HT.Th&iacute;ch Gia Quang, Ph&oacute; Tổng Thư k&yacute; ki&ecirc;m Ch&aacute;nh VP I TƯGH; HT.Th&iacute;ch Nhật Quang, Ph&oacute; ban ki&ecirc;m Ch&aacute;nh Thư k&yacute; BTS THPG TP.HCM&hellip;.; NT.Th&iacute;ch nữ Tịnh Nguyện, Ph&oacute; ban Thường trực Ph&acirc;n ban Đặc tr&aacute;ch Ni giới T.Ư; NT.Th&iacute;ch nữ Tịnh Hạnh, Ph&oacute; Ph&acirc;n ban Đặc tr&aacute;ch Ni giới T.Ư; &nbsp;chư t&ocirc;n đức Hội đồng Điều h&agrave;nh HVPGVN tại TP.HCM. Chư t&ocirc;n gi&aacute;o phẩm Tăng Ni c&aacute;c BTS THPG TP.Cần Thơ, Đồng Nai, Ki&ecirc;n Giang, Gia Lai, Đắk Lắk, Long An, Bạc Li&ecirc;u, Vĩnh Long, S&oacute;c Trăng, T&acirc;y Ninh, Kh&aacute;nh H&ograve;a, B&igrave;nh Dương, chư t&ocirc;n đức Tăng Ni c&aacute;c tự viện TP.HCM, c&aacute;c gi&aacute;o sư, tiến sĩ, thiện tri thức, đ&ocirc;ng đảo Phật tử về tham dự.</span></p> <p> <span class="ctcBody" id="ZoomContentBody" style="color: rgb(0, 0, 0); font-family: arial, tahoma, verdana; text-align: justify; width: auto; line-height: 22px; font-size: 14px;">Đến tham dự c&ograve;n c&oacute; c&aacute;c &ocirc;ng b&agrave;: B&ugrave;i Quốc Li&ecirc;m, Ph&oacute; Tổng cục trưởng Tổng cục An ninh; Thiếu tướng L&ecirc; Đ&igrave;nh Luyện, Cục trưởng Cục An ninh x&atilde; hội; Vũ Phạm Việt Thắng, Thanh tra Ch&iacute;nh phủ; B&ugrave;i Thanh H&agrave;, Ph&oacute; ban T&ocirc;n gi&aacute;o Ch&iacute;nh phủ; B&ugrave;i Hữu Dược, Vụ trưởng Vụ&nbsp;Phật gi&aacute;o Ban T&ocirc;n gi&aacute;o Ch&iacute;nh phủ; Trần Minh Nga, Vụ ph&oacute; Vụ T&ocirc;n gi&aacute;o Ch&iacute;nh phủ; L&ecirc; Minh Tr&iacute;, Ph&oacute; Chủ tịch UBND TP; Trần Ngọc Bảo, Ph&oacute; ban D&acirc;n vận TP; L&ecirc; Hồng Ph&uacute;c, Ph&oacute; Gi&aacute;m đốc Sở Nội vụ, Ph&oacute; ban T&ocirc;n gi&aacute;o-D&acirc;n tộc TP; Trần Trung T&iacute;nh, Ph&oacute; Chủ tịch UBMTTQ TP&hellip;; đại diện UBND huyện B&igrave;nh Ch&aacute;nh c&ugrave;ng đại diện c&aacute;c sở, ban, ng&agrave;nh c&aacute;c cấp; c&aacute;c doanh nghiệp, c&aacute;c mạnh thường qu&acirc;n, nh&agrave; hảo t&acirc;m đến tham dự.</span></p> <p align="center"> <span class="ctcBody" id="ZoomContentBody" style="color: rgb(0, 0, 0); font-family: arial, tahoma, verdana; text-align: justify; width: auto; line-height: 22px; font-size: 14px;"><img alt="DSC_0020.JPG" border="0" height="366" src="http://www.giacngo.vn/UserImages/2012/11/04/10/DSC_0020.JPG" style="padding: 1px; border: 1px solid rgb(229, 229, 229);" width="550" /></span></p> <p align="center"> <span class="ctcBody" id="ZoomContentBody" style="color: rgb(0, 0, 0); font-family: arial, tahoma, verdana; text-align: justify; width: auto; line-height: 22px; font-size: 14px;"><img alt="DSC_0022.JPG" border="0" height="366" src="http://www.giacngo.vn/UserImages/2012/11/04/10/DSC_0022.JPG" style="padding: 1px; border: 1px solid rgb(229, 229, 229);" width="550" /></span></p> <p align="center"> <span class="ctcBody" id="ZoomContentBody" style="color: rgb(0, 0, 0); font-family: arial, tahoma, verdana; text-align: justify; width: auto; line-height: 22px; font-size: 14px;"><img alt="DSC_0024.JPG" border="0" height="366" src="http://www.giacngo.vn/UserImages/2012/11/04/10/DSC_0024.JPG" style="padding: 1px; border: 1px solid rgb(229, 229, 229);" width="550" /></span></p> <p align="center"> <span class="ctcBody" id="ZoomContentBody" style="color: rgb(0, 0, 0); font-family: arial, tahoma, verdana; text-align: justify; width: auto; line-height: 22px; font-size: 14px;"><font color="#808080" size="2">Chư t&ocirc;n đức, quan kh&aacute;ch nhất t&acirc;m cầu nguyện</font></span></p> <p> <span class="ctcBody" id="ZoomContentBody" style="color: rgb(0, 0, 0); font-family: arial, tahoma, verdana; text-align: justify; width: auto; line-height: 22px; font-size: 14px;">Ph&aacute;t biểu khai mạc lễ, HT.Th&iacute;ch Tr&iacute; Quảng nhấn mạnh: &ldquo;<em>Sự hiện diện của chư t&ocirc;n thiền đức v&agrave; liệt qu&yacute; vị trong buổi đặt đ&aacute; khởi c&ocirc;ng x&acirc;y dựng HVPGVN tại TP.HCM h&ocirc;m nay đ&atilde; thể hiện mối quan t&acirc;m to lớn đến sự nghiệp gi&aacute;o dục của Phật gi&aacute;o, đồng thời l&agrave; nguồn động vi&ecirc;n v&agrave; niềm kh&iacute;ch lệ lớn lao cho ch&uacute;ng t&ocirc;i trong sự nghiệp gi&aacute;o dục đ&agrave;o tạo Tăng t&agrave;i m&agrave; GHPGVN giao ph&oacute;... Tăng Ni l&agrave; tương lai của Đạo ph&aacute;p, nhưng chỉ c&oacute; những Tăng Ni c&oacute; t&agrave;i c&oacute; đức mới c&oacute; thể kế thừa trọng tr&aacute;ch hoằng dương Phật ph&aacute;p của c&aacute;c bậc Tổ giao ph&oacute;. R&otilde; r&agrave;ng, những con người đức tr&iacute; vẹn to&agrave;n như thế ắt phải được đ&agrave;o tạo trong một hệ thống gi&aacute;o dục ho&agrave;n thiện v&agrave; to&agrave;n diện của Phật gi&aacute;o</em>&hellip;&rdquo;.</span></p> <p align="center"> <span class="ctcBody" id="ZoomContentBody" style="color: rgb(0, 0, 0); font-family: arial, tahoma, verdana; text-align: justify; width: auto; line-height: 22px; font-size: 14px;"><img alt="DSC_0027.JPG" border="0" height="366" src="http://www.giacngo.vn/UserImages/2012/11/04/10/DSC_0027.JPG" style="padding: 1px; border: 1px solid rgb(229, 229, 229);" width="550" /></span></p> <p align="center"> <span class="ctcBody" id="ZoomContentBody" style="color: rgb(0, 0, 0); font-family: arial, tahoma, verdana; text-align: justify; width: auto; line-height: 22px; font-size: 14px;"><font color="#808080" size="2">HT.Th&iacute;ch Tr&iacute; Quảng đọc diễn văn khai mạc</font></span></p> <p> <span class="ctcBody" id="ZoomContentBody" style="color: rgb(0, 0, 0); font-family: arial, tahoma, verdana; text-align: justify; width: auto; line-height: 22px; font-size: 14px;">HVPGVN tại TP.HCM c&oacute; nguồn gốc từ Đại học Vạn Hạnh (1964-1975) v&agrave; tiền th&acirc;n l&agrave; Trường Cao cấp Phật học VN (1983-1997), được UBND TP.HCM cấp ph&eacute;p hoạt động theo Quyết định số 160/QĐ/UB ng&agrave;y 17-10-1983. Mục đ&iacute;ch của Học viện l&agrave; đ&agrave;o tạo thế hệ Tăng Ni với đức tr&iacute; song to&agrave;n, kế thừa v&agrave; ph&aacute;t triển đạo Phật, g&oacute;p phần v&agrave;o sự nghiệp đ&agrave;o tạo nguồn nh&acirc;n lực phục vụ Đạo ph&aacute;p v&agrave; D&acirc;n tộc. Suốt gần 25 năm hoạt động, dưới sự điều h&agrave;nh tận tụy của cố H&ograve;a thượng Viện trưởng s&aacute;ng lập Th&iacute;ch Minh Ch&acirc;u, Học viện lu&ocirc;n ph&aacute;t triển v&agrave; th&iacute;ch nghi với với những y&ecirc;u cầu của thời đại. Kế thừa những di sản m&agrave; chư vị tiền bối d&agrave;y c&ocirc;ng gầy dựng, Hội đồng Điều h&agrave;nh Học viện tiếp tục sự nghiệp gi&aacute;o dục Tăng t&agrave;i m&agrave; Gi&aacute;o hội giao ph&oacute;.</span></p> <p> <span class="ctcBody" id="ZoomContentBody" style="color: rgb(0, 0, 0); font-family: arial, tahoma, verdana; text-align: justify; width: auto; line-height: 22px; font-size: 14px;">Cho&nbsp;đến&nbsp;nay, Học viện đ&atilde; đ&agrave;o tạo hơn 1.500 Tăng Ni sinh tốt nghiệp cử nh&acirc;n Phật học, trong đ&oacute; c&oacute; 476 Tăng Ni đi du học tại c&aacute;c nước tr&ecirc;n thế giới với cấp học thạc sĩ, tiến sĩ thuộc nhiều ng&agrave;nh học kh&aacute;c nhau. Hiện nay, Học viện được Ch&iacute;nh phủ cấp ph&eacute;p đ&agrave;o tạo 150 nghi&ecirc;n cứu sinh cấp thạc sĩ. Trong 5 năm qua, Học viện đ&atilde; ch&iacute;nh thức li&ecirc;n kết đ&agrave;o tạo với một số trường đại học danh tiếng ở nước ngo&agrave;i: Đại học Nalanda, Trung t&acirc;m Phật học K.J.Somaiya (Ấn Độ), Mahachulalongkorn (Th&aacute;i Lan), Đại học Sư phạm Ph&uacute;c Kiến, Đại học Sư phạm Hoa Trung, Đại học Li&ecirc;n Hợp Bắc Kinh (Trung Quốc), Đại học Phật Quang Sơn (l&atilde;nh thổ Đ&agrave;i Loan)&hellip;</span></p> <p> <span class="ctcBody" id="ZoomContentBody" style="color: rgb(0, 0, 0); font-family: arial, tahoma, verdana; text-align: justify; width: auto; line-height: 22px; font-size: 14px;">Buổi lễ đặt đ&aacute; khởi c&ocirc;ng x&acirc;y dựng cơ sở mới HVPGVN tại TP.HCM đ&atilde; diễn ra trang nghi&ecirc;m, thanh tịnh với sự hướng dẫn của chư t&ocirc;n đức gi&aacute;o phẩm nhất t&acirc;m cầu nguyện,&nbsp;d&acirc;ng hương bạch Phật, lễ s&aacute;i tịnh&hellip; cầu nguyện c&ocirc;ng tr&igrave;nh x&acirc;y dựng cơ sở mới HVPGVN tại TP.HCM được ho&agrave;n th&agrave;nh như &yacute; nguyện.</span></p> <p align="center"> <span class="ctcBody" id="ZoomContentBody" style="color: rgb(0, 0, 0); font-family: arial, tahoma, verdana; text-align: justify; width: auto; line-height: 22px; font-size: 14px;"><img alt="DSC_0011.JPG" border="0" height="366" src="http://www.giacngo.vn/UserImages/2012/11/04/10/DSC_0011.JPG" style="padding: 1px; border: 1px solid rgb(229, 229, 229);" width="550" /></span></p> <p align="center"> <span class="ctcBody" id="ZoomContentBody" style="color: rgb(0, 0, 0); font-family: arial, tahoma, verdana; text-align: justify; width: auto; line-height: 22px; font-size: 14px;"><font color="#808080" size="2">D&acirc;ng hương bạch Phật</font></span></p> <p align="center"> <span class="ctcBody" id="ZoomContentBody" style="color: rgb(0, 0, 0); font-family: arial, tahoma, verdana; text-align: justify; width: auto; line-height: 22px; font-size: 14px;"><img alt="DSC_0018.JPG" border="0" height="366" src="http://www.giacngo.vn/UserImages/2012/11/04/10/DSC_0018.JPG" style="padding: 1px; border: 1px solid rgb(229, 229, 229);" width="550" /></span></p> <p align="center"> <span class="ctcBody" id="ZoomContentBody" style="color: rgb(0, 0, 0); font-family: arial, tahoma, verdana; text-align: justify; width: auto; line-height: 22px; font-size: 14px;"><font color="#808080" size="2">Chư t&ocirc;n đức thực hiện nghi thức s&aacute;i tịnh</font></span></p> <p> <span class="ctcBody" id="ZoomContentBody" style="color: rgb(0, 0, 0); font-family: arial, tahoma, verdana; text-align: justify; width: auto; line-height: 22px; font-size: 14px;">Cơ sở mới HVPGVN tại TP.HCM được x&acirc;y dựng trong tổng thể của dự &aacute;n x&acirc;y dựng Trung t&acirc;m Văn h&oacute;a Phật gi&aacute;o Việt Nam tr&ecirc;n khu đất 23,8ha thuộc x&atilde; L&ecirc; Minh Xu&acirc;n, huyện B&igrave;nh Ch&aacute;nh, TP.HCM. To&agrave;n bộ khu đất gần 24ha chia th&agrave;nh hai khu ch&iacute;nh: Học viện Phật gi&aacute;o gồm 160.299,1m<sup>2</sup>&nbsp;(chiếm 67,4%) v&agrave;&nbsp;khu Trung t&acirc;m Văn h&oacute;a Phật gi&aacute;o gồm 59.652,6m<sup>2&nbsp;</sup>(chiếm 25,1%); 18% đất c&ograve;n lại l&agrave; đất giao th&ocirc;ng.</span></p> <p> <span class="ctcBody" id="ZoomContentBody" style="color: rgb(0, 0, 0); font-family: arial, tahoma, verdana; text-align: justify; width: auto; line-height: 22px; font-size: 14px;">C&ocirc;ng tr&igrave;nh gồm c&aacute;c hạng mục ch&iacute;nh: ch&aacute;nh điện, khu đại giảng đường v&agrave; hội thảo với sức chứa khoảng 3.000 người; khu lớp học, khu h&agrave;nh ch&aacute;nh, thư viện, k&yacute; t&uacute;c x&aacute; cho khoảng 2.000 Tăng Ni sinh nội tr&uacute;; nh&agrave; kh&aacute;ch quốc tế 300 ph&ograve;ng, khu bảo t&agrave;ng Phật gi&aacute;o, khu bảo th&aacute;p x&aacute;-lợi cao 80m. &nbsp;</span></p> <p> <span class="ctcBody" id="ZoomContentBody" style="color: rgb(0, 0, 0); font-family: arial, tahoma, verdana; text-align: justify; width: auto; line-height: 22px; font-size: 14px;">C&aacute;c giai đoạn x&acirc;y dựng: San lấp mặt bằng (hiện nay 8ha đ&atilde; được san lấp để x&acirc;y dựng).</span></p> <p> <span class="ctcBody" id="ZoomContentBody" style="color: rgb(0, 0, 0); font-family: arial, tahoma, verdana; text-align: justify; width: auto; line-height: 22px; font-size: 14px;">Khu học viện Phật gi&aacute;o gồm c&aacute;c hạng mục: ch&aacute;nh điện, khu lớp học, k&yacute; t&uacute;c x&aacute;, nh&agrave; bếp, ph&ograve;ng giảng vi&ecirc;n, khu h&agrave;nh ch&aacute;nh (dự kiến c&aacute;c hạng mục n&agrave;y dự khoản dao động từ 780 đến 800 tỷ đồng, ho&agrave;n tất từ 2 đến 3 năm t&ugrave;y v&agrave;o sự ph&aacute;t t&acirc;m ủng hộ của qu&yacute; mạnh thường qu&acirc;n, Phật tử).</span></p> <p> <span class="ctcBody" id="ZoomContentBody" style="color: rgb(0, 0, 0); font-family: arial, tahoma, verdana; text-align: justify; width: auto; line-height: 22px; font-size: 14px;">Khu Trung t&acirc;m Văn h&oacute;a Phật gi&aacute;o v&agrave; khu c&ocirc;ng vi&ecirc;n, quảng trường&hellip; c&ocirc;ng tr&igrave;nh sẽ x&uacute;c tiến song song khi thực hiện 2 phần đầu nhằm xanh h&oacute;a m&ocirc;i trường Học viện.</span></p> <p> <span class="ctcBody" id="ZoomContentBody" style="color: rgb(0, 0, 0); font-family: arial, tahoma, verdana; text-align: justify; width: auto; line-height: 22px; font-size: 14px;">Dự kiến, tổng kinh ph&iacute; x&acirc;y dựng của c&ocirc;ng tr&igrave;nh l&ecirc;n đến 2.000 tỷ đồng.</span></p> <p align="center"> <span class="ctcBody" id="ZoomContentBody" style="color: rgb(0, 0, 0); font-family: arial, tahoma, verdana; text-align: justify; width: auto; line-height: 22px; font-size: 14px;"><img alt="DSC_0067.JPG" border="0" height="366" src="http://www.giacngo.vn/UserImages/2012/11/04/10/DSC_0067.JPG" style="padding: 1px; border: 1px solid rgb(229, 229, 229);" width="550" /></span></p> <p align="center"> <span class="ctcBody" id="ZoomContentBody" style="color: rgb(0, 0, 0); font-family: arial, tahoma, verdana; text-align: justify; width: auto; line-height: 22px; font-size: 14px;"><img alt="DSC_0069.JPG" border="0" height="366" src="http://www.giacngo.vn/UserImages/2012/11/04/10/DSC_0069.JPG" style="padding: 1px; border: 1px solid rgb(229, 229, 229);" width="550" /></span></p> <p align="center"> <span class="ctcBody" id="ZoomContentBody" style="color: rgb(0, 0, 0); font-family: arial, tahoma, verdana; text-align: justify; width: auto; line-height: 22px; font-size: 14px;"><font color="#808080" size="2">Đặt những xẻng c&aacute;t đầu ti&ecirc;n l&ecirc;n c&ocirc;ng tr&igrave;nh</font></span></p> <p align="center"> <span class="ctcBody" id="ZoomContentBody" style="color: rgb(0, 0, 0); font-family: arial, tahoma, verdana; text-align: justify; width: auto; line-height: 22px; font-size: 14px;"><img alt="2.JPG" border="0" height="366" src="http://www.giacngo.vn/UserImages/2012/11/04/10/2.JPG" style="padding: 1px; border: 1px solid rgb(229, 229, 229);" width="550" /></span></p> <p align="center"> <span class="ctcBody" id="ZoomContentBody" style="color: rgb(0, 0, 0); font-family: arial, tahoma, verdana; text-align: justify; width: auto; line-height: 22px; font-size: 14px;"><font color="#808080" size="2">Dấu&nbsp;ấn&nbsp;đầu ti&ecirc;n của c&ocirc;ng tr&igrave;nh cơ sở mới HVPGVN tại TP.HCM</font></span></p> <p align="center"> <span class="ctcBody" id="ZoomContentBody" style="color: rgb(0, 0, 0); font-family: arial, tahoma, verdana; text-align: justify; width: auto; line-height: 22px; font-size: 14px;"><img alt="DSC_0082.JPG" border="0" height="366" src="http://www.giacngo.vn/UserImages/2012/11/04/10/DSC_0082.JPG" style="padding: 1px; border: 1px solid rgb(229, 229, 229);" width="550" /></span></p> <p align="center"> <span class="ctcBody" id="ZoomContentBody" style="color: rgb(0, 0, 0); font-family: arial, tahoma, verdana; text-align: justify; width: auto; line-height: 22px; font-size: 14px;"><font color="#808080" size="2">Chụp ảnh lưu niệm tại cổng cơ sở mới HVPGVN tại TP.HCM</font></span></p> <p align="center"> <span class="ctcBody" id="ZoomContentBody" style="color: rgb(0, 0, 0); font-family: arial, tahoma, verdana; text-align: justify; width: auto; line-height: 22px; font-size: 14px;"><img alt="DSC_0063.JPG" border="0" height="366" src="http://www.giacngo.vn/UserImages/2012/11/04/10/DSC_0063.JPG" style="padding: 1px; border: 1px solid rgb(229, 229, 229);" width="550" /></span></p> <p align="center"> <span class="ctcBody" id="ZoomContentBody" style="color: rgb(0, 0, 0); font-family: arial, tahoma, verdana; text-align: justify; width: auto; line-height: 22px; font-size: 14px;"><font color="#808080" size="2">&Ocirc;ng L&ecirc; Minh Tr&iacute; ph&aacute;t biểu</font></span></p> <p> <span class="ctcBody" id="ZoomContentBody" style="color: rgb(0, 0, 0); font-family: arial, tahoma, verdana; text-align: justify; width: auto; line-height: 22px; font-size: 14px;">C&ocirc;ng tr&igrave;nh do GS.TS Phạm Thứ, Hiệu trưởng Trường Đại học Kiến tr&uacute;c TP.HCM v&agrave; c&aacute;c kiến tr&uacute;c sư của trường khảo s&aacute;t v&agrave; chịu tr&aacute;ch nhiệm bản thiết kế. Trưởng ban Quản l&yacute; dự &aacute;n: HT.Th&iacute;ch Tr&iacute; Quảng.</span></p> <p> <span class="ctcBody" id="ZoomContentBody" style="color: rgb(0, 0, 0); font-family: arial, tahoma, verdana; text-align: justify; width: auto; line-height: 22px; font-size: 14px;">Tại lễ khởi c&ocirc;ng, HT.Th&iacute;ch Tr&iacute; Quảng đ&atilde; trao Bằng tuy&ecirc;n dương c&ocirc;ng đức, tặng hoa cho chư t&ocirc;n đức đại diện BTS PG&nbsp;c&aacute;c&nbsp;tỉnh th&agrave;nh, chư t&ocirc;n đức Tăng Ni, c&aacute;c doanh nghiệp, c&aacute;c nh&agrave; mạnh thường qu&acirc;n, nh&agrave; hảo t&acirc;m, Phật tử&hellip; đ&atilde; hoan hỷ đ&oacute;ng g&oacute;p x&acirc;y dựng Học viện với tổng số tiền hơn 81,9 tỷ đồng v&agrave; hơn 600 USD.</span></p> <p align="center"> <span class="ctcBody" id="ZoomContentBody" style="color: rgb(0, 0, 0); font-family: arial, tahoma, verdana; text-align: justify; width: auto; line-height: 22px; font-size: 14px;"><img alt="DSC_0057.JPG" border="0" height="366" src="http://www.giacngo.vn/UserImages/2012/11/04/10/DSC_0057.JPG" style="padding: 1px; border: 1px solid rgb(229, 229, 229);" width="550" /></span></p> <p align="center"> <span class="ctcBody" id="ZoomContentBody" style="color: rgb(0, 0, 0); font-family: arial, tahoma, verdana; text-align: justify; width: auto; line-height: 22px; font-size: 14px;"><font color="#808080" size="2">Tặng hoa c&aacute;c đơn vị t&agrave;i trợ</font></span></p> <p align="center"> <span class="ctcBody" id="ZoomContentBody" style="color: rgb(0, 0, 0); font-family: arial, tahoma, verdana; text-align: justify; width: auto; line-height: 22px; font-size: 14px;"><img alt="DSC_0043.JPG" border="0" height="366" src="http://www.giacngo.vn/UserImages/2012/11/04/10/DSC_0043.JPG" style="padding: 1px; border: 1px solid rgb(229, 229, 229);" width="550" /></span></p> <p align="center"> <span class="ctcBody" id="ZoomContentBody" style="color: rgb(0, 0, 0); font-family: arial, tahoma, verdana; text-align: justify; width: auto; line-height: 22px; font-size: 14px;"><font color="#808080" size="2">Đại diện VinGroup c&uacute;ng dường x&acirc;y dựng 40 tỷ đồng - Ảnh: H.D</font></span></p> <p> <span class="ctcBody" id="ZoomContentBody" style="color: rgb(0, 0, 0); font-family: arial, tahoma, verdana; text-align: justify; width: auto; line-height: 22px; font-size: 14px;">Ph&aacute;t biểu tại lễ khởi đặt đ&aacute; c&ocirc;ng x&acirc;y dựng Học viện, &ocirc;ng L&ecirc; Minh Tr&iacute;, Ph&oacute; Chủ tịch UBND TP.HCM ch&uacute;c mừng lễ đặt đ&aacute; khởi c&ocirc;ng x&acirc;y dựng Học viện Phật gi&aacute;o v&agrave; mong muốn c&ocirc;ng tr&igrave;nh sớm ho&agrave;n th&agrave;nh để Học viện Phật gi&aacute;o Việt Nam tại TP.HCM ph&aacute;t huy thế mạnh đ&agrave;o tạo, gi&aacute;o dục Tăng Ni t&agrave;i đức cho Phật gi&aacute;o v&agrave; d&acirc;n tộc.</span></p> <p> <span class="ctcBody" id="ZoomContentBody" style="color: rgb(0, 0, 0); font-family: arial, tahoma, verdana; text-align: justify; width: auto; line-height: 22px; font-size: 14px;">Ban đạo từ tại buổi lễ, HT.Th&iacute;ch Đức Nghiệp cũng đ&atilde; k&ecirc;u gọi to&agrave;n thể Tăng Ni, Phật tử, c&aacute;c doanh nghiệp, doanh nh&acirc;n, c&aacute;c nh&agrave; mạnh thường qu&acirc;n hoan hỷ, t&iacute;ch cực đ&oacute;ng g&oacute;p để c&ocirc;ng tr&igrave;nh x&acirc;y dựng trường đại học Phật gi&aacute;o mang tầm v&oacute;c quốc tế n&agrave;y sớm ho&agrave;n th&agrave;nh.&nbsp;Đ&acirc;y l&agrave; cơ sở gi&aacute;o dục Phật gi&aacute;o m&agrave; chư t&ocirc;n đức cũng như Tăng Ni, Phật tử hằng mong đợi. Học viện ho&agrave;n th&agrave;nh sẽ mang tầm khu vực v&agrave; quốc tế, ph&aacute;t huy được thế mạnh đ&agrave;o tạo nh&acirc;n t&agrave;i Phật gi&aacute;o trong tương lai.</span></p> <p class="ctcSource" style="font-size: 14px; font-family: arial, tahoma, verdana; text-align: right; color: rgb(0, 0, 0);"> <strong>H.Diệu</strong></p>', 'Xây dựngmới Học viện Phật giáo Việt Nam tại TP.HCM', 0);
INSERT INTO `chuagiacquang_news` (`id`, `id_category`, `author`, `date`, `content`, `title`, `type`) VALUES
(19, 11, 'Theo soha', '2012-11-19 22:21:56', '<p>\r\n	&nbsp;</p>\r\n<div id="newsContent" style="color: rgb(0, 0, 0); font-family: Arial; font-size: 13px;">\r\n	<table align="left" border="0" cellpadding="0" cellspacing="3" style="font-family: tahoma, verdana, arial; font-size: 11px;" width="120">\r\n		<tbody>\r\n			<tr>\r\n				<td>\r\n					<a class="highslide" href="http://phatgiaovnn.com/upload1/uploads/News/pic/1353302584.phatgiaovnn.com.jpg" id="thumb1" style="color: rgb(239, 109, 0);"><img alt="Xem hình" border="0" class="img-detail" src="http://phatgiaovnn.com/upload1/uploads/News/pic/small_1353302584.phatgiaovnn.com.jpg" width="120" /></a></td>\r\n			</tr>\r\n			<tr>\r\n				<td align="center">\r\n					&nbsp;</td>\r\n			</tr>\r\n		</tbody>\r\n	</table>\r\n	Sau hơn 3 năm h&agrave;nh tr&igrave; &ldquo;nhất bộ nhất b&aacute;i&rdquo; từ ch&ugrave;a Hoằng Ph&aacute;p (TPHCM), đến nay Đại đức Th&iacute;ch T&acirc;m Mẫn đ&atilde; đến ch&acirc;n n&uacute;i thi&ecirc;ng Y&ecirc;n Tử (Quảng Ninh).\r\n	<p>\r\n		<span style="font-size: 13pt; font-family: ''Times New Roman''; line-height: 23px;">S&aacute;ng nay (19/11), sư thầy Th&iacute;ch T&acirc;m Mẫn sẽ bắt đầu h&agrave;nh tr&igrave; leo n&uacute;i l&ecirc;n Ch&ugrave;a Đồng &ndash; Tr&uacute;c L&acirc;m Y&ecirc;n Tử. Ngay từ s&aacute;ng sớm, rất đ&ocirc;ng c&aacute;c phật tử, người d&acirc;n đ&atilde; tới chuẩn bị v&agrave; c&ugrave;ng sư thầy h&agrave;nh tr&igrave; l&ecirc;n n&uacute;i.</span></p>\r\n	<div align="justify" style="font-size: 13pt; font-family: ''Times New Roman''; margin: 10.850000381469727px auto; line-height: 23px;">\r\n		<p style="font-size: 13pt; margin: 10.850000381469727px auto;">\r\n			Trước đ&oacute;, ng&agrave;y 14/11, khi nh&agrave; sư đi tới địa phận Suối Tắm (Y&ecirc;n Tử), giao th&ocirc;ng nơi n&agrave;y đ&atilde; bị tắc nghẽn. Đo&agrave;n th&aacute;p t&ugrave;ng nh&agrave; sư được y&ecirc;u cầu đeo thẻ do Ban quản l&yacute; ch&ugrave;a Y&ecirc;n Tử cấp, với đầy đủ th&ocirc;ng tin về t&ecirc;n tuổi, qu&ecirc; qu&aacute;n...</p>\r\n		<p style="font-size: 13pt; margin: 10.850000381469727px auto;">\r\n			Dưới đ&acirc;y l&agrave; những h&igrave;nh ảnh tăng ni, phật tử v&agrave; người d&acirc;n qu&eacute;t đường, chuẩn bị hoa tươi với tất cả l&ograve;ng th&agrave;nh k&iacute;nh v&agrave; nhất t&acirc;m niệm Phật:</p>\r\n		<div style="text-align: center; font-size: 13pt; margin: 10.850000381469727px auto;">\r\n			<img _fl="" alt="Nhà sư " height="324" i="" n="" src="http://sohanews.vcmedia.vn/7t1Cerxg4Pokvs9EVlSlV61hB3Dbc/Image/2012/11/ThichTamMan/SohaIMG5385_7a147.jpg" style="margin: 10.850000381469727px auto; font-size: 13pt; cursor: none; width: 500px; height: 324px;" t="" title="Nhà sư " width="500" /></div>\r\n		<p align="center" style="font-size: 13pt; margin: 10.850000381469727px auto;">\r\n			<span style="font-style: italic; font-size: 13pt; margin: 2% auto;">Ngay từ s&aacute;ng sớm, c&aacute;c Phật tử v&agrave; người d&acirc;n đ&atilde; chuẩn bị để đ&oacute;n nh&agrave; sư.&nbsp;</span></p>\r\n		<p align="center" style="font-size: 13pt; margin: 10.850000381469727px auto;">\r\n			<span style="font-style: italic; font-size: 13pt; margin: 2% auto;"><img alt="Nhà sư " height="371" i="" n="" src="http://sohanews.vcmedia.vn/7t1Cerxg4Pokvs9EVlSlV61hB3Dbc/Image/2012/11/ThichTamMan/SohaIMG5388_f9aad.jpg" style="border: medium solid; margin: 10.850000381469727px auto; width: 500px; font-size: 13pt; cursor: none; height: 371px;" t="" title="Nhà sư " width="500" /></span></p>\r\n		<p align="center" style="font-size: 13pt; margin: 10.850000381469727px auto;">\r\n			<span style="font-style: italic; font-size: 13pt; margin: 2% auto;">C&ugrave;ng những lẵng hoa tươi&nbsp;</span></p>\r\n		<p align="center" style="font-size: 13pt; margin: 10.850000381469727px auto;">\r\n			<span style="font-style: italic; font-size: 13pt; margin: 2% auto;"><img alt="Nhà sư " height="750" i="" n="" src="http://sohanews.vcmedia.vn/7t1Cerxg4Pokvs9EVlSlV61hB3Dbc/Image/2012/11/ThichTamMan/SohaIMG5390_0d7c0.jpg" style="border: medium solid; margin: 10.850000381469727px auto; width: 500px; font-size: 13pt; cursor: none; height: 750px;" t="" title="Nhà sư " width="500" /></span></p>\r\n		<p align="center" style="font-size: 13pt; margin: 10.850000381469727px auto;">\r\n			<span style="font-style: italic; font-size: 13pt; margin: 2% auto;">Nghi&ecirc;m trang v&agrave; nhất t&acirc;m niệm Phật.&nbsp;</span></p>\r\n		<p align="center" style="font-size: 13pt; margin: 10.850000381469727px auto;">\r\n			&nbsp;</p>\r\n		<div align="center" style="text-align: center; font-size: 13pt; margin: 10.850000381469727px auto;">\r\n			<span style="font-style: italic; font-size: 13pt; margin: 2% auto;"><img _fl="" alt="Nhà sư " height="333" i="" n="" src="http://sohanews.vcmedia.vn/7t1Cerxg4Pokvs9EVlSlV61hB3Dbc/Image/2012/11/ThichTamMan/SohaIMG5395_5d574.jpg" style="margin: 10.850000381469727px auto; font-size: 13pt; cursor: none; width: 500px; height: 333px;" t="" title="Nhà sư " width="500" /></span></div>\r\n		<div align="center" style="font-size: 13pt; margin: 10.850000381469727px auto;">\r\n			<span style="font-style: italic; font-size: 13pt; margin: 2% auto;">C&aacute;c con đường nơi Đại đức Th&iacute;ch T&acirc;m Mẫn đi qua đều được qu&eacute;t dọn sạch sẽ.&nbsp;</span></div>\r\n		<p align="center" style="font-size: 13pt; margin: 10.850000381469727px auto;">\r\n			<span style="font-style: italic; font-size: 13pt; margin: 2% auto;"><img alt="Nhà sư " height="335" i="" n="" src="http://sohanews.vcmedia.vn/7t1Cerxg4Pokvs9EVlSlV61hB3Dbc/Image/2012/11/ThichTamMan/SohaIMG5401_fe16d.jpg" style="border: medium solid; margin: 10.850000381469727px auto; width: 500px; font-size: 13pt; cursor: none; height: 335px;" t="" title="Nhà sư " width="500" /></span></p>\r\n		<p align="center" style="font-size: 13pt; margin: 10.850000381469727px auto;">\r\n			C&aacute;c Phật tử một l&ograve;ng hướng đạo.</p>\r\n		<h2 class="description fl mgt20" style="font-size: 14px; color: rgb(41, 74, 123); font-family: tahoma, verdana, arial;">\r\n			&nbsp;</h2>\r\n		<h2 class="description fl mgt20" style="font-size: 14px; color: rgb(41, 74, 123); font-family: tahoma, verdana, arial;">\r\n			<span style="font-size: 11pt; line-height: 17px;">Từ 9h10 s&aacute;ng nay (19/11), sư thầy Th&iacute;ch T&acirc;m Mẫn đ&atilde; bắt đầu h&agrave;nh tr&igrave; &ldquo;nhất bộ, nhất b&aacute;i&rdquo; của m&igrave;nh l&ecirc;n n&uacute;i Y&ecirc;n Tử</span></h2>\r\n		<div style="text-align: center; font-size: 13pt; margin: 10.850000381469727px auto;">\r\n			<div style="font-size: 13pt; margin: 10.850000381469727px auto;">\r\n				<span style="font-style: italic; font-size: 13pt; margin: 2% auto;"><img _fl="" alt="Cập nhật hành trì " height="333" i="" n="" src="http://sohanews.vcmedia.vn/7t1Cerxg4Pokvs9EVlSlV61hB3Dbc/Image/2012/11/ThichTamMan/SohaThichTamManYenTu2-6_4123e.jpg" style="margin: 10.850000381469727px auto; font-size: 13pt; cursor: none; width: 500px; height: 333px;" t="" title="Cập nhật hành trì " width="500" />&nbsp;<br style="font-size: 13pt; margin: 2% auto;" />\r\n				<span style="font-size: 13pt; margin: 2% auto;">9h00&#39;: Thầy T&acirc;m Mẫn bắt đầu h&agrave;nh tr&igrave; &quot;nhất bộ, nhất b&aacute;i&quot; l&ecirc;n n&uacute;i Y&ecirc;n Tử</span></span></div>\r\n			<br style="font-size: 13pt; margin: 2% auto;" />\r\n			<img _fl="" alt="Cập nhật hành trì " height="333" i="" n="" src="http://sohanews.vcmedia.vn/7t1Cerxg4Pokvs9EVlSlV61hB3Dbc/Image/2012/11/ThichTamMan/SohaThichTamManYenTu2-1_001dc.jpg" style="margin: 10.850000381469727px auto; font-size: 13pt; cursor: none; width: 500px; height: 333px;" t="" title="Cập nhật hành trì " width="500" /></div>\r\n		<div align="center" style="font-size: 13pt; margin: 10.850000381469727px auto;">\r\n			<span style="font-style: italic; font-size: 13pt; margin: 2% auto;">Đo&agrave;n phật tử đi sau thầy T&acirc;m Mẫn</span>&nbsp;<br style="font-size: 13pt; margin: 2% auto;" />\r\n			<div style="font-size: 13pt; margin: 10.850000381469727px auto;">\r\n				<img _fl="" alt="Cập nhật hành trì " height="333" i="" n="" src="http://sohanews.vcmedia.vn/7t1Cerxg4Pokvs9EVlSlV61hB3Dbc/Image/2012/11/ThichTamMan/SohaThichTamManYenTu2-9_0501f.jpg" style="margin: 10.850000381469727px auto; font-size: 13pt; cursor: none; width: 500px; height: 333px;" t="" title="Cập nhật hành trì " width="500" /></div>\r\n		</div>\r\n		<div align="center" style="font-size: 13pt; margin: 10.850000381469727px auto;">\r\n			<div style="font-size: 13pt; margin: 10.850000381469727px auto;">\r\n				<img _fl="" alt="Cập nhật hành trì " height="333" i="" n="" src="http://sohanews.vcmedia.vn/7t1Cerxg4Pokvs9EVlSlV61hB3Dbc/Image/2012/11/ThichTamMan/SohaThichTamManYenTu2-2_b3bc1.jpg" style="margin: 10.850000381469727px auto; font-size: 13pt; width: 500px; height: 333px;" t="" title="Cập nhật hành trì " width="500" /></div>\r\n			<div align="center" style="font-size: 13pt; margin: 10.850000381469727px auto;">\r\n				<img _fl="" alt="Cập nhật hành trì " height="375" i="" n="" src="http://sohanews.vcmedia.vn/7t1Cerxg4Pokvs9EVlSlV61hB3Dbc/Image/2012/11/SohaThichTamManYenTu1_c038f.jpg" style="margin: 10.850000381469727px auto; font-size: 13pt; cursor: none; width: 500px; height: 375px;" t="" title="Cập nhật hành trì " width="500" /></div>\r\n			<span style="font-style: italic; font-size: 13pt; margin: 2% auto;">9h00&#39;: Thầy T&acirc;m Mẫn bắt đầu h&agrave;nh tr&igrave; &quot;nhất bộ, nhất b&aacute;i&quot; l&ecirc;n n&uacute;i Y&ecirc;n Tử</span></div>\r\n		<div align="center" style="font-size: 13pt; margin: 10.850000381469727px auto;">\r\n			<img _fl="" alt="Cập nhật hành trì " height="375" i="" n="" src="http://sohanews.vcmedia.vn/7t1Cerxg4Pokvs9EVlSlV61hB3Dbc/Image/2012/11/SohaThichTamManYenTu1_c038f.jpg" style="margin: 10.850000381469727px auto; font-size: 13pt; cursor: none; width: 500px; height: 375px;" t="" title="Cập nhật hành trì " width="500" /></div>\r\n		<div align="center" style="font-size: 13pt; margin: 10.850000381469727px auto;">\r\n			<span style="font-style: italic; font-size: 13pt; margin: 2% auto;">9h10&#39;: Thầy T&acirc;m Mẫn đ&atilde; qua trạm so&aacute;t v&eacute;</span></div>\r\n	</div>\r\n	<div style="text-align: center; font-size: 13pt; margin: 10.850000381469727px auto;">\r\n		<span style="font-style: italic; font-size: 13pt; font-family: ''Times New Roman''; margin: 2% auto; line-height: 23px;"><img _fl="" alt="Cập nhật hành trì " height="375" i="" n="" src="http://sohanews.vcmedia.vn/7t1Cerxg4Pokvs9EVlSlV61hB3Dbc/Image/2012/11/SohaThichTamManYenTu2_8c954.jpg" style="margin: 10.850000381469727px auto; font-size: 13pt; cursor: none; width: 500px; height: 375px;" t="" title="Cập nhật hành trì " width="500" /></span></div>\r\n	<div style="text-align: center; font-size: 13pt; margin: 10.850000381469727px auto;">\r\n		<div style="font-size: 13pt; margin: 10.850000381469727px auto;">\r\n			<span style="font-style: italic; font-size: 13pt; font-family: ''Times New Roman''; margin: 2% auto; line-height: 23px;"><img _fl="" alt="Cập nhật hành trì " height="345" i="" n="" src="http://sohanews.vcmedia.vn/7t1Cerxg4Pokvs9EVlSlV61hB3Dbc/Image/2012/11/ThichTamMan/SohaThichTamManYenTu2-12_696e6.jpg" style="margin: 10.850000381469727px auto; font-size: 13pt; cursor: none; width: 500px; height: 345px;" t="" title="Cập nhật hành trì " width="500" /></span></div>\r\n		<div style="font-size: 13pt; margin: 10.850000381469727px auto;">\r\n			<span style="font-style: italic; font-size: 13pt; font-family: ''Times New Roman''; margin: 2% auto; line-height: 23px;"><img _fl="" alt="Cập nhật hành trì " height="333" i="" n="" src="http://sohanews.vcmedia.vn/7t1Cerxg4Pokvs9EVlSlV61hB3Dbc/Image/2012/11/ThichTamMan/SohaThichTamManYenTu2-13_202b2.jpg" style="margin: 10.850000381469727px auto; font-size: 13pt; cursor: none; width: 500px; height: 333px;" t="" title="Cập nhật hành trì " width="500" /></span></div>\r\n		<div style="font-size: 13pt; margin: 10.850000381469727px auto;">\r\n			<span style="font-style: italic; font-size: 13pt; font-family: ''Times New Roman''; margin: 2% auto; line-height: 23px;"><img _fl="" alt="Cập nhật hành trì " height="350" i="" n="" src="http://sohanews.vcmedia.vn/7t1Cerxg4Pokvs9EVlSlV61hB3Dbc/Image/2012/11/ThichTamMan/SohaThichTamManYenTu2-14_9e6d0.jpg" style="margin: 10.850000381469727px auto; font-size: 13pt; cursor: none; width: 500px; height: 350px;" t="" title="Cập nhật hành trì " width="500" /></span></div>\r\n		<div style="font-size: 13pt; margin: 10.850000381469727px auto;">\r\n			<span style="font-style: italic; font-size: 13pt; font-family: ''Times New Roman''; margin: 2% auto; line-height: 23px;"><img _fl="" alt="Cập nhật hành trì " height="333" i="" n="" src="http://sohanews.vcmedia.vn/7t1Cerxg4Pokvs9EVlSlV61hB3Dbc/Image/2012/11/ThichTamMan/SohaThichTamManYenTu2-15_07c19.jpg" style="margin: 10.850000381469727px auto; font-size: 13pt; width: 500px; height: 333px;" t="" title="Cập nhật hành trì " width="500" /></span></div>\r\n		<div style="font-size: 13pt; margin: 10.850000381469727px auto;">\r\n			<span style="font-style: italic; font-size: 13pt; font-family: ''Times New Roman''; margin: 2% auto; line-height: 23px;"><img _fl="" alt="Cập nhật hành trì " height="340" i="" n="" src="http://sohanews.vcmedia.vn/7t1Cerxg4Pokvs9EVlSlV61hB3Dbc/Image/2012/11/ThichTamMan/SohaThichTamManYenTu2-16_0efa7.jpg" style="margin: 10.850000381469727px auto; font-size: 13pt; width: 500px; height: 340px;" t="" title="Cập nhật hành trì " width="500" /></span></div>\r\n		<div style="font-size: 13pt; margin: 10.850000381469727px auto;">\r\n			<span style="font-style: italic; font-size: 13pt; font-family: ''Times New Roman''; margin: 2% auto; line-height: 23px;"><img _fl="" alt="Cập nhật hành trì " height="323" i="" n="" src="http://sohanews.vcmedia.vn/7t1Cerxg4Pokvs9EVlSlV61hB3Dbc/Image/2012/11/ThichTamMan/SohaThichTamManYenTu2-17_c1d3d.jpg" style="margin: 10.850000381469727px auto; font-size: 13pt; width: 500px; height: 323px;" t="" title="Cập nhật hành trì " width="500" /></span></div>\r\n	</div>\r\n	<span style="font-style: italic; font-size: 13pt; font-family: ''Times New Roman''; margin: 2% auto; line-height: 23px;">Theo th&ocirc;ng tin của PV tại Y&ecirc;n Tử cập nhật về, v&agrave;o l&uacute;c 10h00&#39;, thầy T&acirc;m Mẫn đ&atilde; đi qua ch&ugrave;a Giải Oan khoảng 20m.&nbsp;</span><br style="font-size: 13pt; font-family: ''Times New Roman''; margin: 2% auto; line-height: 23px;" />\r\n	Đến 10h30&#39;, thầy T&acirc;m Mẫn đ&atilde; tạm nghỉ.&nbsp;<br style="font-size: 13pt; font-family: ''Times New Roman''; margin: 2% auto; line-height: 23px;" />\r\n	12h00&#39;: Theo th&ocirc;ng tin PV mới cập nhật, v&igrave; l&yacute; do sức khỏe, chiều nay thầy T&acirc;m Mẫn sẽ tạm dừng, ng&agrave;y mai tiếp tục.</div>\r\n<p align="right" style="color: rgb(0, 0, 0); font-family: Arial; font-size: 13px;">\r\n	(Theo&nbsp;<i>soha</i>)</p>\r\n', 'Đại Đức Thích Tâm Mẫn "nhất bộ nhất bái" đã đến núi Yên Tử', 0),
(20, 11, 'Theo The Daily Star', '2012-11-19 22:23:58', '<p>\r\n	&nbsp;</p>\r\n<div align="justify" style="margin: 0px; padding: 0px; border: 0px; outline: 0px; vertical-align: baseline; color: rgb(65, 64, 66); font-family: Verdana, Tahoma; text-align: justify;">\r\n	C&aacute;c nh&agrave; l&atilde;nh đạo Phật gi&aacute;o Bangladesh vừa khuy&ecirc;n người sử dụng Facebook n&ecirc;n đề ph&ograve;ng an ninh tối đa t&agrave;i khoản của m&igrave;nh, v&igrave; việc lạm dụng một t&agrave;i khoản c&oacute; thể mang lại sự t&agrave;n ph&aacute; x&atilde; hội kh&ocirc;ng thể khắc phục được.</div>\r\n<p style="margin: 0px; padding: 0px; border: 0px; outline: 0px; vertical-align: baseline; color: rgb(65, 64, 66); font-family: Verdana, Tahoma; text-align: justify;">\r\n	&nbsp;</p>\r\n<p style="margin: 0px; padding: 0px; border: 0px; outline: 0px; vertical-align: baseline; color: rgb(65, 64, 66); font-family: Verdana, Tahoma; text-align: justify;">\r\n	&nbsp;</p>\r\n<div class="ctcBody" id="ZoomContentBody" style="margin: 0px; padding: 0px; border: 0px; outline: 0px; vertical-align: baseline; color: black; text-align: justify; overflow: hidden; float: left; font-family: Verdana, Tahoma; font-size: 14px;">\r\n	<div id="dinhdaica" style="margin: 0px; padding: 0px; border: 0px; outline: 0px; vertical-align: baseline;">\r\n		<p align="center" style="margin: 0px; padding: 0px; border: 0px; outline: 0px; vertical-align: baseline;">\r\n			<img height="282" src="http://vinhnghiemvn.com/UserImages/2012/11/16/1/facebook_security.jpg" style="border: 0px; margin: 0px; padding: 0px; outline: 0px; vertical-align: baseline;" width="410" /></p>\r\n		<p align="justify" style="margin: 0px; padding: 0px; border: 0px; outline: 0px; vertical-align: baseline;">\r\n			Chủ t&agrave;i khoản phải thiết kế c&aacute;c thiết lập ri&ecirc;ng tư cho t&agrave;i khoản bằng c&aacute;ch kh&ocirc;ng được gắn thẻ v&agrave;o c&aacute;c nội dung kh&ocirc;ng được đồng &yacute;, x&uacute;c phạm v&agrave; khi&ecirc;u kh&iacute;ch, Sukarna Barua, một trợ l&yacute; gi&aacute;o sư tại trường Đại học Kỹ thuật C&ocirc;ng nghệ Bangladesh, n&oacute;i.</p>\r\n		<p align="justify" style="margin: 0px; padding: 0px; border: 0px; outline: 0px; vertical-align: baseline;">\r\n			Người sử dụng cũng n&ecirc;n tr&aacute;nh đăng những h&igrave;nh ảnh rất c&aacute; nh&acirc;n tr&ecirc;n Facebook.</p>\r\n		<p align="justify" style="margin: 0px; padding: 0px; border: 0px; outline: 0px; vertical-align: baseline;">\r\n			Sukarna cho biết cuộc tấn c&ocirc;ng ng&agrave;y 29-9 v&agrave;o cộng đồng Phật tử cho thấy việc lạm dụng một trong những trang mạng như vậy c&oacute; thể dẫn đến thảm họa kh&ocirc;ng thể tưởng tượng được.</p>\r\n		<p align="justify" style="margin: 0px; padding: 0px; border: 0px; outline: 0px; vertical-align: baseline;">\r\n			Ở Bangladesh, c&oacute; 3.320.000 t&agrave;i khoản Facebook, trong đ&oacute; c&oacute; 320.000 t&agrave;i khoản l&agrave; giả mạo, &ocirc;ng Subarna Barua, một giảng vi&ecirc;n tại trường Đại học Dhaka, cho biết.</p>\r\n		<p align="justify" style="margin: 0px; padding: 0px; border: 0px; outline: 0px; vertical-align: baseline;">\r\n			Ng&agrave;y 29 v&agrave; 30-9, một bức ảnh Facebook x&uacute;c phạm kinh Koran đ&atilde; dẫn đến một cuộc tấn c&ocirc;ng chưa từng c&oacute; v&agrave;o Phật tử ở Bazar v&agrave; Chittagong.</p>\r\n		<p align="justify" style="margin: 0px; padding: 0px; border: 0px; outline: 0px; vertical-align: baseline;">\r\n			Trong khi đ&oacute;, một tổ chức Phật gi&aacute;o đ&atilde; y&ecirc;u cầu một cuộc điều tra th&iacute;ch hợp về cuộc tấn c&ocirc;ng v&agrave; bảo đảm an ninh tối đa cho cộng đồng Phật gi&aacute;o ở nước n&agrave;y.</p>\r\n		<p style="margin: 0px; padding: 0px; border: 0px; outline: 0px; vertical-align: baseline;">\r\n			<b style="margin: 0px; padding: 0px; border: 0px; outline: 0px; vertical-align: baseline;">Văn C&ocirc;ng Hưng</b>&nbsp;(Theo&nbsp;<i style="margin: 0px; padding: 0px; border: 0px; outline: 0px; vertical-align: baseline;">The Daily Star</i>) -GNO</p>\r\n	</div>\r\n</div>\r\n<p>\r\n	&nbsp;</p>\r\n<p>\r\n	&nbsp;</p>\r\n', 'Phật giáo khuyến cáo cẩn thận khi dùng Facebook', 0);
INSERT INTO `chuagiacquang_news` (`id`, `id_category`, `author`, `date`, `content`, `title`, `type`) VALUES
(21, 10, 'Nhiên Như - Quảng Tánh', '2012-11-19 22:26:49', '<p>\r\n	&nbsp;</p>\r\n<p align="justify" class="articlehometext" style="color: rgb(55, 55, 55); font-size: 13px; font-family: Arial; font-weight: bold;">\r\n	&nbsp;</p>\r\n<table align="left" border="0" cellpadding="0" cellspacing="3" style="color: rgb(0, 0, 0); font-family: tahoma, verdana, arial; font-size: 11px;" width="120">\r\n	<tbody>\r\n		<tr>\r\n			<td>\r\n				<a class="highslide" href="http://phatgiaovnn.com/upload1/uploads/News/pic/1353138807.phatgiaovnn.com.jpg" id="thumb1" style="color: rgb(0, 60, 94); text-decoration: initial;"><img alt="Xem hình" border="0" class="img-detail" src="http://phatgiaovnn.com/upload1/uploads/News/pic/small_1353138807.phatgiaovnn.com.jpg" width="120" /></a></td>\r\n		</tr>\r\n		<tr>\r\n			<td align="center">\r\n				&nbsp;</td>\r\n		</tr>\r\n	</tbody>\r\n</table>\r\n<p>\r\n	Khoảng hai năm trở lại đ&acirc;y, th&ocirc;ng tin về một c&acirc;y cảnh đẹp kỳ lạ ở Thanh H&oacute;a bị h&oacute;a thạch từ h&agrave;ng triệu năm trước, biến th&agrave;nh một c&acirc;y đ&aacute; đủ cả cội rễ, gốc c&agrave;nh, hoa tr&aacute;i&hellip; khiến dư luận x&ocirc;n xao.</p>\r\n<p>\r\n	&nbsp;</p>\r\n<p align="justify" class="indexhometext" style="color: rgb(0, 0, 0); font-size: 13px; font-family: Arial;">\r\n	&nbsp;</p>\r\n<div align="justify" style="color: rgb(0, 0, 0); font-family: Arial; font-size: 13px;">\r\n	<span style="font-size: x-small;">Thoạt nh&igrave;n, nếu c&ograve;n tin chuyện cổ t&iacute;ch, th&igrave; c&acirc;y n&agrave;y vừa bị một b&agrave; ti&ecirc;n hay thầy ph&ugrave; thủy n&agrave;o đ&oacute; chạm đũa thần v&agrave;o, đột nhi&ecirc;n h&oacute;a đ&aacute;. Nhiều người d&acirc;n địa phương hiếu k&igrave; đến xem, rồi cả nước đều biết đến nhờ phương tiện th&ocirc;ng tin đại ch&uacute;ng.&nbsp;</span><br />\r\n	<br />\r\n	<span style="font-size: x-small;">Theo lời &ocirc;ng Ho&agrave;ng Văn Ngọc, chủ nh&acirc;n của c&acirc;y cảnh n&agrave;y, n&oacute; từng được trả gi&aacute; h&agrave;ng triệu đ&ocirc; la Mỹ, v&igrave; vậy ch&uacute;ng t&ocirc;i tạm gọi tắt n&oacute; l&agrave; c&acirc;y h&oacute;a đ&aacute; Triệu Đ&ocirc;.</span>&nbsp;<br />\r\n	<br />\r\n	<span style="font-size: x-small;"><b>Chuyện ly kỳ xung quanh c&acirc;y h&oacute;a đ&aacute; Triệu Đ&ocirc;</b></span>&nbsp;<br />\r\n	<br />\r\n	<span style="font-size: x-small;">Cuối năm 2011, tr&ecirc;n đường trở về nh&acirc;n chuyến đi c&ocirc;ng t&aacute;c tại c&aacute;c huyện miền t&acirc;y Thanh H&oacute;a, ch&uacute;ng t&ocirc;i gh&eacute; thăm th&ocirc;n Tr&aacute;ng (x&atilde; L&acirc;m Xa, huyện B&aacute; Thước, Thanh H&oacute;a), để được tận mắt thấy tay sờ v&agrave;o c&acirc;y cảnh Triệu Đ&ocirc; đang x&ocirc;n xao dư luận.</span>&nbsp;<br />\r\n	<br />\r\n	<span style="font-size: x-small;">Chủ nh&acirc;n của Triệu Đ&ocirc;, một người đ&agrave;n &ocirc;ng nhỏ nhắn t&ecirc;n l&agrave; Ho&agrave;ng Văn Ngọc (sinh năm 1954), ăn mặc kh&aacute; giản dị, d&egrave; dặt đ&oacute;n tiếp ch&uacute;ng t&ocirc;i trong căn nh&agrave; thấp, nhỏ hẹp, b&ecirc;n một bộ b&agrave;n ghế cũ kỹ v&agrave; chiếc tủ ch&egrave; l&acirc;u năm. C&ograve;n Triệu Đ&ocirc; th&igrave; &ldquo;đứng&rdquo; vững ch&atilde;i tr&ecirc;n một bệ s&agrave;nh đặt ngay cạnh b&agrave;n nước.&nbsp;</span></div>\r\n<table align="center" border="0" cellpadding="3" cellspacing="3" style="color: rgb(0, 0, 0); font-family: tahoma, verdana, arial; font-size: 11px; margin: auto;" width="1">\r\n	<tbody>\r\n		<tr>\r\n			<td>\r\n				<img alt="Sự thật về cây hóa thạch 3 triệu USD ở Thanh Hóa" border="1" height="600" hspace="3" src="http://res.vtc.vn/media/vtcnews/2012/11/14/1_19.jpg" vspace="3" width="450" /></td>\r\n		</tr>\r\n		<tr>\r\n			<td align="center" style="color: rgb(0, 32, 96); font-family: Arial; font-size: 10pt;">\r\n				<i>C&acirc;y h&oacute;a đ&aacute; Triệu Đ&ocirc; đang được trưng b&agrave;y tại nh&agrave; &ocirc;ng Ngọc</i></td>\r\n		</tr>\r\n	</tbody>\r\n</table>\r\n<div align="justify" style="color: rgb(0, 0, 0); font-family: Arial; font-size: 13px;">\r\n	<span style="font-size: x-small;">Xem x&eacute;t giấy tờ t&ugrave;y th&acirc;n của kh&aacute;ch một c&aacute;ch cẩn thận, &ocirc;ng Ngọc &ldquo;al&ocirc;&rdquo; cho c&ocirc; con g&aacute;i lớn đang ở thị trấn mau ch&oacute;ng trở về gi&uacute;p &ocirc;ng tiếp kh&aacute;ch. &Ocirc;ng Ngọc vốn l&agrave; người dưới xu&ocirc;i, hơn hai mươi năm bỏ qu&ecirc; l&ecirc;n v&ugrave;ng cao l&agrave;m c&ocirc;ng nh&acirc;n ng&agrave;nh l&acirc;m nghiệp, lấy vợ sinh con đẻ c&aacute;i ở xứ n&agrave;y. Điều đ&oacute; khiến &ocirc;ng bỗng thấy gắn b&oacute; mật thiết với c&acirc;y rừng, hoa l&aacute; v&agrave; đ&aacute; n&uacute;i.&nbsp;</span><br />\r\n	<br />\r\n	<span style="font-size: x-small;">Từ năm 1995, &ocirc;ng bắt đầu c&oacute; th&uacute; chơi nh&agrave;n nh&atilde; l&agrave; c&oacute;p nhặt sưu tầm những loại kỳ hoa dị thạch ở miền T&acirc;y xứ Thanh về xếp lổng chổng tại khu vườn nh&agrave;. Rồi th&igrave; chơi c&acirc;y cảnh, gh&eacute;p non bộ. Lại từng l&agrave;m thầy c&uacute;ng x&aacute;ch đồ nghề đi khắp v&ugrave;ng, n&ecirc;n &ocirc;ng được nghe kh&aacute; nhiều c&acirc;u chuyện huyền b&iacute; của người Mường, Th&aacute;i&hellip; địa phương&nbsp;</span><br />\r\n	<br />\r\n	<span style="font-size: x-small;">Một h&ocirc;m, v&agrave;o năm 1998 hay 2000 g&igrave; đ&oacute; m&agrave; &ocirc;ng Ngọc kh&ocirc;ng nhớ r&otilde;, bỗng c&oacute; một người đ&agrave;n &ocirc;ng d&acirc;n tộc Th&aacute;i ở huyện Quan H&oacute;a tới rủ &ocirc;ng đi xem pho tượng kỳ lạ tại v&ugrave;ng n&agrave;y. Cứ theo như lời người kh&aacute;ch sơn tr&agrave;ng nọ kể, th&igrave; pho tượng n&agrave;y bằng đ&aacute;, to cỡ c&aacute;i ph&iacute;ch, nằm trong hang đ&aacute; ch&igrave;m dưới nước, ban ng&agrave;y th&igrave; tượng ch&igrave;m xuống s&ocirc;ng kh&ocirc;ng dấu vết, nhưng ban đ&ecirc;m th&igrave; lại nổi l&ecirc;n bờ. &Ocirc;ng Ngọc cao hứng đi xem.&nbsp;</span></div>\r\n<table align="center" border="0" cellpadding="3" cellspacing="3" style="color: rgb(0, 0, 0); font-family: tahoma, verdana, arial; font-size: 11px; margin: auto;" width="1">\r\n	<tbody>\r\n		<tr>\r\n			<td>\r\n				<img alt="Sự thật về cây hóa thạch 3 triệu USD ở Thanh Hóa" border="1" height="600" hspace="3" src="http://res.vtc.vn/media/vtcnews/2012/11/14/2_8.jpg" vspace="3" width="402" /></td>\r\n		</tr>\r\n		<tr>\r\n			<td align="center" style="color: rgb(0, 32, 96); font-family: Arial; font-size: 10pt;">\r\n				<i>Một phần của Triệu Đ&ocirc; đang được gửi ở H&agrave; Nội để nghi&ecirc;n cứu</i></td>\r\n		</tr>\r\n	</tbody>\r\n</table>\r\n<div align="justify" style="color: rgb(0, 0, 0); font-family: Arial; font-size: 13px;">\r\n	<span style="font-size: x-small;">Chầu chực nhiều ng&agrave;y trước vị tr&iacute; cửa hang m&agrave; kh&ocirc;ng thấy tượng, &ocirc;ng Ngọc quyết định tự lần m&ograve; v&agrave;o hang xem thực hư. Kh&ocirc;ng thấy tượng đ&aacute;, nhưng &ocirc;ng Ngọc t&igrave;m thấy c&acirc;y đ&aacute; kỳ lạ n&oacute;i tr&ecirc;n.&nbsp;</span><br />\r\n	<br />\r\n	<span style="font-size: x-small;">C&ocirc; con g&aacute;i lớn của &ocirc;ng Ngọc l&agrave; Ho&agrave;ng Thị Nhung (SN 1985) cũng g&oacute;p chuyện: &ldquo;Hồi đ&oacute; em đang học lớp 10 hay 11 g&igrave; đ&oacute;, c&ugrave;ng bố v&agrave; hai em trai đem đồ nghề đi theo người kh&aacute;ch nọ đến hang n&uacute;i. Đường đất thời đ&oacute; chưa rải nhựa n&ecirc;n đi lại gian khổ lắm. Mọi người c&ugrave;ng đi bằng xe m&aacute;y &ldquo;sừng ngh&eacute;&rdquo; (xe Honda Cub 50 cũ), đ&egrave;o theo lỉnh kỉnh cưa đ&aacute;, đục đ&aacute;, chạm, đe, b&uacute;a&hellip;&rdquo;.</span>&nbsp;<br />\r\n	<br />\r\n	<span style="font-size: x-small;">Đến nơi th&igrave; c&ugrave;ng qua s&ocirc;ng bằng b&egrave; mảng gh&eacute;p từ những c&acirc;y luồng. Cửa hang hẹp, lại mấp m&eacute; m&eacute;p nước n&ecirc;n ai cũng ướt như chuột lột, may l&agrave; m&ugrave;a kh&ocirc; n&ecirc;n n&oacute; mới lộ ra, chứ m&ugrave;a mưa th&igrave; n&oacute; ngập ch&igrave;m trong nước. Hang kh&ocirc;ng rộng lắm nhưng cũng đủ chỗ xoay xở, b&ecirc;n trong lại c&oacute; &aacute;nh s&aacute;ng v&igrave; c&oacute; lỗ hổng lớn tr&ecirc;n trần hang.&nbsp;</span></div>\r\n<table align="center" border="0" cellpadding="3" cellspacing="3" style="color: rgb(0, 0, 0); font-family: tahoma, verdana, arial; font-size: 11px; margin: auto;" width="1">\r\n	<tbody>\r\n		<tr>\r\n			<td>\r\n				<img alt="Sự thật về cây hóa thạch 3 triệu USD ở Thanh Hóa" border="1" height="435" hspace="3" src="http://res.vtc.vn/media/vtcnews/2012/11/14/3_7.jpg" vspace="3" width="450" /></td>\r\n		</tr>\r\n		<tr>\r\n			<td align="center" style="color: rgb(0, 32, 96); font-family: Arial; font-size: 10pt;">\r\n				&nbsp;</td>\r\n		</tr>\r\n	</tbody>\r\n</table>\r\n<table align="center" border="0" cellpadding="3" cellspacing="3" style="color: rgb(0, 0, 0); font-family: tahoma, verdana, arial; font-size: 11px; margin: auto;" width="1">\r\n	<tbody>\r\n		<tr>\r\n			<td>\r\n				<img alt="Sự thật về cây hóa thạch 3 triệu USD ở Thanh Hóa" border="1" height="600" hspace="3" src="http://res.vtc.vn/media/vtcnews/2012/11/14/33.jpg" vspace="3" width="437" /></td>\r\n		</tr>\r\n		<tr>\r\n			<td align="center" style="color: rgb(0, 32, 96); font-family: Arial; font-size: 10pt;">\r\n				<i>L&aacute; c&acirc;y Triệu Đ&ocirc;</i></td>\r\n		</tr>\r\n	</tbody>\r\n</table>\r\n<div align="justify" style="color: rgb(0, 0, 0); font-family: Arial; font-size: 13px;">\r\n	<span style="font-size: x-small;">Cứ buổi s&aacute;ng th&igrave; cả nh&oacute;m l&ecirc;n xe, trưa ăn cơm nắm, rồi chiều tối lại về nh&agrave;. Mọi người h&igrave; hục cưa đục cả tuần trời mới xong, v&igrave; khối đ&aacute; rất cứng v&agrave; đồ sộ. Chẳng c&oacute; ai để &yacute; đến họ v&igrave; v&ugrave;ng n&agrave;y trước kia vốn hoang vu, &iacute;t người sinh sống. Hơn nữa, quanh c&aacute;c khu hang động n&agrave;y cũng c&oacute; nhiều chuyện b&iacute; ẩn, n&ecirc;n người d&acirc;n &iacute;t qua lại.&nbsp;</span><br />\r\n	<br />\r\n	<span style="font-size: x-small;">Vẫn theo lời c&ocirc; g&aacute;i trẻ c&oacute; mấy năm đi học b&ecirc;n Trung Quốc n&agrave;y th&igrave;: &ldquo;Khi cưa đục xong th&igrave; c&aacute;i c&acirc;y bị đổ, vỡ th&agrave;nh mấy mảnh. Mảnh tương đối nguy&ecirc;n vẹn l&agrave; một mảng c&agrave;nh b&aacute;m b&ecirc;n tr&aacute;i, thấy r&otilde; như một c&aacute;i c&acirc;y thật với đầy đủ c&agrave;nh, l&aacute;, quả.&nbsp;</span><br />\r\n	<br />\r\n	<span style="font-size: x-small;">C&ograve;n mảng đ&aacute; lớn hơn th&igrave; kh&ocirc;ng đẹp bằng, nhưng gh&eacute;p lại cũng l&agrave; một chiếc c&acirc;y tương đối ho&agrave;n thiện. Nếu kh&ocirc;ng bị đổ vỡ, c&ograve;n l&agrave; kh&oacute;m c&acirc;y nguy&ecirc;n sơ như trong hang n&uacute;i th&igrave; n&oacute; đẹp tuyệt vời, kh&ocirc;ng b&uacute;t n&agrave;o tả được. Bố em cầu khấn thần rừng thần n&uacute;i rồi xin đưa c&acirc;y về nh&agrave;&rdquo;.&nbsp;</span></div>\r\n<table align="center" border="0" cellpadding="3" cellspacing="3" style="color: rgb(0, 0, 0); font-family: tahoma, verdana, arial; font-size: 11px; margin: auto;" width="1">\r\n	<tbody>\r\n		<tr>\r\n			<td>\r\n				<img alt="Sự thật về cây hóa thạch 3 triệu USD ở Thanh Hóa" border="1" height="600" hspace="3" src="http://res.vtc.vn/media/vtcnews/2012/11/14/4_5.jpg" vspace="3" width="450" /></td>\r\n		</tr>\r\n		<tr>\r\n			<td align="center" style="color: rgb(0, 32, 96); font-family: Arial; font-size: 10pt;">\r\n				<i>&Ocirc;ng Ho&agrave;ng Văn Ngọc, chủ nh&acirc;n của Triệu Đ&ocirc;</i></td>\r\n		</tr>\r\n	</tbody>\r\n</table>\r\n<div align="justify" style="color: rgb(0, 0, 0); font-family: Arial; font-size: 13px;">\r\n	<span style="font-size: x-small;">Chằng buộc tất cả v&agrave;o những c&agrave;nh, rễ, l&aacute; vỡ&hellip; v&agrave;o những chiếc bao tải lớn, &ocirc;ng Ngọc đem c&acirc;y đ&aacute; về nh&agrave;. Lựa nguy&ecirc;n nh&aacute;nh c&acirc;y đẹp cho v&agrave;o một chậu đ&aacute;, rồi &uacute;p l&ecirc;n một chiếc lồng k&iacute;nh để trong nh&agrave;. Những nh&aacute;nh gẫy vỡ c&ograve;n lại th&igrave; &ocirc;ng kỳ cạch gh&eacute;p th&agrave;nh một kh&oacute;m c&acirc;y to như h&ograve;n non bộ, rồi đặt c&aacute;c chiếc l&aacute; vỡ b&ecirc;n dưới để trang tr&iacute;. Ri&ecirc;ng khối rễ c&acirc;y l&ograve;ng th&ograve;ng như c&aacute;c c&acirc;y gậy đ&aacute; th&igrave; &ocirc;ng dựng trong g&oacute;c nh&agrave; dưới.&nbsp;</span><br />\r\n	<br />\r\n	<span style="font-size: x-small;">Theo lời &ocirc;ng Ho&agrave;ng Văn Ngọc, c&acirc;y đ&aacute; cảnh khiến nhiều người d&acirc;n hiếu kỳ trong v&ugrave;ng k&eacute;o đến xem nhộn nhịp. Ai cũng tấm tắc khen đẹp v&agrave; kỳ lạ. Ban đầu &ocirc;ng Ngọc h&agrave;o hứng lắm, suốt ng&agrave;y tiếp kh&aacute;ch khoe c&acirc;y. Nhưng rồi kh&aacute;ch đến đ&ocirc;ng qu&aacute;, sợ c&oacute; vị n&agrave;o tắt mắt, &ocirc;ng Ngọc đ&agrave;nh đem giấu đi c&aacute;i nh&aacute;nh c&acirc;y đẹp nhất v&agrave; nhỏ gọn đi nơi kh&aacute;c, chỉ cho kh&aacute;ch xem &ldquo;h&ograve;n non bộ&rdquo; của m&igrave;nh.&nbsp;</span><br />\r\n	<br />\r\n	<span style="font-size: x-small;">Trong số đ&oacute; c&oacute; những vị kh&aacute;ch tiền bạc rủng rỉnh, sẵn s&agrave;ng dốc t&uacute;i để &ocirc;m c&acirc;y mang đi. Rồi th&igrave; khi quanh v&ugrave;ng đều x&ocirc;n xao chuyện &ldquo;&ocirc;ng Ngọc c&oacute; c&acirc;y h&oacute;a thạch tiền tỉ&rdquo;, th&igrave; &ocirc;ng &iacute;t d&aacute;m vắng nh&agrave;, đi đ&acirc;u cũng vội vội v&agrave;ng v&agrave;ng trở về tr&ocirc;ng c&acirc;y. L&acirc;u dần, mệt mỏi, &ocirc;ng cho c&acirc;y đi &ldquo;sơ t&aacute;n&rdquo;, n&oacute;i dối l&agrave; đ&atilde; trao tay cho ai đ&oacute;.&nbsp;</span></div>\r\n<table align="center" border="0" cellpadding="3" cellspacing="3" style="color: rgb(0, 0, 0); font-family: tahoma, verdana, arial; font-size: 11px; margin: auto;" width="1">\r\n	<tbody>\r\n		<tr>\r\n			<td>\r\n				<img alt="Sự thật về cây hóa thạch 3 triệu USD ở Thanh Hóa" border="1" height="600" hspace="3" src="http://res.vtc.vn/media/vtcnews/2012/11/14/5_4.jpg" vspace="3" width="450" /></td>\r\n		</tr>\r\n		<tr>\r\n			<td align="center" style="color: rgb(0, 32, 96); font-family: Arial; font-size: 10pt;">\r\n				<i>&Ocirc;ng Ngọc v&agrave; phần rễ của Triệu Đ&ocirc; bị đứt g&atilde;y khi đem c&acirc;y đ&aacute; từ trong hang về</i></td>\r\n		</tr>\r\n	</tbody>\r\n</table>\r\n<div align="justify" style="color: rgb(0, 0, 0); font-family: Arial; font-size: 13px;">\r\n	<span style="font-size: x-small;">Những người d&acirc;n x&oacute;m n&uacute;i chất ph&aacute;c n&agrave;y cũng nhanh ch&oacute;ng qu&ecirc;n đi chuyện kh&oacute;m c&acirc;y đ&aacute;, bởi họ nghĩ, c&acirc;y đ&aacute; c&oacute; lạ th&igrave; cũng chẳng đắt đỏ thế, vả lại chưa thấy ai m&agrave;i c&acirc;y đ&aacute; ra m&agrave; ăn được, ai cũng phải bận bịu đầu tắt mặt tối với cuộc mưu sinh.&nbsp;</span><br />\r\n	<br />\r\n	<span style="font-size: x-small;">Nhưng theo &ocirc;ng Ngọc, đ&aacute;m thương l&aacute;i th&igrave; kh&ocirc;ng. Thời điểm đ&oacute;, thương l&aacute;i đ&ograve;i mua c&acirc;y đ&aacute; của &ocirc;ng Ngọc nhiều nhất l&agrave; người đến từ Lạng Sơn. Họ ki&ecirc;n nhẫn đi về th&ocirc;n Tr&aacute;ng dập d&igrave;u, v&aacute;c cả bao tải tiền, mềm mỏng năn nỉ, thuyết phục, chỉ chờ c&aacute;i gật đầu của &ocirc;ng Ngọc.&nbsp;</span><br />\r\n	<br />\r\n	<span style="font-size: x-small;">Vị kh&aacute;ch n&agrave;o cũng vậy, cứ xem c&acirc;y xong l&agrave; s&ocirc;i l&ecirc;n s&ugrave;ng sục, đ&ograve;i &ocirc;ng quyết ngay. Người trả thấp th&igrave; cũng 3 triệu đ&ocirc; la Mỹ, sẽ chuyển trước v&agrave;o t&agrave;i khoản cho &ocirc;ng Ngọc y&ecirc;n t&acirc;m rồi mới v&aacute;c c&acirc;y đi sau. Cũng c&oacute; người sẵn s&agrave;ng đặt cọc khoản tiền rất lớn, cả đời người d&acirc;n x&oacute;m n&uacute;i như &ocirc;ng kh&ocirc;ng mơ tới, chỉ mong khi n&agrave;o &ocirc;ng hồi t&acirc;m chuyển &yacute; th&igrave; gọi cho họ, rồi th&igrave; gi&aacute; n&agrave;o họ cũng lấy.&nbsp;</span><br />\r\n	<br />\r\n	<span style="font-size: x-small;">&Ocirc;ng Ngọc th&uacute; thực: &ldquo;Kh&aacute;ch Lạng Sơn qua lại nhiều lần lắm, nhưng t&ocirc;i kh&ocirc;ng b&aacute;n. T&ocirc;i sợ c&aacute;i kiểu giao dịch ấy, n&oacute; c&oacute; vẻ giang hồ thế n&agrave;o ấy, n&ecirc;n từ chối hết, giấu c&acirc;y đi v&agrave; bảo l&agrave; đ&atilde; b&aacute;n rồi. Vả lại, nếu b&aacute;n cho họ, kh&oacute;m c&acirc;y kiểu g&igrave; chẳng được tuồn sang nước ngo&agrave;i.&nbsp;</span><br />\r\n	<br />\r\n	<span style="font-size: x-small;">Chả biết t&ocirc;i được bao nhi&ecirc;u tiền, con c&aacute;i được sung sướng đến đ&acirc;u, nhưng chắc ở nước ta kh&ocirc;ng c&ograve;n c&aacute;i c&acirc;y độc đ&aacute;o n&agrave;y nữa. Đ&oacute; kh&ocirc;ng phải l&agrave; mong muốn của t&ocirc;i. Ki&ecirc;n quyết giữ l&agrave; vậy, nhưng l&uacute;c đ&oacute; t&ocirc;i cũng sợ. Sợ nhất l&agrave; an to&agrave;n t&iacute;nh mạng của m&igrave;nh v&agrave; gia đ&igrave;nh, v&igrave; khi người ta đ&atilde; th&egrave;m muốn qu&aacute; mức m&agrave; kh&ocirc;ng được, dễ bất chấp thủ đoạn để chiếm giữ&rdquo;.</span><span style="font-size: x-small;">&nbsp;<br />\r\n	<br />\r\n	<b>H&agrave;nh tr&igrave;nh giải m&atilde; c&acirc;y h&oacute;a đ&aacute; triệu USD x&ocirc;n xao dư luận</b>&nbsp;</span><br />\r\n	<br />\r\n	<span style="font-size: x-small;">T&ocirc;i thận trọng đưa tay sờ thử v&agrave;o c&acirc;y h&oacute;a thạch&nbsp;triệu&nbsp;đ&ocirc;, cảm gi&aacute;c từ c&acirc;y đ&aacute; to&aacute;t ra hơi l&agrave;nh lạnh. Cả khối đ&aacute; sần s&ugrave;i, c&oacute; m&agrave;u trắng đục mờ, đ&ocirc;i chỗ &oacute;ng &aacute;nh như nhũ đ&aacute;, nhưng r&otilde; mồn một h&igrave;nh d&aacute;ng một c&aacute;i c&acirc;y.&nbsp;</span><br />\r\n	<br />\r\n	<span style="font-size: x-small;">C&oacute; vẻ như một c&acirc;y hoa sim, hoa mua, hay c&acirc;y đa, c&acirc;y sanh g&igrave; đ&oacute;. Hoặc như nhận định thận trọng của một vị PGS. TS đ&atilde; cất c&ocirc;ng từ H&agrave; Nội về l&agrave;ng Tr&aacute;ng (x&atilde; L&acirc;m Xa, huyện B&aacute; Thước, Thanh H&oacute;a), tận mắt chứng kiến kh&oacute;m đ&aacute; n&agrave;y, đ&acirc;y l&agrave; một c&acirc;y &ldquo;lo&agrave;i d&acirc;u, họ đa&rdquo;.&nbsp;</span><br />\r\n	<br />\r\n	<span style="font-size: x-small;">Ở kh&oacute;m c&acirc;y n&agrave;y, c&oacute; nơi m&agrave;u sắc hơi xỉn thẫm nhưng kh&ocirc;ng phải gạch nung non lửa, nhưng bằng trực quan, c&oacute; thể khẳng định, tất cả l&aacute;, v&acirc;n thớ, t&aacute;n, c&agrave;nh, quả, gốc rễ&hellip; đều c&oacute; m&agrave;u sắc v&agrave; sự cứng rắn như đ&aacute;.&nbsp;</span><br />\r\n	<br />\r\n	<span style="font-size: x-small;">Tất cả những điều mắt thấy, tai nghe, tay sờ đều khiến cho những người hiếu sự ch&uacute;ng t&ocirc;i ngỡ ng&agrave;ng. C&ograve;n đang tận hưởng ph&uacute;t gi&acirc;y chi&ecirc;m ngưỡng kiệt t&aacute;c của thi&ecirc;n nhi&ecirc;n, bỗng sống lưng của t&ocirc;i chợt lạnh to&aacute;t khi cầm chiếc l&aacute; đ&aacute; bị vỡ để chụp ảnh.&nbsp;</span></div>\r\n<table align="center" border="0" cellpadding="3" cellspacing="3" style="font-family: tahoma, verdana, arial; font-size: 11px; margin: auto;" width="1">\r\n	<tbody>\r\n		<tr>\r\n			<td>\r\n				<span style="color: rgb(0, 0, 0); font-family: Arial; font-size: x-small;"><img alt="Hành trình giải mã cây hóa đá triệu USD xôn xao dư luận" border="1" height="600" hspace="3" src="http://res.vtc.vn/media/vtcnews/2012/11/15/1_19.jpg" vspace="3" width="432" /></span></td>\r\n		</tr>\r\n		<tr>\r\n			<td align="center" style="color: rgb(0, 32, 96); font-family: Arial; font-size: 10pt;">\r\n				<span style="color: rgb(0, 0, 0); font-size: x-small;"><i><i>C&acirc;y h&oacute;a đ&aacute; được đặt tr&ecirc;n lục b&igrave;nh gỗ qu&yacute; ở C&agrave;nh N&agrave;ng</i>.&nbsp;</i></span></td>\r\n		</tr>\r\n	</tbody>\r\n</table>\r\n<div align="justify" style="color: rgb(0, 0, 0); font-family: Arial; font-size: 13px;">\r\n	<span style="font-size: x-small;">Những chiếc l&aacute; d&agrave;y dặn hơn nhiều lần so với k&iacute;ch thước thực của n&oacute;, nhưng c&ograve;n nguy&ecirc;n r&atilde;nh lốt như vừa r&uacute;t xương l&aacute; đi. Từ khe giữa chiếc l&aacute; đ&aacute; rơi ra một mẩu l&aacute; kh&ocirc; như mảnh giấy vụn. Khe ấy cũng bằng nhẵn r&otilde; n&eacute;t tương tự những miếng b&ugrave;n kh&ocirc; quen gặp ở bờ ruộng khi r&uacute;t chiếc l&aacute; l&uacute;a b&aacute;m v&agrave;o.</span>&nbsp;<br />\r\n	<br />\r\n	<span style="font-size: x-small;">Tại sao tr&ecirc;n mảnh vỡ của một chiếc l&aacute; to v&agrave; d&agrave;y như nửa b&agrave;n tay, lại c&ograve;n b&oacute;c được cả mủn của chiếc l&aacute; thực từ &ldquo;ng&agrave;n vạn năm trước&rdquo;? Trong đầu t&ocirc;i chợt l&oacute;e l&ecirc;n một suy nghĩ.&nbsp;</span><br />\r\n	<br />\r\n	<span style="font-size: x-small;">Bởi dẫu run sợ trước tạo h&oacute;a, thi&ecirc;n nhi&ecirc;n kỳ diệu, nhưng con người trần tục như t&ocirc;i kh&ocirc;ng thể tin rằng, sau một v&agrave;i triệu năm g&igrave; đ&oacute;, một phần chiếc l&aacute; h&oacute;a thạch vẫn l&agrave; xenlul&ocirc;, thật th&agrave; đến độ c&oacute; thể ch&acirc;m lửa l&ecirc;n đốt ch&aacute;y được.</span></div>\r\n<table align="center" border="0" cellpadding="3" cellspacing="3" style="font-family: tahoma, verdana, arial; font-size: 11px; margin: auto;" width="1">\r\n	<tbody>\r\n		<tr>\r\n			<td>\r\n				<span style="color: rgb(0, 0, 0); font-family: Arial; font-size: x-small;"><img alt="Hành trình giải mã cây hóa đá triệu USD xôn xao dư luận" border="1" height="600" hspace="3" src="http://res.vtc.vn/media/vtcnews/2012/11/15/3_8.jpg" vspace="3" width="450" /></span></td>\r\n		</tr>\r\n		<tr>\r\n			<td align="center" style="color: rgb(0, 32, 96); font-family: Arial; font-size: 10pt;">\r\n				<span style="color: rgb(0, 0, 0); font-size: x-small;"><i>Giữa kẽ chiếc l&aacute; đ&aacute; vẫn c&ograve;n nguy&ecirc;n mẩu l&aacute; kh&ocirc;</i>&nbsp;</span></td>\r\n		</tr>\r\n	</tbody>\r\n</table>\r\n<div align="justify" style="color: rgb(0, 0, 0); font-family: Arial; font-size: 13px;">\r\n	<span style="font-size: x-small;">Từng tận mắt thấy tay sờ nhiều th&acirc;n c&acirc;y to lớn người &ocirc;m kh&ocirc;ng nổi, d&agrave;i h&agrave;ng chục m&eacute;t bị h&oacute;a thạch khi đi điền d&atilde; tr&ecirc;n d&atilde;y n&uacute;i Ho&agrave;ng Li&ecirc;n Sơn, t&ocirc;i thấy h&oacute;a thạch cứng nhắc, trơ trơ chứ kh&ocirc;ng đẹp v&agrave; sinh động như thế n&agrave;y. Triệu Đ&ocirc; c&ograve;n nguy&ecirc;n vẹn d&aacute;ng c&acirc;y, l&aacute; c&ograve;n b&aacute;m chặt v&agrave;o c&agrave;nh, từng chiếc c&agrave;nh vươn ra như c&ograve;n sức sống.&nbsp;</span><br />\r\n	<br />\r\n	<span style="font-size: x-small;">G&otilde;, b&uacute;ng v&agrave;o th&acirc;n hay l&aacute; c&acirc;y, nghe ph&aacute;t ra tiếng k&ecirc;u lanh tanh, lộp bộp, c&oacute; cảm gi&aacute;c rất d&agrave;y cứng nhưng b&ecirc;n trong c&oacute; độ xốp rỗng, kh&ocirc;ng phải như đ&aacute; phiến. Chẳng cần th&aacute;p t&ugrave;ng những nh&agrave; khoa học chuy&ecirc;n ng&agrave;nh đầy kinh nghiệm đến xem Triệu Đ&ocirc;, sự nghi ngờ cũng đ&atilde; nhen nh&oacute;m h&igrave;nh th&agrave;nh v&agrave; dần mạnh l&ecirc;n như một sự &aacute;m ảnh.&nbsp;</span></div>\r\n<table align="center" border="0" cellpadding="3" cellspacing="3" style="font-family: tahoma, verdana, arial; font-size: 11px; margin: auto;" width="1">\r\n	<tbody>\r\n		<tr>\r\n			<td>\r\n				<span style="color: rgb(0, 0, 0); font-family: Arial; font-size: x-small;"><img alt="Hành trình giải mã cây hóa đá triệu USD xôn xao dư luận" border="1" height="602" hspace="3" src="http://res.vtc.vn/media/vtcnews/2012/11/15/5_7.jpg" vspace="3" width="450" /></span></td>\r\n		</tr>\r\n		<tr>\r\n			<td align="center" style="color: rgb(0, 32, 96); font-family: Arial; font-size: 10pt;">\r\n				<span style="color: rgb(0, 0, 0); font-size: x-small;"><i>H&oacute;a thạch c&acirc;y cổ thụ h&agrave;ng triệu năm tại Sa Pa (L&agrave;o Cai)</i>&nbsp;</span></td>\r\n		</tr>\r\n	</tbody>\r\n</table>\r\n<div align="justify" style="color: rgb(0, 0, 0); font-family: Arial; font-size: 13px;">\r\n	<span style="font-size: x-small;">V&igrave; vậy, cả năm qua t&ocirc;i &acirc;m thầm đi t&igrave;m lời giải về những b&iacute; ẩn đang bủa v&acirc;y Triệu Đ&ocirc;. Kh&ocirc;ng thường xuy&ecirc;n, li&ecirc;n tục, nhưng hễ c&oacute; cơ hội l&agrave; t&ocirc;i ra sức t&igrave;m hiểu.</span>&nbsp;<br />\r\n	<br />\r\n	<span style="font-size: x-small;">Việc đầu ti&ecirc;n của t&ocirc;i l&agrave; vứt b&agrave;i b&aacute;o đ&atilde; viết xong v&agrave;o một g&oacute;c, bởi chưa t&igrave;m được bản chất vấn đề th&igrave; chưa thể c&ocirc;ng bố. Việc thứ hai l&agrave; bốc m&aacute;y điện thoại &ldquo;a l&ocirc;&rdquo; v&agrave; t&igrave;m gặp một số người trong giới chơi cổ vật, rất am tường chuyện đồ cổ, giả cổ, đồ giả ở xứ Thanh.&nbsp;</span><br />\r\n	<br />\r\n	<span style="font-size: x-small;">Một tay chơi từng lăn lộn với cổ vật xứ Thanh l&acirc;u năm cứ li&ecirc;n tục h&aacute; hốc mồm khi nghe về c&acirc;y h&oacute;a đ&aacute;. G&atilde; khẳng định chưa từng gặp thứ g&igrave; kỳ lạ như thế, dẫu đ&atilde; từng đ&agrave;o n&aacute;t c&aacute;c miền đất cổ xứ Thanh, lang bạt kỳ hồ khắp trong Nam ngo&agrave;i Bắc.&nbsp;</span></div>\r\n<table align="center" border="0" cellpadding="3" cellspacing="3" style="font-family: tahoma, verdana, arial; font-size: 11px; margin: auto;" width="1">\r\n	<tbody>\r\n		<tr>\r\n			<td>\r\n				<span style="color: rgb(0, 0, 0); font-family: Arial; font-size: x-small;"><img alt="Hành trình giải mã cây hóa đá triệu USD xôn xao dư luận" border="1" height="322" hspace="3" src="http://res.vtc.vn/media/vtcnews/2012/11/15/2_11.jpg" vspace="3" width="455" /></span></td>\r\n		</tr>\r\n		<tr align="center">\r\n			<td style="color: rgb(0, 32, 96); font-family: Arial; font-size: 10pt;">\r\n				<span style="color: rgb(0, 0, 0); font-size: x-small;"><i>Nhiều c&acirc;y h&oacute;a thạch rất đẹp</i>&nbsp;</span></td>\r\n		</tr>\r\n	</tbody>\r\n</table>\r\n<p>\r\n	<span style="color: rgb(0, 0, 0); font-family: Arial; font-size: x-small;">&ldquo;Trước đ&acirc;y, nghề của t&ocirc;i l&agrave; phục chế những cổ vật bị hỏng hoặc kh&ocirc;ng c&ograve;n nguy&ecirc;n vẹn, l&agrave;m cho n&oacute; y như thật rồi l&eacute;n l&uacute;t bu&ocirc;n b&aacute;n kiếm lời. T&ocirc;i từng phục chế cả chục chiếc trống đồng, ch&ocirc;n xuống đất, rồi lợi dụng l&uacute;c tranh tối tranh s&aacute;ng nhộm nhoạm m&agrave; lừa gạt đ&aacute;m d&acirc;n chơi thiếu kiến thức. C&aacute;c đồ s&agrave;nh sứ cũng vậy, l&agrave;m tuốt.&nbsp;<br />\r\n	<br />\r\n	Giới ma m&atilde;nh trong nghề kim loại, s&agrave;nh sứ t&ocirc;i quen cũng kh&ocirc;ng &iacute;t, nhưng quả thật chưa từng nghe n&oacute;i đến t&ecirc;n ai hay nh&oacute;m n&agrave;o h&agrave;nh nghề l&agrave;m giả c&acirc;y cảnh cổ đại.&nbsp;<br />\r\n	<br />\r\n	C&oacute; l&yacute; n&agrave;o ch&uacute;ng c&oacute; c&ocirc;ng nghệ mới, ti&ecirc;n tiến được du nhập từ nước ngo&agrave;i m&agrave; t&ocirc;i chưa biết? Hay l&agrave; ch&uacute;ng sử dụng h&oacute;a chất như c&aacute;ch bộ đội ta nhanh ch&oacute;ng l&agrave;m cứng nền đường đất để cho xe đi trong chiến tranh chống Mỹ? T&ocirc;i sẽ t&igrave;m hiểu v&agrave; sớm c&oacute; th&ocirc;ng tin trở lại cho ch&uacute;&rdquo;- g&atilde; giang hồ g&aacute;c kiếm v&ecirc; v&ecirc; m&atilde;i những cọng r&acirc;u tr&ecirc;n chiếc cằm lưỡi c&agrave;y n&oacute;i với t&ocirc;i như vậy.&nbsp;<br />\r\n	<br />\r\n	C&oacute; vẻ như g&atilde; buồn rầu v&igrave; kh&ocirc;ng gi&uacute;p được t&ocirc;i th&igrave; &iacute;t, m&agrave; sự tự &aacute;i trong &ldquo;m&aacute;u nghề nghiệp&rdquo; của g&atilde; đang hừng hực s&ocirc;i l&ecirc;n th&igrave; nhiều.&nbsp;</span></p>\r\n<p>\r\n	&nbsp;</p>\r\n<table align="center" border="0" cellpadding="3" cellspacing="3" style="font-family: tahoma, verdana, arial; font-size: 11px; margin: auto;" width="1">\r\n	<tbody>\r\n		<tr>\r\n			<td>\r\n				<span style="color: rgb(0, 0, 0); font-family: Arial; font-size: x-small;"><img alt="Hành trình giải mã cây hóa đá triệu USD xôn xao dư luận" border="1" height="289" hspace="3" src="http://res.vtc.vn/media/vtcnews/2012/11/15/7_6.JPG" vspace="3" width="457" /></span></td>\r\n		</tr>\r\n		<tr>\r\n			<td align="center" style="color: rgb(0, 32, 96); font-family: Arial; font-size: 10pt;">\r\n				<span style="color: rgb(0, 0, 0); font-size: x-small;">&nbsp;</span></td>\r\n		</tr>\r\n	</tbody>\r\n</table>\r\n<p>\r\n	&nbsp;</p>\r\n<table align="center" border="0" cellpadding="3" cellspacing="3" style="font-family: tahoma, verdana, arial; font-size: 11px; margin: auto;" width="1">\r\n	<tbody>\r\n		<tr>\r\n			<td>\r\n				<span style="color: rgb(0, 0, 0); font-family: Arial; font-size: x-small;"><img alt="Hành trình giải mã cây hóa đá triệu USD xôn xao dư luận" border="1" height="600" hspace="3" src="http://res.vtc.vn/media/vtcnews/2012/11/15/4_7.jpg" vspace="3" width="450" /></span></td>\r\n		</tr>\r\n		<tr>\r\n			<td align="center" style="color: rgb(0, 32, 96); font-family: Arial; font-size: 10pt;">\r\n				<span style="color: rgb(0, 0, 0); font-size: x-small;"><i>&quot;C&acirc;y h&oacute;a đ&aacute;&quot; rao b&aacute;n tr&ecirc;n mạng</i>&nbsp;</span></td>\r\n		</tr>\r\n	</tbody>\r\n</table>\r\n<div align="justify" style="color: rgb(0, 0, 0); font-family: Arial; font-size: 13px;">\r\n	<span style="font-size: x-small;">Bẵng đi một thời gian, thỉnh thoảng tr&ecirc;n mạng lại thấy c&oacute; những th&ocirc;ng tin về nơi n&agrave;y nơi nọ ở nước ta xuất hiện những b&aacute;u vật kỳ lạ, l&agrave; những c&acirc;y h&oacute;a thạch. Những b&aacute;u vật đ&oacute; h&igrave;nh th&ugrave; v&agrave; bản chất cũng chẳng kh&aacute;c g&igrave; Triệu Đ&ocirc;, nhưng xem ra th&igrave; kh&ocirc;ng c&oacute; v&oacute;c d&aacute;ng v&agrave; đường n&eacute;t g&acirc;y cho&aacute;ng ngợp bằng. Nhưng điều đ&oacute; cũng đủ để khẳng định: Triệu Đ&ocirc; kh&ocirc;ng phải l&agrave; một, l&agrave; ri&ecirc;ng, l&agrave; độc nhất v&ocirc; nhị như người ta vẫn tưởng.&nbsp;</span><br />\r\n	<br />\r\n	<span style="font-size: x-small;">Lại một chuyến c&ocirc;ng t&aacute;c kh&aacute;c hồi đầu năm, t&igrave;nh cờ quen th&ecirc;m một số người bạn mới tại thị trấn C&agrave;nh N&agrave;ng (B&aacute; Thước). Tại qu&aacute;n ăn nhỏ, trong l&uacute;c rượu t&acirc;y t&acirc;y, t&ocirc;i c&oacute; lo&aacute;ng tho&aacute;ng nghe ai đ&oacute; nhắc đến c&acirc;y cảnh h&oacute;a đ&aacute; Triệu Đ&ocirc;. Th&igrave; ra l&agrave; anh bạn t&ecirc;n Nguyễn Văn H. (SN 1970), đầu trọc, đang cười n&oacute;i phớ lớ. Thấy t&ocirc;i quan t&acirc;m, anh ta chẳng ngần ngại n&oacute;i oang oang về c&aacute;c c&acirc;y h&oacute;a đ&aacute;.&nbsp;</span></div>\r\n<table align="center" border="0" cellpadding="3" cellspacing="3" style="font-family: tahoma, verdana, arial; font-size: 11px; margin: auto;" width="1">\r\n	<tbody>\r\n		<tr>\r\n			<td>\r\n				<span style="color: rgb(0, 0, 0); font-family: Arial; font-size: x-small;"><img alt="Hành trình giải mã cây hóa đá triệu USD xôn xao dư luận" border="1" height="318" hspace="3" src="http://res.vtc.vn/media/vtcnews/2012/11/15/6_10.jpg" vspace="3" width="448" /></span></td>\r\n		</tr>\r\n		<tr>\r\n			<td align="center" style="color: rgb(0, 32, 96); font-family: Arial; font-size: 10pt;">\r\n				<span style="color: rgb(0, 0, 0); font-size: x-small;"><i>Lẫn trong h&oacute;a thạch, c&oacute; hạt c&acirc;y kh&ocirc;&nbsp;</i>&nbsp;</span></td>\r\n		</tr>\r\n	</tbody>\r\n</table>\r\n<div align="justify" style="color: rgb(0, 0, 0); font-family: Arial; font-size: 13px;">\r\n	<span style="font-size: x-small;">H. cười ha hả: &ldquo;Cứ uống rượu đi, rồi t&ocirc;i dẫn đến xem c&acirc;y cảnh h&oacute;a đ&aacute;. Thiếu g&igrave; c&acirc;y như thế ở đất n&agrave;y. Muốn bao nhi&ecirc;u th&igrave; c&oacute; bấy nhi&ecirc;u, h&agrave;ng trăm c&acirc;y cũng c&oacute;. C&oacute; g&igrave; m&agrave; độc nhất với chả v&ocirc; nhị. T&ocirc;i đ&atilde; b&aacute;n h&agrave;ng chục c&acirc;y cho kh&aacute;ch khắp trong Nam ngo&agrave;i Bắc, khối c&acirc;y c&ograve;n đẹp hơn. Ch&uacute; c&oacute; th&iacute;ch anh tặng ch&uacute; v&agrave;i c&acirc;y&rdquo;.</span>&nbsp;<br />\r\n	<br />\r\n	<span style="font-size: x-small;">Rồi như để cho đ&ocirc;i mắt đang tr&ograve;n dẹt v&agrave; c&aacute;i mồm h&aacute; hốc của t&ocirc;i đỡ chiếu thẳng v&agrave;o m&igrave;nh, H. mở điện thoại cho t&ocirc;i xem ảnh h&agrave;ng lố c&acirc;y h&oacute;a đ&aacute; của m&igrave;nh. Những c&acirc;y đ&aacute; kh&aacute; đẹp, sống động như c&acirc;y cảnh với c&agrave;nh l&aacute; xum xu&ecirc;, kh&ocirc;ng kh&aacute;c Triệu Đ&ocirc; l&agrave; mấy.&nbsp;</span><br />\r\n	<br />\r\n	<span style="font-size: x-small;">Nhưng rồi bữa rượu đ&oacute; đang hồi cao hứng, cuối c&ugrave;ng ai cũng qu&aacute; ch&eacute;n, s&aacute;ng h&ocirc;m sau lại phải về H&agrave; Nội gấp, n&ecirc;n t&ocirc;i chưa một lần đến xem &ldquo;đống đ&aacute;&rdquo; của H. Chốt mấu quan trọng trong cuộc đi t&igrave;m b&iacute; ẩn của t&ocirc;i t&igrave;nh cờ lại nảy sinh ngay qu&ecirc; hương &ocirc;ng Ho&agrave;ng Văn Ngọc, chủ nh&acirc;n của Triệu Đ&ocirc;.&nbsp;</span><br />\r\n	<br />\r\n	<span style="font-size: x-small;">V&agrave; t&ocirc;i đ&atilde; t&igrave;m ra ch&igrave;a kh&oacute;a để mở ra b&iacute; mật.</span>&nbsp;<br />\r\n	<br />\r\n	<b>Kỳ lạ con suối khiến mọi vật rơi xuống biến th&agrave;nh &quot;đ&aacute;&quot;</b>&nbsp;<br />\r\n	<br />\r\n	&nbsp;Lật giở lại t&agrave;i liệu ghi ch&eacute;p v&agrave; ghi &acirc;m lần gặp gỡ chủ nh&acirc;n của c&acirc;y h&oacute;a đ&aacute; mang t&ecirc;n Triệu Đ&ocirc;, bỗng nhận thấy: Thời gian cũng chưa l&acirc;u, nhưng cả hai bố con &ocirc;ng Ho&agrave;ng Văn Ngọc đều kh&ocirc;ng nhớ nổi vị tr&iacute; hang đ&aacute; m&igrave;nh đ&atilde; ph&aacute;t hiện, đi về v&agrave; h&igrave; hục cưa c&acirc;y đ&aacute; suốt một tuần lễ.&nbsp;<br />\r\n	<br />\r\n	<span style="font-size: x-small;">Ngay cả với nh&agrave; b&aacute;o đầu ti&ecirc;n đưa th&ocirc;ng tin v&agrave; những nh&agrave; khoa học từng được hỏi &yacute; kiến cũng chưa được họ rỉ tai về nơi n&agrave;y.&nbsp;</span><br />\r\n	<br />\r\n	<span style="font-size: x-small;">V&igrave; muốn giấu nơi ph&aacute;t hiện c&acirc;y hay c&oacute; g&igrave; b&iacute; mật xung quanh c&acirc;u chuyện n&agrave;y?&nbsp;</span><br />\r\n	<br />\r\n	<span style="font-size: x-small;">Kh&ocirc;ng c&ograve;n h&agrave;o hứng như lần ngồi b&ecirc;n m&acirc;m rượu, H. bỗng tỏ ra kh&aacute; l&uacute;ng t&uacute;ng khi t&ocirc;i đề nghị được xem c&aacute;c c&acirc;y cảnh h&oacute;a đ&aacute; của anh. &ldquo;Sự thực l&agrave; t&ocirc;i vừa b&aacute;n đi rồi. Kh&ocirc;ng c&ograve;n c&acirc;y n&agrave;o ở nh&agrave; cả&rdquo;- H. g&atilde;i đầu.</span>&nbsp;<br />\r\n	<table align="center" border="0" cellpadding="3" cellspacing="3" style="font-family: tahoma, verdana, arial; font-size: 11px; margin: auto;" width="1">\r\n		<tbody>\r\n			<tr>\r\n				<td>\r\n					<img alt="Kỳ lạ con suối khiến mọi vật rơi xuống biến thành " border="1" height="497" hspace="3" src="http://res.vtc.vn/media/vtcnews/2012/11/16/1_18.jpg" vspace="3" width="450" /></td>\r\n			</tr>\r\n			<tr>\r\n				<td align="center" style="color: rgb(0, 32, 96); font-family: Arial; font-size: 10pt;">\r\n					<i>C&acirc;y nấm to bị chất v&ocirc;i h&ograve;a tan bao phủ</i></td>\r\n			</tr>\r\n		</tbody>\r\n	</table>\r\n	<span style="font-size: x-small;">Nghe l&yacute; do c&oacute; vẻ &ldquo;quen quen&rdquo;, t&ocirc;i bật cười. Dường như đọc được &yacute; nghĩ của t&ocirc;i, H. nổi xung: &ldquo;Đi ngay, đi ngay. T&ocirc;i kh&ocirc;ng c&ograve;n nhưng anh em b&egrave; bạn t&ocirc;i c&ograve;n cả đống. Đừng c&oacute; cười nhạt như vậy, t&ocirc;i kh&ocirc;ng n&oacute;i dối bao giờ&rdquo;.&nbsp;</span><br />\r\n	<br />\r\n	<span style="font-size: x-small;">Kể cả khi c&ocirc; con g&aacute;i &uacute;t của anh bật m&aacute;y t&iacute;nh, đưa ra h&igrave;nh ảnh c&acirc;y đ&aacute; đặt tr&ecirc;n kệ tủ nh&agrave; m&igrave;nh cho kh&aacute;ch xem rồi m&agrave; anh vẫn chưa ngu&ocirc;i. Ch&uacute;ng t&ocirc;i b&egrave;n l&ecirc;n xe, t&igrave;m đến những nh&agrave; người quen của H.</span>&nbsp;<br />\r\n	<br />\r\n	<span style="font-size: x-small;">Một &ocirc;ng chủ cửa hiệu đồ gỗ mỹ nghệ ở thị trấn C&agrave;nh N&agrave;ng (B&aacute; Thước) vui vẻ tiếp ch&uacute;ng t&ocirc;i tr&ecirc;n bộ ghế ngọc nghiến c&oacute; v&acirc;n hoa đẹp m&ecirc; hồn. Trong nh&agrave; &ocirc;ng chủ n&agrave;y đầy những lo hoa, lục b&igrave;nh lớn, con giống, tượng chế t&aacute;c từ gỗ qu&yacute;. Nhưng ở đ&ocirc;i lục b&igrave;nh qu&yacute; được đặt nơi trang trọng, &ocirc;ng &ldquo;thượng&rdquo; hai c&acirc;y cảnh h&oacute;a đ&aacute; l&ecirc;n tr&ecirc;n.&nbsp;</span><br />\r\n	<table align="center" border="0" cellpadding="3" cellspacing="3" style="font-family: tahoma, verdana, arial; font-size: 11px; margin: auto;" width="1">\r\n		<tbody>\r\n			<tr>\r\n				<td>\r\n					<img alt="Kỳ lạ con suối khiến mọi vật rơi xuống biến thành " border="1" height="529" hspace="3" src="http://res.vtc.vn/media/vtcnews/2012/11/16/5_5.jpg" vspace="3" width="450" /></td>\r\n			</tr>\r\n			<tr>\r\n				<td align="center" style="color: rgb(0, 32, 96); font-family: Arial; font-size: 10pt;">\r\n					<i>Những chiếc l&aacute; c&ograve;n xanh, nhưng tr&ocirc;ng như đ&atilde; h&oacute;a đ&aacute;</i></td>\r\n			</tr>\r\n		</tbody>\r\n	</table>\r\n	<span style="font-size: x-small;">Một người anh em kh&aacute;c của H. nh&agrave; ở c&aacute;ch c&acirc;y cầu La H&aacute;n vượt s&ocirc;ng M&atilde; kh&ocirc;ng xa c&oacute; một c&acirc;y h&oacute;a đ&aacute; đẹp hơn nhiều. C&acirc;y cao gần 1 m&eacute;t, c&agrave;nh l&aacute; xum xu&ecirc;, sinh động. Anh n&agrave;y đang băn khoăn n&ecirc;n b&aacute;n c&acirc;y đi hay để lại nh&agrave; ngắm ngh&iacute;a cho vui.</span>&nbsp;<br />\r\n	<br />\r\n	<span style="font-size: x-small;">Li&ecirc;n tiếp được thấy v&agrave; được mời mua lại những c&acirc;y cảnh h&oacute;a đ&aacute; với gi&aacute; kh&aacute; mềm, khiến t&ocirc;i ho&agrave;n to&agrave;n bị thuyết phục rằng ở B&aacute; Thước c&oacute; kh&aacute; nhiều c&acirc;y đ&aacute; tương tự c&acirc;y Triệu Đ&ocirc;. Nhưng một c&acirc;u hỏi mới lại đặt ra: Từ đ&acirc;u m&agrave; nơi đ&acirc;y c&oacute; nhiều &ldquo;b&aacute;u vật triệu năm&rdquo; đến thế? Dường như anh H. cũng đọc được trong t&ocirc;i suy nghĩ đ&oacute;.&nbsp;</span><br />\r\n	<br />\r\n	<span style="font-size: x-small;">Vẫn giữ d&aacute;ng vẻ lạnh nhạt như vậy, H. hăm hở ph&oacute;ng xe nhanh tr&ecirc;n con đường rải nhựa dẫn v&agrave;o Khu Bảo tồn thi&ecirc;n nhi&ecirc;n P&ugrave; Lu&ocirc;ng. Chừng dăm bảy c&acirc;y số, H. vẫn v&egrave;o v&egrave;o ph&oacute;ng ph&iacute;a trước, kh&ocirc;ng ngo&aacute;i đầu hay dừng xe đợi bạn lần n&agrave;o. Chỉ khi đến Phố Đo&agrave;n, rồi tiếp tục rẽ phải leo v&agrave;o một con đường đất đỏ trơn trượt thuộc x&atilde; Cổ Lũng (B&aacute; Thước), anh ta mới ngo&aacute;i đầu lại.</span>&nbsp;<br />\r\n	<table align="center" border="0" cellpadding="3" cellspacing="3" style="font-family: tahoma, verdana, arial; font-size: 11px; margin: auto;" width="1">\r\n		<tbody>\r\n			<tr>\r\n				<td>\r\n					<img alt="Kỳ lạ con suối khiến mọi vật rơi xuống biến thành " border="1" height="600" hspace="3" src="http://res.vtc.vn/media/vtcnews/2012/11/16/4_6.jpg" vspace="3" width="450" /></td>\r\n			</tr>\r\n			<tr>\r\n				<td align="center" style="color: rgb(0, 32, 96); font-family: Arial; font-size: 10pt;">\r\n					<i>L&aacute; c&acirc;y rơi xuống suối Hi&ecirc;u sớm muộn đều bị đ&aacute; v&ocirc;i bao phủ, d&agrave;y mỏng l&agrave; theo thời gian</i></td>\r\n			</tr>\r\n		</tbody>\r\n	</table>\r\n	<span style="font-size: x-small;">&ldquo;Đường d&acirc;n sinh n&ecirc;n đi kh&oacute; đấy. Cứ b&aacute;m theo t&ocirc;i, ta đi v&agrave;o bản Hi&ecirc;u&rdquo;- H. chỉ n&oacute;i ngắn gọn rồi tiếp tục rồ ga. Lối đi gập ghềnh, nhỏ hẹp khiến t&ocirc;i kh&ocirc;ng c&ograve;n t&acirc;m tr&iacute; đ&acirc;u m&agrave; ngắm những ng&ocirc;i nh&agrave; s&agrave;n b&igrave;nh y&ecirc;n, những cầu treo gỗ, hay nương l&uacute;a tốt tươi tr&ecirc;n đường.&nbsp;</span><br />\r\n	<br />\r\n	<span style="font-size: x-small;">Kết th&uacute;c cung đường đất, ch&uacute;ng t&ocirc;i rẽ tr&aacute;i v&agrave; vượt dốc, ngược theo một d&ograve;ng suối trong vắt nh&igrave;n thấy đ&aacute;y, nước chảy ầm ầm. Một ng&ocirc;i l&agrave;ng hiện ra với n&eacute;t hoang sơ, thanh b&igrave;nh như c&otilde;i mộng. Bản nằm cheo leo tr&ecirc;n sườn đồi đ&aacute; như c&agrave;nh c&acirc;y nh&ocirc; ra giữa &ugrave;m t&ugrave;m c&acirc;y cối, từ l&acirc;u được gọi l&agrave; bản Hi&ecirc;u.</span>&nbsp;<br />\r\n	<br />\r\n	<span style="font-size: x-small;">Nghe tiếng H. gọi, một thanh ni&ecirc;n người Th&aacute;i th&ograve; đầu ra từ ng&ocirc;i nh&agrave; s&agrave;n dựng bằng gỗ tạp. Vừa r&uacute;c xe m&aacute;y v&agrave;o gầm s&agrave;n, H. vừa trao đổi g&igrave; đ&oacute; với người thanh ni&ecirc;n. Anh ta vui vẻ t&oacute;t xuống cầu thang gỗ, chạy về ph&iacute;a t&ocirc;i, tự giới thiệu m&igrave;nh t&ecirc;n l&agrave; H&agrave; Văn L&yacute;, sinh sống tại bản Hi&ecirc;u n&agrave;y đ&atilde; l&acirc;u.&nbsp;</span><br />\r\n	<table align="center" border="0" cellpadding="3" cellspacing="3" style="font-family: tahoma, verdana, arial; font-size: 11px; margin: auto;" width="1">\r\n		<tbody>\r\n			<tr>\r\n				<td>\r\n					<img alt="Kỳ lạ con suối khiến mọi vật rơi xuống biến thành " border="1" height="521" hspace="3" src="http://res.vtc.vn/media/vtcnews/2012/11/16/2_8.jpg" vspace="3" width="450" /></td>\r\n			</tr>\r\n			<tr>\r\n				<td align="center" style="color: rgb(0, 32, 96); font-family: Arial; font-size: 10pt;">\r\n					<i>Chỉ cần b&oacute;p nhẹ, khối đ&aacute; ướt sẽ vỡ vụn như b&ugrave;n</i></td>\r\n			</tr>\r\n		</tbody>\r\n	</table>\r\n	<span style="font-size: x-small;">&ldquo;Anh muốn xem th&aacute;c bản Hi&ecirc;u th&igrave; n&oacute; nằm ngay cạnh đ&acirc;y th&ocirc;i&rdquo; - L&yacute; vui vẻ n&oacute;i, rồi đi trước về ph&iacute;a con suối. Ẩn sau l&ugrave;m c&acirc;y, một th&aacute;c nhỏ với d&ograve;ng nước trong xanh đang đẩy những d&ograve;ng nước bạc xuống tầng dưới, đẹp tuyệt vời.</span><br />\r\n	<br />\r\n	<span style="font-size: x-small;">Nguyễn Văn H. tiến về ph&iacute;a t&ocirc;i, trịnh trọng n&oacute;i: &ldquo;Đến giờ n&agrave;y th&igrave; t&ocirc;i chẳng cần giấu g&igrave; b&iacute; quyết tạo n&ecirc;n những c&acirc;y h&oacute;a đ&aacute; triệu đ&ocirc; nữa. Chẳng c&oacute; ai tạo n&ecirc;n n&oacute; được hết, m&agrave; chỉ c&oacute; d&ograve;ng suối Hi&ecirc;u n&agrave;y&rdquo;. H&agrave; Văn L&yacute; cũng gật đầu đồng &yacute;, rồi nhanh nhẹn bước xuống suối, xục t&igrave;m, rồi vớt l&ecirc;n mấy chiếc l&aacute; c&acirc;y.</span>&nbsp;<br />\r\n	<br />\r\n	<span style="font-size: x-small;">Kh&ocirc;ng thể nghi ngờ g&igrave; nữa, những chiếc l&aacute; L&yacute; trao v&agrave;o tay t&ocirc;i đều như đang h&oacute;a đ&aacute;, nổi r&otilde; những đường g&acirc;n, bằng mắt thường cũng khẳng định được n&oacute; chẳng kh&aacute;c g&igrave; chiếc l&aacute; của Triệu Đ&ocirc;. Chỉ kh&aacute;c chăng l&agrave; l&aacute; ch&uacute;ng đều c&ograve;n kh&aacute; tươi, c&oacute; thể ngắt đ&ocirc;i để thấy m&agrave;u xanh trong đ&oacute;.&nbsp;</span><br />\r\n	<table align="center" border="0" cellpadding="3" cellspacing="3" style="font-family: tahoma, verdana, arial; font-size: 11px; margin: auto;" width="1">\r\n		<tbody>\r\n			<tr>\r\n				<td>\r\n					<img alt="Kỳ lạ con suối khiến mọi vật rơi xuống biến thành " border="1" height="338" hspace="3" src="http://res.vtc.vn/media/vtcnews/2012/11/16/6_3.jpg" vspace="3" width="450" /></td>\r\n			</tr>\r\n			<tr>\r\n				<td align="center" style="color: rgb(0, 32, 96); font-family: Arial; font-size: 10pt;">\r\n					<i>Những lối nước chảy đều tạo n&ecirc;n những h&igrave;nh th&ugrave; đ&aacute; v&ocirc;i tuyệt đẹp</i></td>\r\n			</tr>\r\n		</tbody>\r\n	</table>\r\n	<div align="justify">\r\n		<span style="font-size: x-small;">Một số l&aacute; keo hay ch&agrave;m g&igrave; đ&oacute;, c&oacute; vẻ ng&acirc;m dưới nước đ&atilde; l&acirc;u, n&ecirc;n lớp &ldquo;đ&aacute;&rdquo; m&agrave;u hơi sậm phủ b&ecirc;n ngo&agrave;i d&agrave;y cộp. Bẻ nhẹ, lớp bọc b&ecirc;n ngo&agrave;i vỡ ra, lộ nguy&ecirc;n h&igrave;nh chiếc l&aacute; ng&acirc;m nước l&acirc;u ng&agrave;y đen đ&uacute;a. Những &ldquo;h&oacute;a thạch ng&agrave;n năm&rdquo; tan vụn theo từng c&aacute;i siết tay, tố c&aacute;o thời gian phong h&oacute;a chẳng bao l&acirc;u.</span>&nbsp;<br />\r\n		<br />\r\n		<span style="font-size: x-small;">T&ocirc;i dẫm ch&acirc;n xuống d&ograve;ng suối nước xanh ngắt, nền suối cứng như đ&aacute; thỉnh thoảng lại vụn vỡ lạo xạo, nhưng tuyệt nhi&ecirc;n kh&ocirc;ng một ch&uacute;t b&ugrave;n đất, rong r&ecirc;u n&agrave;o. Nước lạnh ngắt. Chỉ &iacute;t ph&uacute;t đ&ocirc;i ch&acirc;n như r&aacute;m r&aacute;p, giống như c&aacute;c lỗ ch&acirc;n l&ocirc;ng đang bị đ&ocirc;ng lại.&nbsp;</span></div>\r\n	<table align="center" border="0" cellpadding="3" cellspacing="3" style="font-family: tahoma, verdana, arial; font-size: 11px; margin: auto;" width="1">\r\n		<tbody>\r\n			<tr>\r\n				<td>\r\n					<img alt="Kỳ lạ con suối khiến mọi vật rơi xuống biến thành " border="1" height="338" hspace="3" src="http://res.vtc.vn/media/vtcnews/2012/11/16/3_8.jpg" vspace="3" width="450" /></td>\r\n			</tr>\r\n			<tr>\r\n				<td align="center" style="color: rgb(0, 32, 96); font-family: Arial; font-size: 10pt;">\r\n					<i>H&agrave; Văn L&yacute; hăm hở xuống suối Hi&ecirc;u nhặt &ldquo;h&oacute;a thạch&rdquo;</i></td>\r\n			</tr>\r\n		</tbody>\r\n	</table>\r\n	<div align="justify">\r\n		<span style="font-size: x-small;">B&ecirc;n d&ograve;ng nước chảy từ tr&ecirc;n cao xuống đều c&oacute; c&aacute;c mảng cứng m&agrave;u v&agrave;ng b&aacute;m rất chắc. C&agrave;ng nh&igrave;n c&agrave;ng m&ecirc; mẩn, th&aacute;c suối Hi&ecirc;u như đang tạo n&ecirc;n những cung điện v&agrave;ng của c&otilde;i thần ti&ecirc;n. B&ecirc;n đ&ocirc;i bờ suối, l&aacute; cỏ, những c&agrave;nh dừa nước hay l&aacute; c&acirc;y dại cũng bị b&aacute;m v&agrave;ng. C&oacute; vẻ như suối Hi&ecirc;u muốn h&oacute;a đ&aacute; tất cả những g&igrave; chạm v&agrave;o n&oacute;.</span>&nbsp;<br />\r\n		<br />\r\n		<span style="font-size: x-small;">T&ocirc;i vớt được dưới nước một kh&uacute;c nấm to, thoạt tr&ocirc;ng như l&agrave; đ&atilde; h&oacute;a đ&aacute;. Đưa tay bẻ nhẹ, vẫn l&agrave; c&acirc;y nấm ngậm nước b&igrave;nh thường m&agrave; th&ocirc;i.&nbsp;</span><br />\r\n		<br />\r\n		<span style="font-size: x-small;">Tiếng n&oacute;i của anh thanh ni&ecirc;n H&agrave; Văn L&yacute; đưa t&ocirc;i về thực tại: &ldquo;Từ l&acirc;u đời rồi, con suối n&agrave;y vẫn thế. N&oacute; chảy ra từ hang đ&aacute; ph&iacute;a tr&ecirc;n lưng chừng n&uacute;i, c&aacute;ch đ&acirc;y mấy chục bước ch&acirc;n. M&ugrave;a kh&ocirc; n&oacute; trong xanh, m&ugrave;a mưa lũ th&igrave; nước n&oacute; đục ngầu như nước gạo. L&uacute;c đ&oacute;, kh&ocirc;ng chỉ c&acirc;y cỏ trong l&ograve;ng suối đều h&oacute;a đ&aacute;, m&agrave; đến chiếc d&eacute;p anh đ&aacute;nh rơi xuống cũng h&oacute;a đ&aacute; lu&ocirc;n&rdquo;.</span></div>\r\n</div>\r\n<p>\r\n	&nbsp;</p>\r\n', 'Kỳ lạ con suối khiến mọi vật rơi xuống biến thành "đá"', 1);
INSERT INTO `chuagiacquang_news` (`id`, `id_category`, `author`, `date`, `content`, `title`, `type`) VALUES
(25, 10, 'Cẩm Vân', '2012-12-02 07:37:01', '<p align=\\"left\\"><strong>GNO - Chiều 1-12-2012, chư t&ocirc;n đức l&atilde;nh đạo Gi&aacute;o hội tại H&agrave; Nội đ&atilde; cung nghinh qu&agrave; tặng t&acirc;m linh t&ocirc;n qu&yacute; của Myanmar cho Việt Nam do b&agrave; Mai Thị Hạnh, Phu nh&acirc;n Chủ tịch nước chuyển d&acirc;ng.</strong></p>\r\n\r\n<p align=\\"center\\"><strong><img alt=\\"dSC_8255_640x425.jpg\\" border=\\"0\\" height=\\"365\\" src=\\"http://www.giacngo.vn/UserImages/2012/12/02/9/dSC_8255_640x425.jpg\\" width=\\"550\\" /></strong></p>\r\n\r\n<p align=\\"center\\">Qu&agrave; tặng t&acirc;m linh của Myanmar trao Chủ tịch nước Trương Tấn Sang</p>\r\n\r\n<p>Đ&oacute;n đo&agrave;n tại ch&ugrave;a Qu&aacute;n Sứ c&oacute; HT.Th&iacute;ch Thanh Nhiễu, Ph&oacute; Chủ tịch Thường trực HĐTS GHPGVN; HT.Th&iacute;ch Gia Quang, Ph&oacute; Chủ tịch HĐTS, Trưởng Ban Th&ocirc;ng tin Truyền th&ocirc;ng T.Ư; ĐĐ.Th&iacute;ch Đức Thiện, Ph&oacute; Tổng thư k&yacute; ki&ecirc;m Ch&aacute;nh Văn ph&ograve;ng I TƯGH c&ugrave;ng chư Tăng t&ugrave;ng l&acirc;m Qu&aacute;n Sứ.</p>\r\n\r\n<p>Được biết qu&agrave; tặng t&acirc;m linh l&agrave; t&ocirc;n tượng Đức Phật Th&iacute;ch Ca, Bồ-t&aacute;t Qu&aacute;n Thế &Acirc;m v&agrave; x&aacute;-lợi Phật do Nh&agrave; nước v&agrave; Phật gi&aacute;o Myanmar trao tặng Nh&agrave; nước, nh&acirc;n d&acirc;n v&agrave; Phật gi&aacute;o Việt Nam trong chuyến thăm cấp Nh&agrave; nước của Chủ tịch nước Trương Tấn Sang tới nước Cộng h&ograve;a li&ecirc;n bang Myanmar từ ng&agrave;y 29-11 tới ng&agrave;y 1-12-2012.</p>\r\n\r\n<p>Ngay sau khi về Việt Nam, qu&agrave; tặng t&acirc;m linh của Nh&agrave; nước, nh&acirc;n d&acirc;n v&agrave; Phật gi&aacute;o Myanmar đ&atilde; được Phu nh&acirc;n Chủ tịch nước v&agrave; ph&aacute;i đo&agrave;n trao lại cho chư vị l&atilde;nh đạo Gi&aacute;o hội để t&ocirc;n tr&iacute; tại Trụ sở TƯGH - ch&ugrave;a Qu&aacute;n Sứ, H&agrave; Nội.</p>\r\n\r\n<p align=\\"center\\"><img alt=\\"dSC_8176_640x425.jpg\\" border=\\"0\\" height=\\"365\\" src=\\"http://www.giacngo.vn/UserImages/2012/12/02/9/dSC_8176_640x425.jpg\\" width=\\"550\\" /></p>\r\n\r\n<p align=\\"center\\">Cung đ&oacute;n trước tam quan ch&ugrave;a Qu&aacute;n Sứ</p>\r\n\r\n<p align=\\"center\\"><img alt=\\"dSC_8185_640x425.jpg\\" border=\\"0\\" height=\\"365\\" src=\\"http://www.giacngo.vn/UserImages/2012/12/02/9/dSC_8185_640x425.jpg\\" width=\\"550\\" /></p>\r\n\r\n<p align=\\"center\\">Cung nghinh v&agrave;o ch&iacute;nh điện</p>\r\n\r\n<p align=\\"center\\"><img alt=\\"dSC_8244_640x425.jpg\\" border=\\"0\\" height=\\"365\\" src=\\"http://www.giacngo.vn/UserImages/2012/12/02/9/dSC_8244_640x425.jpg\\" width=\\"550\\" /></p>\r\n\r\n<p align=\\"center\\">&nbsp;</p>\r\n\r\n<p align=\\"center\\">&nbsp;Phu nh&acirc;n Chủ tịch nước trao chứng nhận qu&agrave; tặng của Nh&agrave; nước Myanmar</p>\r\n\r\n<p align=\\"center\\">&nbsp;</p>\r\n\r\n<p align=\\"center\\"><img alt=\\"dSC_8233_640x425.jpg\\" border=\\"0\\" height=\\"365\\" src=\\"http://www.giacngo.vn/UserImages/2012/12/02/9/dSC_8233_640x425.jpg\\" width=\\"550\\" /></p>\r\n\r\n<p align=\\"center\\">Th&agrave;nh k&iacute;nh d&acirc;ng hương đảnh lễ<span>&nbsp;</span></p>\r\n', 'Phu nhân Chủ tịch nước chuyển quà tặng tâm linh của Myanmar', 0),
(26, 10, 'Liên Hoa', '2012-12-02 22:01:08', '<div><b>GNO -<font color="#808080"> S&aacute;ng 25-11, gần 2.000 bạn sinh vi&ecirc;n đ&atilde; về ch&ugrave;a Hoằng Ph&aacute;p (H.H&oacute;c M&ocirc;n, TP.HCM) tham dự một ng&agrave;y tu chủ đề &quot;Sinh vi&ecirc;n hướng về Phật ph&aacute;p&quot;.</font></b></div>\r\n\r\n<div align="justify">&nbsp;</div>\r\n\r\n<p>Tại kh&oacute;a tu, c&aacute;c bạn được qu&yacute; thầy hướng dẫn tụng kinh, thực tập tĩnh lặng để quay lại qu&aacute;n chiếu nội t&acirc;m của m&igrave;nh, nghe ph&aacute;p thoại, vấn đ&aacute;p v&agrave; giao lưu văn nghệ.<br />\r\n<br />\r\nKết th&uacute;c ng&agrave;y tu, mỗi sinh vi&ecirc;n được BTC gửi tặng một phần qu&agrave; Ph&aacute;p bảo gồm: <i>CD Đường xưa m&acirc;y trắng, VCD Tuổi trẻ v&agrave; h&agrave;nh trang chữ Nhẫn, Lược truyện Đức Phật Th&iacute;ch Ca, Tr&aacute;i tim mặt trời, Con đường chuyển h&oacute;a.</i><br />\r\n&nbsp;</p>\r\n\r\n<div align="center"><font color="#808080" size="2"><i><img alt="Hoang phap 2.jpg" border="0" height="381" src="http://www.giacngo.vn/UserImages/2012/11/26/11/Hoang%20phap%202.jpg" width="570" /></i><br />\r\nThiền tập c&ugrave;ng chư t&ocirc;n đức Tăng - Ảnh: Hoằng Ph&aacute;p<br />\r\n<br />\r\n<img alt="Hoang phap 3.jpg" border="0" height="381" src="http://www.giacngo.vn/UserImages/2012/11/26/11/Hoang%20phap%203.jpg" width="570" /><br />\r\nĂn cơm ch&aacute;nh niệm - Ảnh: Hoằng Ph&aacute;p<br />\r\n<br />\r\n<img alt="hoang pháp 1.jpg" border="0" height="381" src="http://www.giacngo.vn/UserImages/2012/11/26/11/hoang%20ph%C3%A1p%201.jpg" width="570" /><br />\r\nNghe ph&aacute;p thoại - Ảnh: Hoằng Ph&aacute;p<span>&nbsp;</span></font></div>\r\n', 'Sinh viên hướng về Phật pháp', 1),
(27, 10, 'Theo Khám phá', '2012-12-03 17:17:09', '<p><strong id="yui_3_5_1_1_1354580001255_3742"><span style="font-family:Arial;">&ldquo;Với những dự đo&aacute;n về ng&agrave;y tận thế, ch&uacute;ng ta kh&ocirc;ng c&oacute; g&igrave; khẳng định, nhưng cũng kh&ocirc;ng c&oacute; g&igrave; để b&aacute;c bỏ&rdquo;, theo nh&agrave; nghi&ecirc;n cứu Nguyễn Ph&uacute;c Gi&aacute;c Hải.</span></strong></p>\r\n\r\n<p style="width:100%;">&nbsp;</p>\r\n\r\n<p id="yui_3_5_1_1_1354580001255_909"><a href="http://vn.news.yahoo.com/tin-%C4%91%E1%BB%93n-t%E1%BA%ADn-th%E1%BA%BF-khi%E1%BA%BFn-d%C3%A2n-nga-hoang-012000149.html" id="yui_3_5_1_1_1354580001255_908" target="_blank">&gt;&gt; Tin đồn tận thế khiến d&acirc;n Nga hoang mang</a><br />\r\n<a href="http://vn.news.yahoo.com/ph%C3%A1t-hi%E1%BB%87n-lo%C3%A0i-c%C3%A1-kh%C3%B4ng-m%E1%BA%AFt-%E1%BB%9F-vi%E1%BB%87t-182000644.html" target="_blank">&gt;&gt; Ph&aacute;t hiện lo&agrave;i c&aacute; kh&ocirc;ng mắt ở Việt Nam</a></p>\r\n\r\n<p><span style="font-family:Arial;">Trao đổi với ph&oacute;ng vi&ecirc;n, vị Chủ nhiệm bộ m&ocirc;n Th&ocirc;ng tin dự b&aacute;o, Trung t&acirc;m Nghi&ecirc;n cứu tiềm năng con người (Li&ecirc;n hiệp c&aacute;c Hội Khoa học v&agrave; Kỹ thuật Việt Nam) cho rằng, nếu c&oacute; ng&agrave;y tận thế, đ&oacute; c&oacute; thể l&agrave; một h&igrave;nh thức cảnh tỉnh lo&agrave;i người.<br />\r\n<br />\r\n<strong>Ng&agrave;y tận thế 2012: Hội tụ nhiều lời ti&ecirc;n tri</strong><br />\r\n<br />\r\n<em><strong>- Thưa &ocirc;ng, một số người giờ n&agrave;y chưa r&otilde; thực hư về &ldquo;ng&agrave;y tận thế&rdquo; 21/12/2012 theo lịch của người Maya. Quan điểm của &ocirc;ng về &ldquo;sự kiện&rdquo; sắp tới n&agrave;y như thế n&agrave;o?</strong></em><br />\r\n<br />\r\nTi&ecirc;n tri ng&agrave;y tận thế c&oacute; từ l&acirc;u đời. Trong Kinh Th&aacute;nh của đạo Kito, kinh Koran của đạo Hồi cũng c&oacute; n&oacute;i về ng&agrave;y tận thế. Trong kinh Mạt kiếp của đạo Phật cũng n&oacute;i về một thời kỳ con người suy đồi về tư tưởng đạo đức gọi l&agrave; thời kỳ cuối c&ugrave;ng, mạt vận, chuyển sang thời kỳ c&oacute; nhiều người bị s&agrave;ng lọc. Tuy nhi&ecirc;n, tất cả đều kh&ocirc;ng n&oacute;i r&otilde; thời gian.<br />\r\n<br />\r\nNgười Maya c&oacute; loại lịch ri&ecirc;ng, l&agrave; lịch d&agrave;i hạn. Nhưng lịch n&agrave;y đến ng&agrave;y 21/12/2012 th&igrave; dừng lại, họ kh&ocirc;ng t&iacute;nh nữa. Người ta cho rằng, phải c&oacute; sự chuyển đổi n&agrave;o đ&oacute;. C&oacute; thể c&oacute; sự kiện g&igrave; rất lớn. C&oacute; người cho rằng, đ&oacute; l&agrave; ng&agrave;y tận thế, c&oacute; người cho rằng đ&oacute; l&agrave; kết th&uacute;c chu kỳ lịch để chuyển sang chu kỳ kh&aacute;c.<br />\r\n<br />\r\nLời giải n&agrave;o c&oacute; căn cứ, th&igrave; người ta sẽ lắng nghe v&agrave; tin. Nhưng cũng kh&ocirc;ng ai biết được, đến ng&agrave;y đ&oacute; c&oacute; chuyện g&igrave; xảy ra, như trận động đất, s&oacute;ng thần tại Nhật Bản, sự cố 11/9 nước Mỹ trước đ&acirc;y.</span></p>\r\n\r\n<table align="center" border="0" cellpadding="3" cellspacing="3" style="margin:auto;" width="1">\r\n	<tbody>\r\n		<tr>\r\n			<td><span class="yom-figure yom-fig-right" style="width:500px;"><img alt="" border="1" class="editorial " height="318" hspace="3" src="http://l2.yimg.com/bt/api/res/1.2/9RF4C5EqUIjuT_2xYoDNUw--/YXBwaWQ9eW5ld3M7cT04NTt3PTUwMA--/http://media.zenfs.com/vi-VN/News/VTC/Chuy_n_gia__Kh_ng_th__b_c-526f8de888f643ecbb0f7a438aa7d147" vspace="3" width="500" /></span></td>\r\n		</tr>\r\n		<tr>\r\n			<td align="center" style="font-family:Arial;font-size:10pt;color:#002060;"><em>Theo nh&agrave; nghi&ecirc;n cứu Nguyễn Ph&uacute;c Gi&aacute;c Hải, giữa t&acirc;m linh v&agrave; khoa học c&oacute; sự tr&ugrave;ng hợp</em>&nbsp;</td>\r\n		</tr>\r\n	</tbody>\r\n</table>\r\n\r\n<p><span style="font-family:Arial;">C&oacute; thể những dự b&aacute;o tr&ecirc;n l&agrave; lời cảnh b&aacute;o cho con người biết sợ, nhưng cũng c&oacute; thể l&agrave; hiện thực do con người t&agrave;n ph&aacute; thi&ecirc;n nhi&ecirc;n. Ch&uacute;ng ta h&atilde;y chờ xem, hy vọng n&oacute; kh&ocirc;ng c&oacute;, nếu c&oacute; th&igrave; ch&iacute;nh l&agrave; cảnh tỉnh cho lo&agrave;i người.<br />\r\n<br />\r\n<strong><em>- Trước đ&acirc;y, cũng c&oacute; nhiều lời ti&ecirc;n tri về ng&agrave;y tận thế. Nhưng dường như ng&agrave;y 21/12/2012 được quan t&acirc;m v&agrave; nhắc đến nhiều nhất. C&oacute; điều g&igrave; kh&aacute;c biệt ở đ&acirc;y, thưa &ocirc;ng?</em></strong><br />\r\n<br />\r\nĐ&uacute;ng l&agrave; nhiều năm qua c&oacute; những điều ti&ecirc;n tri n&agrave;y nọ nhưng rồi c&oacute; thấy g&igrave; đ&acirc;u. V&iacute; dụ, năm 1999, c&oacute; ti&ecirc;n tri một thi&ecirc;n thạch lớn rơi xuống v&agrave; hủy diệt tr&aacute;i đất. Thực tế kh&ocirc;ng c&oacute; g&igrave; xảy ra. Nhưng năm 2012 kh&aacute;c biệt ở chỗ c&oacute; sự hội tụ của nhiều lời ti&ecirc;n tri. B&ecirc;n cạnh đ&oacute;, ng&agrave;y 21/12/2012 lại tr&ugrave;ng v&agrave;o ng&agrave;y Đ&ocirc;ng ch&iacute; l&agrave; ng&agrave;y m&agrave; khoảng thời gian ban ng&agrave;y ngắn nhất v&agrave; thời gian ban đ&ecirc;m d&agrave;i nhất.<br />\r\n<br />\r\nSấm trạng Tr&igrave;nh Nguyễn Bỉnh Khi&ecirc;m (1491-1585) dự b&aacute;o rằng: &ldquo;Long vĩ, x&agrave; đầu khởi chiến tranh / Can qua xứ xứ khổ đao binh / M&atilde; đề dương cước anh h&ugrave;ng tận / Th&acirc;n Dậu ni&ecirc;n lai kiến th&aacute;i b&igrave;nh&rdquo;. &ldquo;Long vĩ, x&agrave; đầu&rdquo; nghĩa l&agrave; cuối năm rồng, đầu năm rắn tr&ugrave;ng với cuối năm nay (Nh&acirc;m Th&igrave;n) v&agrave; đầu năm 2013. Theo dự b&aacute;o, cuối năm nay, đầu năm tới &ldquo;khởi chiến tranh&rdquo;.<br />\r\n<br />\r\nN&ecirc;n nhớ &ldquo;khởi&rdquo; l&agrave; bắt đầu, ứng với những t&igrave;nh h&igrave;nh căng thẳng giữa c&aacute;c quốc gia c&oacute; tranh chấp tr&ecirc;n thế giới hiện nay. Đến năm được hưởng th&aacute;i b&igrave;nh l&agrave; Th&acirc;n - Dậu (ứng với 2016 &ndash; 2017). Đ&acirc;y cũng l&agrave; thời điểm kỷ niệm 100 năm C&aacute;ch mạng Th&aacute;ng Mười Nga.<br />\r\n<br />\r\nKinh Mạt kiếp của Đạo Phật n&oacute;i năm &ldquo;Rồng đen, Rắn đen&rdquo; xảy ra c&aacute;c tai biến. Rồng đen ứng với năm nay (Nh&acirc;m Th&igrave;n), Rắn đen ứng với sang năm (Qu&yacute; Tỵ). Ch&uacute;ng ta hy vọng rằng, dự đo&aacute;n n&agrave;y sẽ kh&ocirc;ng đ&uacute;ng như những dự b&aacute;o kh&aacute;c, nhưng kh&ocirc;ng loại trừ n&oacute; khớp với lịch của người Maya.<br />\r\n<br />\r\nTheo dự b&aacute;o của c&aacute;c nh&agrave; thi&ecirc;n văn học, cuối năm 2012, đầu 2013 sẽ c&oacute; b&atilde;o từ lớn nhất từ trước tới nay v&agrave; sẽ c&oacute; nhiều thi&ecirc;n tai xảy ra. Kết hợp với việc trong những năm gần đ&acirc;y, ng&agrave;y c&agrave;ng c&oacute; nhiều thi&ecirc;n tai biến đổi bất thường như động đất, s&oacute;ng thần ở Nhật Bản, lụt ở Mỹ, b&atilde;o tuyết ở Nhật Bản. Việt Nam l&agrave; nước &ldquo;hiền l&agrave;nh&rdquo; nhất cũng c&oacute; động đất li&ecirc;n tiếp.<br />\r\n<br />\r\nĐối chiếu giữa t&acirc;m linh v&agrave; khoa học thấy c&oacute; sự tr&ugrave;ng hợp. Đ&acirc;y cũng l&agrave; sự kh&aacute;c biệt m&agrave; những lời ti&ecirc;n tri trước kh&ocirc;ng c&oacute;. Phải chăng c&oacute; c&aacute;i g&igrave; đ&oacute; mới dẫn đến sự hội tụ của nhiều lời ti&ecirc;n đo&aacute;n v&agrave;o năm 2012 như thế.</span></p>\r\n\r\n<table align="center" border="0" cellpadding="3" cellspacing="3" id="yui-tmp-51" style="margin:auto;" width="1">\r\n	<tbody id="yui-tmp-50">\r\n		<tr id="yui-tmp-49">\r\n			<td id="yui-tmp-48">\r\n			<div class="yom-fig-frame" style="width:100%;text-align:center;margin:auto;"><span class="yui-editorial-embed" id="yui_3_0_0-2-1354520652070225"><span class="yom-figure yom-fig-middle" style="width:500px;"><img alt="" border="1" class="editorial " hspace="3" src="http://l.yimg.com/bt/api/res/1.2/Idjhs7tEYZ87mFuVpKCRUg--/YXBwaWQ9eW5ld3M7cT04NTt3PTUwMA--/http://media.zenfs.com/vi-VN/News/VTC/Chuy_n_gia__Kh_ng_th__b_c-eb9f1a7e5c5ca00f94063b70f1b6b6c2" vspace="3" width="500" /></span></span></div>\r\n			</td>\r\n		</tr>\r\n		<tr>\r\n			<td align="center" style="font-family:Arial;font-size:10pt;color:#002060;"><em>Một cảnh trong phim Ng&agrave;y tận thế</em>&nbsp;</td>\r\n		</tr>\r\n	</tbody>\r\n</table>\r\n\r\n<p><em><strong><span style="font-family:Arial;">- &Ocirc;ng tin rằng c&oacute; ng&agrave;y tận thế?</span></strong></em><br />\r\n<br />\r\n<span style="font-family:Arial;">Với những dự đo&aacute;n n&agrave;y, ch&uacute;ng ta kh&ocirc;ng c&oacute; g&igrave; khẳng định, nhưng cũng kh&ocirc;ng c&oacute; g&igrave; b&aacute;c bỏ. Những năm gần đ&acirc;y, thi&ecirc;n tai xảy ra bất thường, nhiều bệnh tật mới chưa c&oacute; thuốc trị, những cuộc chiến tranh đe doạ... Cho n&ecirc;n người ta nghĩ rằng đ&oacute; l&agrave; những &ldquo;điềm&rdquo; bất thường cho một sự đổi dời trong giai đoạn biến chuyển.<br />\r\n<br />\r\nV&iacute; dụ như Vanga (nh&agrave; ti&ecirc;n tri người Bulgary, mất ng&agrave;y 11/8/1996) đ&atilde; ti&ecirc;n tri rằng từ 2010 trở đi, thi&ecirc;n nhi&ecirc;n sẽ c&oacute; những biến đổi rất lạ như n&uacute;i lửa, động đất, s&oacute;ng thần&hellip; th&igrave; nay điều đ&oacute; thực sự đ&atilde; xảy ra.</span><br />\r\n<br />\r\n<em><strong><span style="font-family:Arial;">C&oacute; cơ sở khoa học<br />\r\n<br />\r\n- Thưa &ocirc;ng, tại sao con người thường dự đo&aacute;n về ng&agrave;y tận thế?</span></strong></em><br />\r\n<br />\r\n<span style="font-family:Arial;">Những nh&agrave; ti&ecirc;n tri được coi l&agrave; người biết trước tương lai. C&oacute; 2 loại, nh&agrave; ti&ecirc;n tri biết trước tương lai ngắn hạn như năm nay xảy ra việc g&igrave;, sang năm xảy ra việc g&igrave;. Loại thứ 2, người dự b&aacute;o d&agrave;i hạn, dự b&aacute;o xuy&ecirc;n thế kỷ. Trung Quốc c&oacute; cuốn s&aacute;ch &ldquo;Những lời ti&ecirc;n tri 2000 năm&rdquo;. Ng&agrave;y tận thế cũng l&agrave; do c&aacute;c nh&agrave; ti&ecirc;n tri được cho l&agrave; biết trước tương lai l&acirc;u d&agrave;i đưa ra.</span><br />\r\n<br />\r\n<em><strong><span style="font-family:Arial;">- Đ&oacute; chỉ những dự đo&aacute;n, hay c&oacute; cơ sở khoa học n&agrave;o để ch&uacute;ng ta tin cậy kh&ocirc;ng?</span></strong></em><br />\r\n<br />\r\n<span style="font-family:Arial;">C&oacute; thể c&aacute;c nh&agrave; ti&ecirc;n tri nắm bắt được &ldquo;trường th&ocirc;ng tin vũ trụ&rdquo; của tương lai (Theo quan niệm Phật gi&aacute;o, c&oacute; trường alạida thức chứa những th&ocirc;ng tin về tương lai, qu&aacute; khứ của vạn vật, vũ trụ), cho n&ecirc;n c&oacute; khả năng dự b&aacute;o tương lai.<br />\r\n<br />\r\nC&oacute; những sự việc l&iacute; luận kh&ocirc;ng thể t&iacute;nh trước được. Nước Nhật c&oacute; m&aacute;y m&oacute;c hiện đại, tối t&acirc;n, nhưng kh&ocirc;ng biết trước trận s&oacute;ng thần kinh ho&agrave;ng như hồi th&aacute;ng 3/2011&hellip; Đ&oacute; l&agrave; l&uacute;c phải nhờ đến khả năng của những nh&agrave; ti&ecirc;n tri, họ &ldquo;bắt&rdquo; được &ldquo;trường th&ocirc;ng tin&rdquo; biết trước sự việc xảy ra trong tương lai.<br />\r\n<br />\r\nLịch của người Maya kết th&uacute;c chu kỳ cuối c&ugrave;ng ứng với ng&agrave;y 21/12/2012. Đ&oacute; kh&ocirc;ng phải l&agrave; ng&agrave;y bất kỳ, m&agrave; l&agrave; Đ&ocirc;ng ch&iacute;. Theo dự b&aacute;o của c&aacute;c nh&agrave; thi&ecirc;n văn học, cuối năm 2012, đầu 2013 sẽ c&oacute; b&atilde;o từ lớn nhất từ trước tới nay. Đối chiếu giữa lịch của người Maya v&agrave; khoa học dự b&aacute;o của thi&ecirc;n văn thấy c&oacute; sự tr&ugrave;ng hợp. Vậy th&igrave; những dự b&aacute;o đ&oacute; kh&ocirc;ng phải l&agrave; kh&ocirc;ng c&oacute; căn cứ.</span></p>\r\n\r\n<table align="center" border="0" cellpadding="3" cellspacing="3" id="yui-tmp-39" style="margin:auto;" width="1">\r\n	<tbody id="yui-tmp-38">\r\n		<tr id="yui-tmp-37">\r\n			<td id="yui-tmp-36">\r\n			<div class="yom-fig-frame" style="width:100%;text-align:center;margin:auto;"><span class="yui-editorial-embed" id="yui_3_0_0-2-1354520652070200"><span class="yom-figure yom-fig-middle" style="width:500px;"><img alt="" border="1" class="editorial " hspace="3" src="http://l3.yimg.com/bt/api/res/1.2/Dn8juvnWubXgQbhyMeHyUQ--/YXBwaWQ9eW5ld3M7cT04NTt3PTUwMA--/http://media.zenfs.com/vi-VN/News/VTC/Chuy_n_gia__Kh_ng_th__b_c-a936ace30f7cded1b68cb7a127923b7d" vspace="3" width="500" /></span></span></div>\r\n			</td>\r\n		</tr>\r\n		<tr>\r\n			<td align="center" style="font-family:Arial;font-size:10pt;color:#002060;"><em>Theo nh&agrave; nghi&ecirc;n cứu Nguyễn Ph&uacute;c Gi&aacute;c Hải, nếu c&oacute; ng&agrave;y tận thế th&igrave; ch&iacute;nh l&agrave; cảnh tỉnh cho lo&agrave;i người (Ảnh minh họa)</em>&nbsp;</td>\r\n		</tr>\r\n	</tbody>\r\n</table>\r\n\r\n<p><em><strong><span style="font-family:Arial;"><font size="2">- Thưa &ocirc;ng, như vậy chỉ c&ograve;n chưa đầy ba tuần nữa, ch&uacute;ng ta sẽ đứng trước &ldquo;ng&agrave;y ph&aacute;n x&eacute;t cuối c&ugrave;ng&rdquo;. Con người phải ứng xử ra sao với ng&agrave;y 21/12/2012?</font></span></strong></em><br />\r\n<br />\r\n<span id="yui_3_5_1_1_1354580001255_4441" style="font-family:Arial;"><font size="2">Những lần ti&ecirc;n tri trước c&oacute; khi chỉ l&agrave; tr&ograve; chơi con số, như ng&agrave;y 7/7/2007, hay thứ 6 ng&agrave;y 7/8/2009 sẽ c&oacute; chuyện... Nhưng sau năm 2012 sẽ kh&ocirc;ng c&ograve;n tr&ograve; chơi con số bởi kh&ocirc;ng thể c&oacute; th&aacute;ng 13 để chơi con số theo kiểu ng&agrave;y 13, th&aacute;ng 13 năm 2013 được.<br />\r\n<br />\r\nT&ocirc;i nghĩ rằng đến ng&agrave;y đ&oacute;, ch&uacute;ng ta vẫn c&oacute; thể uống c&agrave; ph&ecirc; được nếu căn cứ v&agrave;o t&igrave;nh h&igrave;nh Việt Nam. N&oacute; chỉ c&oacute; &yacute; nghĩa đ&aacute;nh dấu một giai đoạn để ch&uacute;ng ta biết rằng c&oacute; sự biến chuyển lớn. Nhưng cũng kh&ocirc;ng ai biết được, đến ng&agrave;y đ&oacute; c&oacute; chuyện g&igrave; xảy ra, như trận động đất, s&oacute;ng thần tại Nhật Bản th&aacute;ng 3/2011, sự cố 11/9 nước Mỹ... Ch&uacute;ng ta h&atilde;y chờ xem<span>&nbsp;</span></font></span></p>\r\n', 'Chuyên gia: \\'' Không thể bác bỏ ngày tận thế \\''', 0),
(28, 10, 'Theo Thanh niên', '2012-12-03 17:25:20', '<div class="yom-mod yom-art-hd" id="yui_3_5_1_1_1354580580368_1657">\r\n<div class="bd" id="yui_3_5_1_1_1354580580368_1756">\r\n<h1 class="headline">Uống 2 cốc bia bị phạt tới 15 triệu đồng</h1>\r\n<a href="http://vtc.vn/" rel="nofollow"><img alt="VTC News" class="logo" src="http://l.yimg.com/bt/api/res/1.2/VlzOp.gKUjnYVCQBCQRYww--/YXBwaWQ9eW5ld3M7Zmk9Zml0O2g9Mjc-/http://media.zenfs.com/247/2011/08/11/logo-vtcnews_082349.jpg" title="" /></a><cite class="byline vcard"><span class="provider org">VTC News</span>&nbsp;&ndash;&nbsp;<abbr title="2012-12-03T05:30:00Z">18 giờ trước</abbr></cite></div>\r\n</div>\r\n\r\n<div class="yom-mod social-buttons" id="yui_3_5_1_1_1354580580368_641">\r\n<div class="bd" id="yui_3_5_1_1_1354580580368_640">\r\n<div class="yui3-widget yui3-ymsb" id="yui_3_5_1_1_1354580580368_544">\r\n<div class="ymsb ymsb-mail ymsb-facebook ymsb-retweet ymsb-googleplus ymsb-zingme ymsb-print yui3-ymsb-content" id="ymsb-13545805919552-1">\r\n<ul id="yui_3_5_1_1_1354580580368_846">\r\n	<li class="ymsb-module ymsb-mail-module lang-vi-VN "><a class="ymsb-mail-btn" href="http://vn.news.yahoo.com/_xhr/mtf/panel/" rel="nofollow" title="Email"><span>Email</span></a></li>\r\n	<li class="ymsb-module ymsb-facebook-module" id="yui_3_5_1_1_1354580580368_648" style="min-width: 100px; max-width: 140px;">&nbsp;</li>\r\n	<li class="ymsb-module ymsb-retweet-module lang-vi" id="yui_3_5_1_1_1354580580368_845">&nbsp;</li>\r\n	<li class="ymsb-module ymsb-googleplus-module">\r\n	<div id="___plusone_0" style="height: 20px; width: 90px; display: inline-block; text-indent: 0px; margin: 0px; padding: 0px; background: none repeat scroll 0% 0% transparent; border-style: none; float: none; line-height: normal; font-size: 1px; vertical-align: baseline;">&nbsp;</div>\r\n	</li>\r\n	<li class="ymsb-module ymsb-zingme-module lang-vi-VN " id="yui_3_5_1_1_1354580580368_1654">&nbsp;</li>\r\n	<li class="ymsb-module ymsb-print-module lang-vi-VN " id="yui_3_5_1_1_1354580580368_1656"><a class="ymsb-print-btn" role="button" title="In ra"><span>In ra</span></a></li>\r\n</ul>\r\n</div>\r\n</div>\r\n</div>\r\n</div>\r\n\r\n<p class="first">&nbsp;</p>\r\n\r\n<p><span style="font-family:Arial;"><strong>Sắp tới CSGT c&aacute;c địa phương sẽ ra qu&acirc;n xử phạt nghi&ecirc;m người điều khiển phương tiện giao th&ocirc;ng c&oacute; sử dụng bia rượu. Thậm ch&iacute; chỉ cần uống v&agrave;i cốc bia, l&aacute;i xe cũng c&oacute; thể bị xử phạt tới 15 triệu đồng.</strong><br />\r\n<br />\r\n<a href="http://vn.news.yahoo.com/thanh-ni%C3%AAn-v%E1%BB%9D-%C4%91i-t%C3%A8-3-l%E1%BA%A7n-%C4%91%E1%BB%83-032500225.html" target="_blank">&gt;&gt; Thanh ni&ecirc;n vờ đi tiểu 3 lần để trộm xe m&aacute;y b&ecirc;n đường</a><br />\r\n<a href="http://vn.news.yahoo.com/t%E1%BB%AB-h%E1%BB%8Dc-sinh-gi%E1%BB%8Fi-th%C3%A0nh-k%E1%BA%BB-s%C3%A1t-nh%C3%A2n-060420544.html" target="_blank">&gt;&gt; Từ học sinh giỏi th&agrave;nh kẻ s&aacute;t nh&acirc;n g&acirc;y trọng &aacute;n</a><br />\r\n<br />\r\nCục CSGT đường bộ, đường sắt (C67) - Bộ C&ocirc;ng an cho biết đang x&acirc;y dựng kế hoạch cho đợt cao điểm tuần tra, kiểm so&aacute;t đảm bảo trật tự an to&agrave;n giao th&ocirc;ng dịp Tết dương lịch v&agrave; Tết Nguy&ecirc;n đ&aacute;n 2013.<br />\r\n<br />\r\nTheo thượng t&aacute; Trần Sơn, Ph&oacute; trưởng ph&ograve;ng Hướng dẫn luật, điều tra, xử l&yacute; TNGT (C67), đ&acirc;y l&agrave; khoảng thời gian lưu lượng phương tiện tham gia giao th&ocirc;ng rất lớn, tiềm ẩn nhiều nguy cơ dẫn tới tai nạn nghi&ecirc;m trọng.<br />\r\n<br />\r\nCh&iacute;nh v&igrave; thế lực lượng CSGT sẽ tập trung kiểm so&aacute;t, xử l&yacute; những lỗi vi phạm sử dụng rượu, bia rồi điều khiển phương tiện, chạy qu&aacute; tốc độ quy định, nhồi nh&eacute;t h&agrave;nh kh&aacute;ch...<br />\r\n<br />\r\nDự kiến đợt cao điểm sẽ bắt đầu từ ng&agrave;y 26.12.2012 đến hết th&aacute;ng 3.2013.<br />\r\n<br />\r\n<strong>Tiền lương kh&ocirc;ng đủ đ&oacute;ng phạt</strong><br />\r\n<br />\r\n&Ocirc;ng Sơn ph&acirc;n t&iacute;ch, Nghị định 71/2012 của Ch&iacute;nh phủ sửa đổi, bổ sung Nghị định 34 về xử phạt vi phạm h&agrave;nh ch&iacute;nh trong lĩnh vực giao th&ocirc;ng đường bộ đ&atilde; n&acirc;ng mức phạt tiền l&ecirc;n rất cao ở hầu hết c&aacute;c lỗi vi phạm được x&aacute;c định l&agrave; nguy&ecirc;n nh&acirc;n dẫn tới rất nhiều vụ TNGT thời gian qua.<br />\r\n<br />\r\nTrong đ&oacute; lỗi điều khiển xe m&agrave; trong m&aacute;u hoặc hơi thở c&oacute; nồng độ cồn vượt qu&aacute; quy định tăng rất cao.</span><br />\r\n&nbsp;</p>\r\n\r\n<table align="center" border="0" cellpadding="3" cellspacing="3" style="margin:auto;" width="1">\r\n	<tbody>\r\n		<tr>\r\n			<td><span class="yom-figure yom-fig-right" style="width:416px;"><img alt="" border="1" class="editorial " height="277" hspace="3" src="http://l1.yimg.com/bt/api/res/1.2/Pwf7qmsp67nXA6vNzto5xg--/YXBwaWQ9eW5ld3M7cT04NTt3PTQxNg--/http://media.zenfs.com/vi-VN/News/VTC/U_ng_2_c_c_bia_b_-852f0c94c031432747f7d30d3f8e33a8" vspace="3" width="416" /></span></td>\r\n		</tr>\r\n		<tr>\r\n			<td align="center" style="font-family:Arial;font-size:10pt;color:#002060;"><em>Lực lượng CSGT sẽ tiếp tục &ldquo;mật phục&rdquo; tại c&aacute;c qu&aacute;n nhậu để kiểm tra nồng độ cồn.</em>&nbsp;</td>\r\n		</tr>\r\n	</tbody>\r\n</table>\r\n\r\n<p><br />\r\n<span style="font-family:Arial;">Theo đ&oacute;, người điều khiển xe m&aacute;y m&agrave; trong m&aacute;u hoặc hơi thở c&oacute; nồng độ cồn vượt qu&aacute; 50 miligam đến 80 miligam/100 milil&iacute;t m&aacute;u hoặc vượt qu&aacute; 0,25 miligam đến 0,4 miligam/l&iacute;t kh&iacute; thở sẽ bị phạt tiền từ 500.000 đồng tới 1 triệu đồng (mức phạt trong Nghị định 34 l&agrave; 200.000 - 400.000 đồng).<br />\r\n<br />\r\nPhạt tiền từ 2-3 triệu đồng đối với người điều khiển xe m&aacute;y trong m&aacute;u hoặc hơi thở c&oacute; nồng độ cồn vượt qu&aacute; 80 miligam/100 milil&iacute;t m&aacute;u hoặc vượt qu&aacute; 0,4 miligam/l&iacute;t kh&iacute; thở.<br />\r\n<br />\r\nĐối với người điều khiển &ocirc; t&ocirc;, nếu hơi thở c&oacute; nồng độ cồn vượt qu&aacute; 0,25 - 0,4 miligam/l&iacute;t kh&iacute; thở th&igrave; sẽ bị phạt tiền từ 8-10 triệu đồng; trường hợp trong m&aacute;u hoặc hơi thở c&oacute; nồng độ cồn vượt qu&aacute; 80 miligam/100 milil&iacute;t m&aacute;u hoặc vượt qu&aacute; 0,4 miligam/l&iacute;t kh&iacute; thở th&igrave; bị phạt từ 10 - 15 triệu đồng.<br />\r\n<br />\r\nNghị định 71 cũng đ&atilde; đưa th&ecirc;m quy định xử phạt nghi&ecirc;m đối với những trường hợp chống đối, kh&ocirc;ng chấp h&agrave;nh quy định kiểm tra nồng độ cồn của lực lượng chức năng. Trường hợp người vi phạm kh&ocirc;ng chấp h&agrave;nh y&ecirc;u cầu kiểm tra nồng độ cồn, th&igrave; lực lượng chức năng c&oacute; thể ngay lập tức lập bi&ecirc;n bản xử phạt mức kịch khung l&agrave; 3 triệu đồng đối với xe m&aacute;y v&agrave; 15 triệu đối với &ocirc; t&ocirc;.<br />\r\n<br />\r\nNgo&agrave;i phạt tiền, l&aacute;i xe qu&aacute; say xỉn c&ograve;n c&oacute; thể bị phạt bổ sung như tước giấy ph&eacute;p l&aacute;i xe 60 ng&agrave;y hoặc tước giấy ph&eacute;p kh&ocirc;ng thời hạn nếu g&acirc;y tai nạn nghi&ecirc;m trọng.<br />\r\n<br />\r\nMột c&aacute;n bộ PC67 H&agrave; Nội cho rằng, mức phạt mới sẽ khiến nhiều người phải nghi ngại khi chọn phương tiện ra về sau mỗi cuộc nhậu. &ldquo;Nhậu xong m&agrave; vẫn v&ocirc; tư l&aacute;i xe về nh&agrave; l&agrave; c&oacute; thể bị phạt với số tiền lớn hơn tiền lương cơ bản của cả th&aacute;ng đi l&agrave;m&rdquo;, vị n&agrave;y n&oacute;i.<br />\r\n<br />\r\n<strong>&ldquo;Mật phục ma men&rdquo;</strong><br />\r\n<br />\r\nThượng t&aacute; Nguyễn Kim Hải, phụ tr&aacute;ch Ph&ograve;ng Hướng dẫn tổ chức tuần tra, kiểm so&aacute;t giao th&ocirc;ng, cho biết C67 đang l&ecirc;n phương &aacute;n trang bị th&ecirc;m m&aacute;y đo nồng độ cồn. Ph&ograve;ng CSGT c&aacute;c tỉnh, th&agrave;nh phố cũng sẽ đưa việc mua m&aacute;y đo nồng độ cồn n&agrave;y v&agrave;o kế hoạch trang thiết bị hằng năm.<br />\r\n<br />\r\nSau một thời gian triển khai thực hiện hiệu quả ở H&agrave; Nội, C67 đ&atilde; đưa chiến dịch &ldquo;mật phục ma men&rdquo; v&agrave;o TP.HCM. H&agrave;ng loạt tổ nh&oacute;m CSGT, cảnh s&aacute;t cơ động, c&ocirc;ng an được điều động để c&ugrave;ng phối hợp xử l&yacute; khắp ng&agrave;y, đ&ecirc;m. C&aacute;c địa điểm được &ldquo;nhắm&rdquo; tới ngo&agrave;i c&aacute;c tuyến quốc lộ, cung đường đen về tai nạn c&ograve;n l&agrave; hệ thống nh&agrave; h&agrave;ng, qu&aacute;n bia lớn, đ&ocirc;ng kh&aacute;ch tr&ecirc;n địa b&agrave;n H&agrave; Nội, TP.HCM.<br />\r\n<br />\r\nV&agrave;o thời gian qu&aacute;n nhậu đ&ocirc;ng kh&aacute;ch, sẽ c&oacute; những chiến sĩ cảnh s&aacute;t mặc thường phục với bộ đ&agrave;m tr&ecirc;n tay, t&uacute;c trực cạnh qu&aacute;n nhậu để th&ocirc;ng b&aacute;o cho lực lượng kiểm so&aacute;t c&ocirc;ng khai đứng c&aacute;ch đ&oacute; kh&ocirc;ng xa dừng xe, kiểm tra những trường hợp c&oacute; biểu hiện vi phạm. Trong đợt cao điểm sắp tới, c&aacute;c tuyến quốc lộ, nh&agrave; h&agrave;ng, qu&aacute;n bia vẫn sẽ nằm trong tầm ngắm phải kiểm so&aacute;t của lực lượng CSGT.<br />\r\n<br />\r\nThực tế, l&acirc;u nay nhiều b&aacute;c t&agrave;i trước khi ngậm v&agrave;o ống thở đo nồng độ cồn của CSGT c&ograve;n cười bảo: &ldquo;T&ocirc;i chỉ uống c&oacute; 2 cốc bia l&agrave;m sao vi phạm được?&rdquo;. Tuy nhi&ecirc;n khi m&aacute;y đo b&aacute;o kết quả v&agrave; được c&aacute;c CSGT cắm v&agrave;o m&aacute;y in ra một phiếu nhỏ th&igrave; ai cũng phải gật đầu, k&yacute; bi&ecirc;n bản.<br />\r\n<br />\r\nCũng c&oacute; người điều khiển xe m&aacute;y khi kiểm tra nồng độ cồn nhiều lần vẫn chưa tới mức xử phạt th&igrave; chỉ bị CSGT nhắc nhở. Tuy nhi&ecirc;n theo c&aacute;c chiến sĩ CSGT, với thể trạng người Việt Nam, uống 2-3 cốc bia đ&atilde; c&oacute; thể vi phạm c&aacute;c mức phạt nặng theo Nghị định 71.<br />\r\n<br />\r\nThượng t&aacute; Trần Sơn cho rằng những người hay phải tiếp kh&aacute;ch, ăn nhậu n&ecirc;n gửi lại xe, đi taxi về nh&agrave; để vừa đảm bảo an to&agrave;n cho bản th&acirc;n, vừa tr&aacute;nh vi phạm, bị phạt nặng.</span><br />\r\n&nbsp;</p>\r\n\r\n<table align="center" cellpadding="3" cellspacing="3" height="291" style="padding:5px;" width="500">\r\n	<tbody>\r\n		<tr>\r\n			<td>\r\n			<fieldset style="background-color:#f2f2f2;">\r\n			<div><strong>Nghe điện thoại khi l&aacute;i xe phạt 80.000 đồng</strong><br />\r\n			<br />\r\n			Nhiều h&agrave;nh vi cũng sẽ được CSGT ch&uacute; &yacute; xử phạt nghi&ecirc;m trong thời gian tới. Đ&oacute; l&agrave; việc người điều khiển xe m&aacute;y sử dụng &ocirc;, điện thoại di động, thiết bị &acirc;m thanh (trừ thiết bị trợ th&iacute;nh) bị phạt tiền từ 60.000-80.000 đồng.<br />\r\n			<br />\r\n			Người điều khiển m&ocirc; t&ocirc;, xe gắn m&aacute;y v&agrave; c&aacute;c loại xe tương tự bị phạt 80.000-120.000 đồng nếu kh&ocirc;ng c&oacute; hoặc kh&ocirc;ng mang theo một trong những loại giấy tờ sau: Giấy chứng nhận bảo hiểm tr&aacute;ch nhiệm d&acirc;n sự của chủ xe cơ giới, giấy đăng k&yacute; xe, giấy chứng nhận kiểm định an to&agrave;n kỹ thuật v&agrave; bảo vệ m&ocirc;i trường (nếu c&oacute; quy định phải kiểm định) v&agrave; giấy ph&eacute;p l&aacute;i xe.<br />\r\n			<br />\r\n			Lỗi kh&ocirc;ng mang theo giấy đăng k&yacute; xe, giấy ph&eacute;p l&aacute;i xe, giấy chứng nhận kiểm định an to&agrave;n kỹ thuật v&agrave; bảo vệ m&ocirc;i trường (nếu c&oacute; quy định phải kiểm định) đối với người điều khiển &ocirc; t&ocirc; bị xử phạt tiền từ 200.000-400.000 đồng.</div>\r\n			</fieldset>\r\n			</td>\r\n		</tr>\r\n	</tbody>\r\n</table>\r\n\r\n<p id="yui_3_5_1_1_1354580580368_1957"><span id="yui_3_5_1_1_1354580580368_1956" style="font-family:Arial;"><em id="yui_3_5_1_1_1354580580368_1955"><strong>Theo Thanh ni&ecirc;n<span>&nbsp;</span></strong></em></span></p>\r\n', 'Uống 2 cốc bia bị phạt tới 15 triệu đồng', 0),
(29, 10, 'Hoàng Lan', '2012-12-03 17:29:25', '<h2 class="Lead">Ng&agrave;nh điện dự kiến l&atilde;i h&agrave;ng ngh&igrave;n tỷ đồng năm nay nhưng chưa đủ để b&ugrave; lỗ cho c&aacute;c năm trước đ&oacute;, v&igrave; vậy lộ tr&igrave;nh điều chỉnh gi&aacute; li&ecirc;n Bộ C&ocirc;ng Thương - T&agrave;i ch&iacute;nh sắp tr&igrave;nh Ch&iacute;nh phủ sẽ theo hướng tăng cao hơn hiện nay.<br />\r\n&gt; <a class="Lead" href="http://vnexpress.net/gl/kinh-doanh/2011/11/gia-dien-2012-khong-phan-bo-het-khoan-lo-cua-evn/">Gi&aacute; điện 2012 kh&ocirc;ng đủ b&ugrave; lỗ cho EVN</a></h2>\r\n\r\n<p class="Normal">Chiều 3/12, tại buổi c&ocirc;ng bố gi&aacute; th&agrave;nh sản xuất kinh doanh điện do Bộ C&ocirc;ng Thương tổ chức, Cục trưởng Cục Điều tiết điện lực Đặng Huy Cường cho biết li&ecirc;n Bộ C&ocirc;ng Thương &ndash; T&agrave;i ch&iacute;nh đang r&agrave; so&aacute;t để tr&igrave;nh Ch&iacute;nh phủ lộ tr&igrave;nh điều chỉnh gi&aacute; điện giai đoạn 2013-2015. Việc điều chỉnh sẽ được c&acirc;n nhắc kỹ lưỡng để giảm tối thiểu những ảnh hưởng đến đời sống người d&acirc;n.</p>\r\n\r\n<p class="Normal">&ldquo;Th&aacute;ng 12 tới sẽ tr&igrave;nh lộ tr&igrave;nh điều chỉnh gi&aacute; điện, nếu được Ch&iacute;nh phủ th&ocirc;ng qua, ch&uacute;ng t&ocirc;i sẽ c&ocirc;ng bố rộng r&atilde;i&rdquo;, &ocirc;ng Cường khẳng định.</p>\r\n\r\n<p class="Normal">Trả lời c&acirc;u hỏi của b&aacute;o ch&iacute; về việc điều chỉnh gi&aacute; điện, Thứ trưởng Bộ C&ocirc;ng Thương L&ecirc; Dương Quang khẳng định, gi&aacute; điện chắc chắn tăng chứ kh&ocirc;ng giảm bởi mức gi&aacute; hiện tại rất thấp. Theo chủ trương từ năm 2008, gi&aacute; điện sẽ dần theo cơ chế thị trường. Tuy nhi&ecirc;n, năm 2011-2012 rất kh&oacute; khăn n&ecirc;n Ch&iacute;nh phủ vẫn phải kiểm so&aacute;t về gi&aacute; điện. &ldquo;Nhu cầu năng lượng c&agrave;ng tăng, nguồn sơ cấp c&agrave;ng ng&agrave;y c&agrave;ng giảm, bởi vậy, gi&aacute; điện theo xu hướng sẽ tăng&rdquo;, Thứ trưởng L&ecirc; Dương Quang khẳng định.</p>\r\n\r\n<table align="center" border="0" cellpadding="3" cellspacing="0" width="1">\r\n	<tbody>\r\n		<tr>\r\n			<td><img alt="Ảnh: Hoàng Hà" border="1" height="322" src="http://vnexpress.net/Files/Subject/3b/bd/f2/78/dien-1.jpg" width="495" /></td>\r\n		</tr>\r\n		<tr>\r\n			<td class="Image">Gi&aacute; điện sẽ theo xu hướng tăng. Ảnh: <em>Ho&agrave;ng H&agrave;.</em></td>\r\n		</tr>\r\n	</tbody>\r\n</table>\r\n\r\n<p class="Normal">Với mức ch&ecirc;nh lệch gi&aacute; th&agrave;nh v&agrave; gi&aacute; b&aacute;n trong năm 2011, được c&ocirc;ng bố chiều 3/12, EVN lỗ 5.297 tỷ đồng. Nếu t&iacute;nh đến thu nhập từ c&aacute;c hoạt động c&oacute; li&ecirc;n quan đến sản xuất kinh doanh điện như l&atilde;i tiền gửi, lợi nhuận từ hoạt động đầu tư v&agrave;o c&aacute;c c&ocirc;ng ty cổ phần ph&aacute;t điện, thu nhập từ thanh l&yacute;, nhượng b&aacute;n t&agrave;i sản cố định v&agrave; vật tư thu hồi năm 2011, EVN lỗ 3.181 tỷ đồng.</p>\r\n\r\n<p class="Normal">Tổng c&aacute;c khoản chi ph&iacute; chưa được t&iacute;nh v&agrave;o gi&aacute; th&agrave;nh sản xuất kinh doanh điện đến hết 31/12/2011 l&agrave; hơn 26.700 tỷ đồng. Trong đ&oacute;, ch&ecirc;nh lệch tỷ gi&aacute; chưa được ph&acirc;n bổ đến ng&agrave;y 31/12/2011 l&agrave; hơn 26.660 tỷ đồng. Chi ph&iacute; tiếp nhận lưới điện hạ &aacute;p n&ocirc;ng th&ocirc;n chưa được ph&acirc;n bổ l&agrave; hơn 64 tỷ đồng.</p>\r\n\r\n<p class="Normal">Ph&oacute; tổng gi&aacute;m đốc Tập đo&agrave;n Điện lực Việt Nam Đinh Quang Tri cho hay, do năm nay t&igrave;nh h&igrave;nh tỷ gi&aacute; tương đối ổn định, trong khi đ&oacute; nước về nhiều, thủy điện tăng n&ecirc;n khả năng tập đo&agrave;n sẽ c&oacute; l&atilde;i. Kh&ocirc;ng c&ocirc;ng bố mức l&atilde;i dự kiến l&agrave; bao nhi&ecirc;u, &ocirc;ng chỉ cho biết năm 2010, EVN lỗ 8.000 tỷ đồng, năm 2011 lỗ hơn 3.000 tỷ đồng. &ldquo;Năm 2012, ch&uacute;ng t&ocirc;i dự kiến sẽ b&ugrave; lỗ cho c&aacute;c năm trước 3.500 -4.000 tỷ đồng&rdquo;, &ocirc;ng Tri khẳng định.</p>\r\n\r\n<p class="Normal">&Ocirc;ng Đỗ Gia Phan, Ph&oacute; Chủ tịch Hội ti&ecirc;u chuẩn v&agrave; Bảo vệ Người ti&ecirc;u d&ugrave;ng cho hay, gi&aacute; th&agrave;nh điện hiện nay bao gồm cả chi ph&iacute; thuộc về ch&iacute;nh s&aacute;ch của Nh&agrave; nước như cải tạo lưới điện n&ocirc;ng th&ocirc;n, b&ugrave; gi&aacute; cho v&ugrave;ng s&acirc;u v&ugrave;ng xa&hellip;l&agrave; chưa hợp l&yacute;. Thị trường ph&aacute;t điện cạnh tranh mới chỉ bắt đầu h&igrave;nh th&agrave;nh, trong khi đ&oacute;, thị trường ph&acirc;n phối điện cạnh tranh lại chưa c&oacute;. &ldquo;Điều quan trọng nhất l&agrave; phải r&uacute;t ngắn thời gian h&igrave;nh th&agrave;nh thị trường ph&aacute;t điện cạnh tranh v&agrave; t&aacute;ch chi ph&iacute; li&ecirc;n quan đến ch&iacute;nh s&aacute;ch Nh&agrave; nước ri&ecirc;ng thay v&igrave; t&iacute;nh v&agrave;o gi&aacute; diện để người d&acirc;n đỡ phải phải g&aacute;nh&rdquo;, &ocirc;ng Phan n&oacute;i.</p>\r\n\r\n<p class="Normal">Trước đ&oacute;, theo Quyết định ph&ecirc; duyệt Kế hoạch sản xuất kinh doanh v&agrave; đầu tư ph&aacute;t triển 5 năm 2011 - 2015 của Tập đo&agrave;n Điện lực Việt Nam (EVN), Thủ tướng n&ecirc;u r&otilde;, sẽ ph&acirc;n bổ c&aacute;c khoản lỗ do sản xuất kinh doanh điện chưa t&iacute;nh hết v&agrave;o gi&aacute; điện từ trước năm 2011 cho c&aacute;c năm 2012 v&agrave; 2013. Đồng thời Thủ tướng nhấn mạnh ph&acirc;n bổ c&aacute;c khoản ch&ecirc;nh lệch tỷ gi&aacute; trong giai đoạn từ năm 2012 đến năm 2015 theo hướng dẫn của Bộ T&agrave;i ch&iacute;nh. Từng bước n&acirc;ng dần gi&aacute; b&aacute;n điện, đến năm 2013 gi&aacute; b&aacute;n điện b&igrave;nh qu&acirc;n theo gi&aacute; thị trường.</p>\r\n\r\n<p>Xung quanh vấn đề nợ nần của EVN, &ocirc;ng Tri cho hay, Tập đo&agrave;n đ&atilde; k&yacute; kết với PetroVietnam về khoản nợ năm 2011. &ldquo;Ch&uacute;ng t&ocirc;i đ&atilde; &lsquo;khoanh&rsquo; khoản nợ, chuyển từ nợ tiền điện sang nợ trả dần. Thời gian trả nợ chưa quyết bởi c&ograve;n phụ thuộc v&agrave;o t&igrave;nh h&igrave;nh t&agrave;i ch&iacute;nh của EVN&quot;, &ocirc;ng Tri n&oacute;i. EVN cũng cho biết, dự kiến Tập đo&agrave;n sẽ ph&aacute;t h&agrave;nh 9.000 tỷ đồng tr&aacute;i phiếu. <span>&nbsp;</span></p>\r\n', 'Giá điện năm sau có thể lại tăng', 0),
(37, 11, 'Nội bộ', '2012-12-14 18:23:24', '<p style="text-align: center;"><img alt="" src="https://lh5.googleusercontent.com/-ruLXCmqHuN0/UMa4IdBx2_I/AAAAAAAABOo/n6b6uX9skVg/s400/DSCN0519.JPG" style="width: 400px; height: 300px;" /></p>\r\n\r\n<p>Đ&ecirc;m ng&agrave;y 13/8 c&oacute; hơn 250 em thanh thiếu nhi trong x&atilde; v&agrave; c&aacute;c v&ugrave;ng l&acirc;n cận về nhận qu&agrave; Trung Thu v&agrave; Tết Thiếu Nhi.</p>\r\n\r\n<p>C&aacute;c em đ&atilde; c&ugrave;ng nhau sinh hoạt tr&ograve; chơi tập thể, đố vui đặc biệt tiết mục khuyến kh&iacute;ch x&acirc;y dựng ước mơ trong tương lai.</p>\r\n\r\n<p>Trong đ&oacute; c&aacute;c phần qu&agrave; t&agrave;i trợ gồm c&oacute;:</p>\r\n\r\n<ul>\r\n	<li>Lồng đ&egrave;n (Phật Tử Diệu Lộc ở Th&agrave;nh Phố Vĩnh Long).</li>\r\n	<li>B&aacute;nh Trung Thu (Phật Tử Lộc Sương Ch&acirc;u Đốc An Giang).</li>\r\n</ul>\r\n\r\n<p>Sau đ&acirc;y l&agrave; một số h&igrave;nh ảnh ti&ecirc;u biểu của buổi lễ.</p>\r\n\r\n<p style="text-align: center;"><img alt="Các em nhỏ hưởng ứng nhiệt liệt trò chơi và câu đố" src="https://lh6.googleusercontent.com/-gU7M-xSZNy4/UMa4Gcr24eI/AAAAAAAABOQ/NL5jZQqjyaQ/s400/DSCN0513.JPG" style="width: 400px; height: 300px;" /></p>\r\n\r\n<p style="text-align: center;">C&aacute;c em nhỏ nhiệt liệt hưởng ứng c&aacute;c tr&ograve; chơi v&agrave; c&acirc;u đố</p>\r\n\r\n<p style="text-align: center;"><img alt="Cô Thanh phổ biến trò chơi" src="https://lh6.googleusercontent.com/-brVSeRllOiE/UMa4TXQ-ttI/AAAAAAAABQ8/zoVwLzFUios/s400/DSCN0542.JPG" style="width: 400px; height: 300px;" /></p>\r\n\r\n<p style="text-align: center;">C&ocirc; Thanh phổ biến tr&ograve; chơi</p>\r\n\r\n<p style="text-align: center;"><img alt="Nét mặt vui cười hớn hở của các em nhỏ khi nhận quà" src="https://lh5.googleusercontent.com/-HbFUTz91nRo/UMa4XGzKdQI/AAAAAAAABRg/n_ADujCqWBM/s400/DSCN0547.JPG" style="width: 400px; height: 300px;" /></p>\r\n\r\n<p style="text-align: center;">&quot;Chờ t&iacute; ! Sẽ đến phi&ecirc;n con.&quot;</p>\r\n\r\n<p style="text-align: center;">&nbsp;</p>\r\n\r\n<p style="text-align: center;">&nbsp;</p>\r\n', 'Tết Trung Thu 2012', 0);

-- --------------------------------------------------------

--
-- Structure de la table `chuagiacquang_pagoda`
--

CREATE TABLE IF NOT EXISTS `chuagiacquang_pagoda` (
  `id` int(11) NOT NULL AUTO_INCREMENT,
  `name` varchar(50) COLLATE utf8_unicode_ci NOT NULL,
  `phone` varchar(12) COLLATE utf8_unicode_ci NOT NULL,
  `address` varchar(150) COLLATE utf8_unicode_ci NOT NULL,
  `website` varchar(150) COLLATE utf8_unicode_ci NOT NULL,
  `master` varchar(128) COLLATE utf8_unicode_ci NOT NULL,
  PRIMARY KEY (`id`)
) ENGINE=InnoDB  DEFAULT CHARSET=utf8 COLLATE=utf8_unicode_ci AUTO_INCREMENT=8 ;

--
-- Contenu de la table `chuagiacquang_pagoda`
--

INSERT INTO `chuagiacquang_pagoda` (`id`, `name`, `phone`, `address`, `website`, `master`) VALUES
(4, 'Chùa Hồng Liên', '', 'ấp Tân Hậu, xã Tân Thuận Tây, thành phố Cao Lãnh, Đồng Tháp', 'Chưa có', 'Thượng Tọa Thích Thiện Xuân'),
(5, 'Chùa Pháp Quang', '', 'Phú Quốc, Kiên Giang', 'chưa có', 'Đại đức Thích Minh Pháp'),
(6, ' Tịnh xá Ngọc Châu Như (tịnh xá Cô Chu)', '', 'Sóc Trăng', 'Chưa có', 'Thích Nữ Tâm Liên'),
(7, 'CHÙA TIÊN CHÂU', '', 'LONG HỒ-TỈNH VĨNH LONG', '', '');

-- --------------------------------------------------------

--
-- Structure de la table `chuagiacquang_user`
--

CREATE TABLE IF NOT EXISTS `chuagiacquang_user` (
  `id` int(11) NOT NULL AUTO_INCREMENT,
  `email` varchar(200) COLLATE utf8_unicode_ci DEFAULT NULL,
  `pass` varchar(256) COLLATE utf8_unicode_ci DEFAULT NULL,
  `pass2` varchar(256) COLLATE utf8_unicode_ci NOT NULL,
  `gender` int(11) NOT NULL,
  `note` varchar(200) COLLATE utf8_unicode_ci DEFAULT NULL,
  `datecreate` timestamp NOT NULL DEFAULT CURRENT_TIMESTAMP,
  `dateupdate` timestamp NOT NULL DEFAULT '0000-00-00 00:00:00',
  `dateactivity` timestamp NOT NULL DEFAULT '0000-00-00 00:00:00',
  `type` tinyint(4) NOT NULL,
  PRIMARY KEY (`id`)
) ENGINE=InnoDB  DEFAULT CHARSET=utf8 COLLATE=utf8_unicode_ci AUTO_INCREMENT=4 ;

--
-- Contenu de la table `chuagiacquang_user`
--

INSERT INTO `chuagiacquang_user` (`id`, `email`, `pass`, `pass2`, `gender`, `note`, `datecreate`, `dateupdate`, `dateactivity`, `type`) VALUES
(1, 'tuanbuithanh@gmail.com', 'WHa3/wsMpuVHlDy+Y8Zb+EDkccANR4eKdzU9/dqLRUc=', '', 1, ' ', '0000-00-00 00:00:00', '0000-00-00 00:00:00', '0000-00-00 00:00:00', 4),
(2, 'thanhphong@gmail.com', 'WHa3/wsMpuVHlDy+Y8Zb+EDkccANR4eKdzU9/dqLRUc=', '', 1, '', '0000-00-00 00:00:00', '0000-00-00 00:00:00', '0000-00-00 00:00:00', 4),
(3, 'tnhuethanh@yahoo.com', 'WHa3/wsMpuVHlDy+Y8Zb+EDkccANR4eKdzU9/dqLRUc=', '', 1, '', '0000-00-00 00:00:00', '0000-00-00 00:00:00', '0000-00-00 00:00:00', 4);

-- --------------------------------------------------------

--
-- Structure de la table `chuagiacquang_video`
--

CREATE TABLE IF NOT EXISTS `chuagiacquang_video` (
  `id` int(11) NOT NULL AUTO_INCREMENT,
  `name` varchar(125) CHARACTER SET utf8 COLLATE utf8_unicode_ci NOT NULL,
  `time` timestamp NOT NULL DEFAULT CURRENT_TIMESTAMP ON UPDATE CURRENT_TIMESTAMP,
  `url` varchar(125) CHARACTER SET utf8 COLLATE utf8_unicode_ci NOT NULL,
  `note` varchar(125) CHARACTER SET utf8 COLLATE utf8_unicode_ci NOT NULL,
  `count` int(11) NOT NULL,
  PRIMARY KEY (`id`)
) ENGINE=InnoDB  DEFAULT CHARSET=latin1 AUTO_INCREMENT=140 ;

--
-- Contenu de la table `chuagiacquang_video`
--

INSERT INTO `chuagiacquang_video` (`id`, `name`, `time`, `url`, `note`, `count`) VALUES
(9, 'Biến Ước Mơ Thành Sự Thật', '2012-11-20 00:55:05', 'http://www.youtube.com/embed/yuy2hilbyqE', '', 5),
(10, 'Hố Sâu Ngăn Cách', '2012-11-20 00:54:23', 'http://www.youtube.com/embed/J1_HT4IGICw', '', 7),
(11, 'Tội Và Phước', '2012-11-17 16:29:50', 'http://www.youtube.com/embed/aAQwZS1i_rs', '', 13),
(12, 'Dòng Nghiệp Chướng', '2012-11-18 06:35:03', 'http://www.youtube.com/embed/M29KR3VkdUo', '', 3),
(13, 'Vô Ngã Giữa Đời Thường [HD]', '2012-11-17 06:52:50', 'http://www.youtube.com/embed/MNBjtremBnM', '', 3),
(14, 'Phật Pháp Tại Thế Gian', '2012-11-17 06:52:50', 'http://www.youtube.com/embed/oYViLfDnneI', '', 2),
(15, 'Phật Ơi Con Biết Khổ Rồi', '2012-11-19 19:54:06', 'http://www.youtube.com/embed/DfhVpwZvPsw', '', 11),
(16, '10 Đều Tâm Niệm', '2012-11-17 06:52:50', 'http://www.youtube.com/embed/61Lg9EXMros', '', 2),
(17, 'Hoan Hỷ Đắt Thiền, Buồn Phiền Sanh Bệnh', '2012-11-17 06:52:50', 'http://www.youtube.com/embed/QRkww94txys', '', 8),
(18, 'Công Năng Của Thập Chú', '2012-11-19 18:50:54', 'http://www.youtube.com/embed/UGRSrdWyhgo', '', 5),
(19, 'Tạo Phước Trong Mùa An Cư', '2012-11-17 06:52:50', 'http://www.youtube.com/embed/HMCb_Zlp8Os', '', 5),
(20, 'Bốn Trạng Thái Tâm Với Bốn Quả Táo', '2012-11-17 06:52:50', 'http://www.youtube.com/embed/gWQvq5Xe_oA', '', 2),
(21, 'Sức Mạnh Của Tâm', '2012-11-17 06:52:50', 'http://www.youtube.com/embed/ehtdpxg--5s', '', 3),
(22, 'Rồng - Một Trong Tứ Linh', '2012-11-17 06:52:50', 'http://www.youtube.com/embed/11oDTJoJeNA', '', 2),
(23, '9 Pháp Chướng Đạo', '2012-11-17 06:52:50', 'http://www.youtube.com/embed/wniG6JS_Lr4', '', 5),
(24, 'Những Phương Pháp Chúng Đạo', '2012-11-17 06:52:50', 'http://www.youtube.com/embed/LByoCiHNt5U', '', 2),
(25, 'Tu Thân Tu Tâm', '2012-11-19 19:47:16', 'http://www.youtube.com/embed/jY-zo3e3SJw', '', 8),
(26, '10 Điều Lành Và Vấn Đáp', '2012-11-20 13:42:24', 'http://www.youtube.com/embed/znIievCcC9w', '', 5),
(27, 'Điều Kiện Để Tiến Tu', '2012-11-17 06:52:50', 'http://www.youtube.com/embed/kCJBIcl3-rI', '', 1),
(28, 'Người Dễ Thương', '2012-11-17 06:52:50', 'http://www.youtube.com/embed/bZItt1Q9cBM', '', 1),
(29, 'Tịnh Hóa Thân Tâm - Phần 3', '2012-11-17 06:52:50', 'http://www.youtube.com/embed/vV2mJYiLymg', '', 1),
(30, 'Tịnh Hóa Thân Tâm - Phần 2', '2012-11-17 06:52:50', 'http://www.youtube.com/embed/V3e93jru5qs', '', 1),
(31, 'Tịnh Hóa Thân Tâm - Phần 1', '2012-11-17 06:52:50', 'http://www.youtube.com/embed/zvFD1OjG7fk', '', 5),
(32, 'Niềm Vui Cho Mình', '2012-11-17 06:52:50', 'http://www.youtube.com/embed/FP77fTC-qXk', '', 6),
(33, 'Phần 2 - Ý Nghĩa Kinh Bổn Nguyện Công Đức Của Phật Dược Sư', '2012-11-21 20:25:57', 'http://www.youtube.com/embed/qH5JnmYX2dY', '', 1),
(34, 'Phần 1 - Ý Nghĩa Kinh Bổn Nguyện Công Đức của Phật Dược Sư', '2012-11-17 06:52:50', 'http://www.youtube.com/embed/UwF5d49LE8Q', '', 0),
(35, 'Phần 3 - Ý Nghĩa Kinh Bổn Nguyện Công Đức Của Phật Dược Sư', '2012-11-17 06:52:50', 'http://www.youtube.com/embed/Xyrk-Vo2uOI', '', 0),
(36, 'Hàng phục kỳ tâm', '2012-11-17 06:52:50', 'http://www.youtube.com/embed/U6fqJRpJa6s', '', 0),
(37, 'Vọng cố nhân', '2012-11-17 06:52:50', 'http://www.youtube.com/embed/v1sA6zv_Vmg', '', 1),
(38, 'Tam vô lậu học', '2012-11-17 06:52:50', 'http://www.youtube.com/embed/N9w2OUNizd4', '', 0),
(39, 'Sáu nấc thang tịnh hóa tâm hồn', '2012-11-17 06:52:50', 'http://www.youtube.com/embed/_ONLoUBUNYo', '', 0),
(40, 'Giàu Có Trong Phật Pháp', '2012-11-19 23:10:45', 'http://www.youtube.com/embed/WiphoXEugeo', '', 3),
(41, 'Hai nẻo âm dương một đường giao cảm', '2012-11-17 06:52:50', 'http://www.youtube.com/embed/fLm8DAUVUcI', '', 1),
(42, 'Chúng Con Vẫn Mãi Chờ Đợi Ngài', '2012-11-17 06:52:50', 'http://www.youtube.com/embed/QsnX1zYI334', '', 0),
(43, 'Khổ Khổ', '2012-11-17 06:52:50', 'http://www.youtube.com/embed/tqQdP4KiDeY', '', 0),
(44, 'Thương', '2012-11-17 06:52:50', 'http://www.youtube.com/embed/2d5XAj58qFE', '', 1),
(45, 'Phật', '2012-11-17 06:52:50', 'http://www.youtube.com/embed/Uk1W9ryzvWk', '', 0),
(46, 'Y Báo và Chánh Báo', '2012-11-17 06:52:50', 'http://www.youtube.com/embed/_P7sbXwtXvg', '', 2),
(47, 'Tịnh Độ', '2012-11-17 06:52:50', 'http://www.youtube.com/embed/09zTquhPJvQ', '', 1),
(48, 'Ở hiền gặp lành', '2012-11-19 04:36:23', 'http://www.youtube.com/embed/VS3TarjCsQo', '', 3),
(49, 'Ý nghĩa hoa sen', '2012-11-19 23:55:55', 'http://www.youtube.com/embed/xckYowCGWoc', '', 2),
(50, 'Niềm tin và trí tuệ', '2012-11-17 06:49:56', 'http://www.youtube.com/embed/rXUhqagQx0g', '', 1),
(51, 'Hoằng pháp: 1.Khái niệm', '2012-11-17 06:49:56', 'http://www.youtube.com/embed/ebQ1m72eIAA', '', 1),
(52, 'Lửa', '2012-11-19 23:56:04', 'http://www.youtube.com/embed/HXBpOtxzRoY', '', 2),
(53, 'Thương và ghét', '2012-11-17 06:49:56', 'http://www.youtube.com/embed/anauCve9-8w', '', 0),
(54, 'Nhất Dạ Hiền Giả', '2012-11-17 06:49:56', 'http://www.youtube.com/embed/mZ4uBVVAloo', '', 0),
(55, 'Kinh Ba Cửa Giải Thoát (Kinh Pháp Ấn) (Kỳ 2)', '2012-11-17 06:49:56', 'http://www.youtube.com/embed/KgXBcMxepoI', '', 0),
(56, 'Kinh Ba Cửa Giải Thoát (Kinh Pháp Ấn) (Kỳ 1)', '2012-11-17 06:49:56', 'http://www.youtube.com/embed/vuF1SAD47L8', '', 0),
(57, 'Ăn Trong Chánh Niệm', '2012-11-17 06:49:56', 'http://www.youtube.com/embed/w0IDI5ThCqQ', '', 0),
(58, 'Chướng Ngại Của Cái Tôi', '2012-11-17 06:49:56', 'http://www.youtube.com/embed/V5ZkI3Q3daw', '', 0),
(59, 'Cúng Dường Đúng Pháp', '2012-11-17 06:49:56', 'http://www.youtube.com/embed/B1wssmZX0pg', '', 0),
(60, 'Soi Sáng 40: Chuỗi Ngọc Vô Tận Ý - Bát Nhã', '2012-11-17 06:49:56', 'http://www.youtube.com/embed/uC7CHVjzH8g', '', 0),
(61, 'Câu Chuyện Dòng Sông', '2012-11-17 06:49:56', 'http://www.youtube.com/embed/LlgTWc3G-Vc', '', 1),
(62, 'Nghe hoa thuyết pháp', '2012-11-17 06:49:56', 'http://www.youtube.com/embed/esdWQbPnzTk', '', 0),
(64, 'Nhạc Đạo Vào Đời', '2012-11-17 06:49:57', 'http://www.youtube.com/embed/w1cFI_-pBXg', '', 0),
(65, 'Ý Nghĩa 12 Lời Nguyện Niệm Phật', '2012-11-17 06:49:57', 'http://www.youtube.com/embed/HrdKsLuU-bY', '', 0),
(66, 'Hai Đời Vui', '2012-11-17 06:49:57', 'http://www.youtube.com/embed/ZMGHzL3IJ4M', '', 0),
(67, 'Bổn phận tu học Phật ', '2012-11-17 06:49:57', 'http://www.youtube.com/embed/KxMBFIrCS6M', '', 0),
(68, 'Tài sản không bao giờ mất', '2012-11-17 06:49:57', 'http://www.youtube.com/embed/yvdq4VqawRk', '', 0),
(69, 'Chọn Pháp Tu Thời Mạt Pháp', '2012-11-17 06:49:57', 'http://www.youtube.com/embed/FT5rx_qWWXk', '', 1),
(70, 'Chữ Hiếu Trong Tinh Thần Nhà Phật', '2012-11-17 06:49:57', 'http://www.youtube.com/embed/2yTMrXg-B1A', '', 0),
(71, 'Công Đức Niệm Phật', '2012-11-17 06:49:57', 'http://www.youtube.com/embed/nDNfftWaF2w', '', 1),
(72, 'Hoằng Pháp Và Hộ Pháp', '2012-11-17 06:49:57', 'http://www.youtube.com/embed/DgXI7Z_BA50', '', 0),
(73, 'Hiểu Lời Phật Để Bớt Khổ Đau', '2012-11-17 06:49:57', 'http://www.youtube.com/embed/e99XmzoXzW4', '', 0),
(74, 'Ý NGHĨA PHÓNG SANH', '2012-11-17 06:49:57', 'http://www.youtube.com/embed/h88jlqLRarQ', '', 0),
(75, 'Tâm Hiếu Là Tâm Phật', '2012-11-17 06:49:57', 'http://www.youtube.com/embed/XfEoMWmPT4g', '', 0),
(76, 'AI LÀM CHO TA KHỔ', '2012-11-17 06:49:57', 'http://www.youtube.com/embed/kDCkfSXAZ7I', '', 0),
(77, 'LẼ THẬT CUỘC ĐỜI', '2012-11-17 06:49:57', 'http://www.youtube.com/embed/dTd7gqSJO28', '', 0),
(78, 'Mắt Mù Nhưng Tâm Không Mù', '2012-11-17 06:49:57', 'http://www.youtube.com/embed/qEBhed5CMZE', '', 0),
(79, 'Chuyển hoá tâm khổ đau', '2012-11-17 06:49:57', 'http://www.youtube.com/embed/6R26Qq3ROSg', '', 0),
(80, 'Vòng Tay Yêu Thương', '2012-11-17 06:49:57', 'http://www.youtube.com/embed/Cgs6xleYdJg', '', 0),
(81, 'Hãy Nở Một Nụ Cười', '2012-11-17 06:49:57', 'http://www.youtube.com/embed/TBvKinfc9hI', '', 0),
(82, 'Một Ngày Trôi Qua Là Đến Gần Với Cái Chết', '2012-11-17 06:49:57', 'http://www.youtube.com/embed/8nqjTK78gBc', '', 1),
(83, 'Giá Trị Của Sự Tụng Kinh', '2012-11-18 05:53:53', 'http://www.youtube.com/embed/zdSXPnMOklw', '', 3),
(85, 'Thứ Tài Sản Không Bao Giờ Mất', '2012-11-17 06:49:57', 'http://www.youtube.com/embed/PCGQOqMZc6k', '', 0),
(86, 'Chuẩn Bị Tư Lương', '2012-11-18 05:54:08', 'http://www.youtube.com/embed/yZ6PdrbWkq4', '', 1),
(87, 'Thân Người Khó Được Phật Pháp Khó Nghe', '2012-11-18 05:54:11', 'http://www.youtube.com/embed/2235LiLGess', '', 1),
(88, 'HẠNH PHÚC NGƯỜI PHẬT TỬ 1', '2012-11-23 17:37:54', 'http://www.youtube.com/embed/1MlhGosY6vQ', 'HẠNH PHÚC NGƯỜI PHẬT TỬ 1', 16),
(89, 'Hãy Cứu Lấy Mình', '2012-11-17 06:49:57', 'http://www.youtube.com/embed/GoJX-KbP1OA', '', 1),
(90, 'Đi Tìm Chốn Bình Yên', '2012-11-17 06:49:57', 'http://www.youtube.com/embed/ZgACq5OPqUg', '', 0),
(91, 'Bố Thí', '2012-11-17 06:49:57', 'http://www.youtube.com/embed/a-odzZgIV5g', '', 1),
(92, 'Nhân Sinh Vô Thường', '2012-11-17 06:49:57', 'http://www.youtube.com/embed/HD2UB-1Ww0k', '', 0),
(93, 'Tu Hành', '2012-11-17 06:49:57', 'http://www.youtube.com/embed/HBAjSysai0w', '', 0),
(94, 'Ý Nghĩa Vu Lan', '2012-11-26 04:35:36', 'http://www.youtube.com/embed/qdNmi674hsI', 'Ý Nghĩa Vu Lan', 2),
(95, 'Đại lễ Vu Lan', '2012-11-26 04:37:25', 'http://www.youtube.com/embed/GxMCbbhsW3Q', 'Đại lễ Vu Lan', 1),
(96, 'Ý Nghĩa Của Qui Y Tam Bảo', '2012-11-26 04:39:06', 'http://www.youtube.com/embed/RE10VzMG01Y', 'Ý Nghĩa Của Qui Y Tam Bảo', 1),
(97, 'Bốn Niệm Pháp Phật Vãn Xanh', '2012-11-26 04:40:19', 'http://www.youtube.com/embed/bnuWmsb4baA', 'Bốn Niệm Pháp Phật Vãn Xanh', 3),
(98, 'Tám Điều Khuyên Dạy Của Pháp Môn Tu Tịnh Độ', '2012-11-26 04:41:40', 'http://www.youtube.com/embed/8QHg-oPaMPM', 'Tám Điều Khuyên Dạy Của Pháp Môn Tu Tịnh Độ', 10),
(99, ' Lễ Vu Lan Mừng Khánh Tuế Chư Tôn Đức ', '2012-11-26 04:45:52', 'http://www.youtube.com/embed/z5MPG_LX0Xo', ' Lễ Vu Lan Mừng Khánh Tuế Chư Tôn Đức ', 1),
(100, 'Ý Nghĩa Vu Lan ĐĐ Thích Minh Nhẫn', '2012-11-26 04:46:56', 'http://www.youtube.com/embed/8VI3Srzswhg', 'Ý Nghĩa Vu Lan ĐĐ Thích Minh Nhẫn', 1),
(101, 'Lễ Chuẩn Tế', '2012-11-26 04:48:03', 'http://www.youtube.com/embed/EEYfvdS8hgE', 'Lễ Chuẩn Tế', 1),
(102, 'Mắt Mù Nhưng Tâm Không Mù Sư Cô Thích Nữ Hương Nhủ', '2012-11-26 04:52:16', 'http://www.youtube.com/embed/qEBhed5CMZE', 'Mắt Mù Nhưng Tâm Không Mù Sư Cô Thích Nữ Hương Nhủ', 1),
(103, 'Lễ Cúng Dường Trai Tăng 2012 ', '2012-11-26 04:53:23', 'http://www.youtube.com/embed/9rrnYE2HuW4', 'Lễ Cúng Dường Trai Tăng 2012 ', 1),
(104, 'Phát Quà Từ Thiện Cho Người Mù 2012', '2012-11-26 04:54:35', 'http://www.youtube.com/embed/buDqcM3Eg_M', 'Phát Quà Từ Thiện Cho Người Mù 2012', 1),
(105, 'Lễ Trai Tăng Bà Khưu Thị Liên 91t', '2012-11-26 04:56:13', 'http://www.youtube.com/embed/73Wk92u2srs', 'Lễ Trai Tăng Bà Khưu Thị Liên 91t', 1),
(106, 'Lễ Chúc Thọ Bà Khưu Thị Liêng 91t ', '2012-11-26 04:57:16', 'http://www.youtube.com/embed/qFPUz3aS9oA', 'Lễ Chúc Thọ Bà Khưu Thị Liêng 91t ', 1),
(108, 'Thân Mẫu Phật Tử Mỹ Ngọc Vãng Sanh 3/10/2012', '2012-11-26 11:05:16', 'http://www.youtube.com/embed/Nltz8K9pHH4', 'Phật Tử Mỹ Ngọc Vãng Sanh 3/10/2012', 1),
(109, 'Bổn Pháp Vãn Sanh', '2012-11-27 05:31:09', 'http://www.youtube.com/embed/i62nIU-CSC8', 'Bổn Pháp Vãn Sanh', 1),
(110, 'Thân Người Khó Đươc Phật Pháp Khó Nghe TT Thích Thiện Xuân', '2012-11-27 05:32:18', 'http://www.youtube.com/embed/rBzR8nAzeK4', 'Thân Người Khó Đươc Phật Pháp Khó Nghe TT Thích Thiện Xuân', 1),
(111, ' Vô Thường Thích Tâm Khiết ', '2012-11-27 05:39:43', 'http://www.youtube.com/embed/6osbHGB9TDM', ' Vô Thường Thích Tâm Khiết ', 2),
(114, 'Bổn Pháp Vãng Sanh', '2012-11-27 05:31:09', 'http://www.youtube.com/embed/i62nIU-CSC8', 'Bổn Pháp Vãng Sanh', 3),
(115, 'Thân Người Khó Đươc Phật Pháp Khó Nghe', '2012-11-27 05:56:12', 'http://www.youtube.com/embed/rBzR8nAzeK4', 'Thân Người Khó Đươc Phật Pháp Khó Nghe', 12),
(117, 'KHÓA TU LẦN THỨ 50', '2012-11-29 23:35:24', 'http://www.youtube.com/embed/GIvtkLxO17k', '', 0),
(119, 'Chu Hiều Dạy Trong Luân Thường', '2012-12-02 14:42:32', 'http://www.youtube.com/embed/DbkDrimRNtU', 'Chu Hiều Dạy Trong Luân Thường', 9),
(120, 'Tiến Trình Tu Tập Vãng Sanh', '2012-12-02 14:51:05', 'http://www.youtube.com/embed/_RRa346Y5j0', 'Tiến Trình Tu Tập Vãng Sanh', 5),
(121, 'Phòng Và Điều Trị Bệnh Thân Và Tâm', '2012-12-02 14:55:29', 'http://www.youtube.com/embed/dYhitwgQGcg', 'Phòng Và Điều Trị Bệnh Thân Và Tâm', 1),
(122, 'Chuẩn Bị Tư Lương (Nguyên Phong)', '2012-12-02 14:58:42', 'http://www.youtube.com/embed/_YcVvqQ6HG4', 'Chuẩn Bị Tư Lương (Nguyên Phong)', 4),
(123, 'Nhẫn  Nhục Ba La Mật ', '2012-12-02 15:07:28', 'http://www.youtube.com/embed/qPz3VtnunYk', 'Nhẫn  Nhục Ba La Mật ', 1),
(124, 'HẠNH PHÚC NGƯỜI PHẬT TỬ 2', '2012-12-02 23:48:16', 'http://www.youtube.com/embed/WVy3kiMhmRk', 'HẠNH PHÚC NGƯỜI PHẬT TỬ 2', 55),
(127, 'Những Phương Pháp Chứng Đạo P1', '2012-12-03 17:36:32', 'http://www.youtube.com/embed/LByoCiHNt5U', 'Những Phương Pháp Chứng Đạo P1', 3),
(128, 'Những Phương Pháp Chứng Đạo P2', '2012-12-03 17:39:06', 'http://www.youtube.com/embed/-milwjLjjNg', 'Những Phương Pháp Chứng Đạo P2', 3),
(130, 'Ngọn Đèn Trí Huệ ', '2012-12-03 22:10:40', 'http://www.youtube.com/embed/qOzitG3Pg5Q', 'Ngọn Đèn Trí Huệ ', 4),
(131, 'Tìm Lại Tình Thương ', '2012-12-03 22:15:05', 'http://www.youtube.com/embed/po3MieMC-8I', 'Tìm Lại Tình Thương TT Thích Minh Thành ', 3),
(132, 'Hạnh Nguyện Quan Thế Âm Bồ Tát ', '2012-12-03 22:20:41', 'http://www.youtube.com/embed/jF5TfcHAYfw', 'Hạnh Nguyện Quan Thế Âm Bồ Tát ', 1),
(133, 'Chết Trong Sự Sống ', '2012-12-04 15:46:58', 'http://www.youtube.com/embed/y4serrtE6PU', 'Chết Trong Sự Sống ', 6),
(134, 'Đức Phật Một Nhà Đại Giáo Dục ', '2012-12-06 02:35:39', 'http://www.youtube.com/embed/GIvtkLxO17k', 'Đức Phật Một Nhà Đại Giáo Dục ', 1),
(135, 'Chết Đi Về Đâu', '2012-12-06 02:40:08', 'http://www.youtube.com/embed/6eJqSsaeaaw', 'Chết Đi Về Đâu', 2),
(136, 'Cúng Dường Tam Bảo ', '2012-12-06 02:41:31', 'http://www.youtube.com/embed/ENFz5MpV4ro', 'Cúng Dường Tam Bảo ', 2),
(137, 'Tu Là Nguồn An Lạc Hạnh Phúc', '2012-12-06 02:44:28', 'http://www.youtube.com/embed/x97nSc4Kj6M', 'Tu Là Nguồn An Lạc Hạnh Phúc', 11),
(138, 'Đường Về Cực Lạc', '2012-12-06 02:46:06', 'http://www.youtube.com/embed/bg7ZaiQiWvA', 'Đường Về Cực Lạc', 1),
(139, 'NHỮNG ĐIỀU PHẬT TỬ CẦN LÀM', '2012-12-17 18:15:33', 'http://www.youtube.com/embed/739rJP7nxMg', 'NHỮNG ĐIỀU PHẬT TỬ CẦN LÀM', 5);

-- --------------------------------------------------------

--
-- Structure de la table `chuagiacquang_video_monk`
--

CREATE TABLE IF NOT EXISTS `chuagiacquang_video_monk` (
  `id` int(11) NOT NULL AUTO_INCREMENT,
  `id_video` int(11) NOT NULL,
  `id_monk` int(11) NOT NULL,
  `id_category` int(11) NOT NULL,
  PRIMARY KEY (`id`),
  KEY `foreign_field` (`id_video`,`id_monk`,`id_category`),
  KEY `chuagiacquang_video_monk_2` (`id_monk`),
  KEY `chuagiacquang_video_monk_3` (`id_category`)
) ENGINE=InnoDB  DEFAULT CHARSET=latin1 AUTO_INCREMENT=126 ;

--
-- Contenu de la table `chuagiacquang_video_monk`
--

INSERT INTO `chuagiacquang_video_monk` (`id`, `id_video`, `id_monk`, `id_category`) VALUES
(1, 9, 1, 1),
(86, 10, 1, 1),
(2, 10, 1, 3),
(87, 11, 1, 1),
(3, 11, 1, 3),
(88, 12, 1, 1),
(4, 12, 1, 3),
(89, 13, 1, 1),
(5, 13, 1, 3),
(90, 14, 1, 1),
(6, 14, 1, 3),
(7, 15, 1, 3),
(8, 16, 1, 3),
(91, 17, 1, 1),
(9, 17, 2, 3),
(92, 18, 1, 1),
(10, 18, 2, 3),
(11, 19, 2, 3),
(12, 20, 2, 3),
(13, 21, 2, 3),
(14, 22, 2, 3),
(15, 23, 2, 3),
(16, 24, 2, 3),
(17, 25, 3, 3),
(18, 26, 3, 3),
(19, 27, 3, 3),
(20, 28, 3, 3),
(21, 29, 3, 3),
(22, 30, 3, 3),
(23, 31, 3, 3),
(24, 32, 3, 3),
(25, 33, 4, 3),
(26, 34, 4, 3),
(27, 35, 4, 3),
(28, 36, 4, 3),
(29, 37, 4, 3),
(30, 38, 5, 3),
(31, 39, 5, 3),
(32, 40, 9, 3),
(33, 41, 5, 3),
(34, 42, 5, 3),
(35, 43, 6, 3),
(36, 44, 6, 3),
(37, 45, 6, 3),
(38, 46, 6, 3),
(39, 47, 6, 3),
(40, 48, 7, 3),
(41, 49, 7, 3),
(42, 50, 7, 3),
(43, 51, 7, 3),
(44, 52, 7, 3),
(45, 53, 8, 3),
(46, 54, 8, 3),
(47, 55, 8, 3),
(48, 56, 8, 3),
(49, 57, 8, 3),
(50, 58, 9, 3),
(51, 59, 9, 3),
(52, 60, 9, 3),
(53, 61, 9, 3),
(54, 62, 9, 3),
(56, 64, 10, 3),
(57, 65, 10, 3),
(58, 66, 10, 3),
(59, 67, 10, 3),
(60, 68, 11, 3),
(61, 69, 11, 3),
(62, 70, 11, 3),
(63, 71, 11, 3),
(64, 72, 11, 3),
(65, 73, 12, 3),
(66, 74, 12, 3),
(67, 75, 12, 3),
(68, 76, 12, 3),
(69, 77, 12, 3),
(70, 78, 13, 3),
(71, 79, 13, 3),
(72, 80, 13, 3),
(73, 81, 13, 3),
(74, 82, 13, 3),
(75, 83, 14, 3),
(77, 85, 14, 3),
(78, 86, 14, 3),
(79, 87, 14, 3),
(80, 88, 15, 11),
(81, 89, 16, 3),
(82, 90, 16, 3),
(83, 91, 16, 3),
(84, 92, 16, 3),
(85, 93, 16, 3),
(102, 94, 17, 1),
(98, 95, 17, 1),
(99, 96, 17, 1),
(100, 97, 17, 1),
(101, 98, 17, 1),
(93, 111, 16, 3),
(96, 114, 17, 1),
(97, 115, 17, 1),
(105, 119, 2, 3),
(106, 120, 2, 3),
(107, 121, 2, 3),
(108, 122, 14, 3),
(109, 123, 9, 3),
(110, 124, 15, 11),
(113, 127, 2, 3),
(114, 128, 2, 3),
(116, 130, 9, 3),
(117, 131, 5, 10),
(118, 132, 14, 3),
(119, 133, 18, 3),
(120, 134, 14, 3),
(121, 135, 14, 3),
(122, 136, 14, 3),
(123, 137, 14, 3),
(124, 138, 14, 3),
(125, 139, 15, 11);

-- --------------------------------------------------------

--
-- Structure de la table `chuagiacquang_video_pagoda`
--

CREATE TABLE IF NOT EXISTS `chuagiacquang_video_pagoda` (
  `id` int(11) NOT NULL AUTO_INCREMENT,
  `id_video` int(11) NOT NULL,
  `id_pagoda` int(11) NOT NULL,
  PRIMARY KEY (`id`),
  KEY `foreign_field` (`id_video`,`id_pagoda`),
  KEY `chuagiacquang_video_pagoda_2` (`id_pagoda`)
) ENGINE=InnoDB  DEFAULT CHARSET=latin1 AUTO_INCREMENT=25 ;

--
-- Contenu de la table `chuagiacquang_video_pagoda`
--

INSERT INTO `chuagiacquang_video_pagoda` (`id`, `id_video`, `id_pagoda`) VALUES
(7, 94, 4),
(8, 95, 4),
(9, 96, 4),
(10, 97, 4),
(11, 98, 4),
(12, 99, 5),
(13, 100, 5),
(14, 101, 5),
(15, 102, 6),
(16, 103, 6),
(17, 104, 6),
(18, 105, 6),
(19, 106, 6),
(21, 108, 6),
(22, 109, 4),
(23, 110, 4),
(24, 117, 7);

--
-- Contraintes pour les tables exportées
--

--
-- Contraintes pour la table `chuagiacquang_ask`
--
ALTER TABLE `chuagiacquang_ask`
  ADD CONSTRAINT `chuagiacquang_ask_1` FOREIGN KEY (`id_category`) REFERENCES `chuagiacquang_category_ask` (`id`) ON DELETE CASCADE ON UPDATE CASCADE;

--
-- Contraintes pour la table `chuagiacquang_news`
--
ALTER TABLE `chuagiacquang_news`
  ADD CONSTRAINT `chuagiacquang_news_1` FOREIGN KEY (`id_category`) REFERENCES `chuagiacquang_category_news` (`id`) ON DELETE CASCADE ON UPDATE CASCADE;

--
-- Contraintes pour la table `chuagiacquang_video_monk`
--
ALTER TABLE `chuagiacquang_video_monk`
  ADD CONSTRAINT `chuagiacquang_video_monk_1` FOREIGN KEY (`id_video`) REFERENCES `chuagiacquang_video` (`id`) ON DELETE CASCADE ON UPDATE CASCADE,
  ADD CONSTRAINT `chuagiacquang_video_monk_2` FOREIGN KEY (`id_monk`) REFERENCES `chuagiacquang_monk` (`id`) ON DELETE CASCADE ON UPDATE CASCADE,
  ADD CONSTRAINT `chuagiacquang_video_monk_3` FOREIGN KEY (`id_category`) REFERENCES `chuagiacquang_category_video` (`id`) ON DELETE CASCADE ON UPDATE CASCADE;

--
-- Contraintes pour la table `chuagiacquang_video_pagoda`
--
ALTER TABLE `chuagiacquang_video_pagoda`
  ADD CONSTRAINT `chuagiacquang_video_pagoda_1` FOREIGN KEY (`id_video`) REFERENCES `chuagiacquang_video` (`id`) ON DELETE CASCADE ON UPDATE CASCADE,
  ADD CONSTRAINT `chuagiacquang_video_pagoda_2` FOREIGN KEY (`id_pagoda`) REFERENCES `chuagiacquang_pagoda` (`id`) ON DELETE CASCADE ON UPDATE CASCADE;

/*!40101 SET CHARACTER_SET_CLIENT=@OLD_CHARACTER_SET_CLIENT */;
/*!40101 SET CHARACTER_SET_RESULTS=@OLD_CHARACTER_SET_RESULTS */;
/*!40101 SET COLLATION_CONNECTION=@OLD_COLLATION_CONNECTION */;
